,filename,label
0,aug_0,0
1,aug_1,1
2,aug_2,1
3,aug_3,1
4,aug_4,1
5,aug_5,1
6,aug_6,1
7,aug_7,1
8,aug_8,1
9,aug_9,0
10,aug_10,1
11,aug_11,0
12,aug_12,1
13,aug_13,1
14,aug_14,1
15,aug_15,1
16,aug_16,1
17,aug_17,1
18,aug_18,1
19,aug_19,0
20,aug_20,0
21,aug_21,1
22,aug_22,0
23,aug_23,1
24,aug_24,1
25,aug_25,1
26,aug_26,1
27,aug_27,1
28,aug_28,1
29,aug_29,0
30,aug_30,1
31,aug_31,0
32,aug_32,1
33,aug_33,1
34,aug_34,0
35,aug_35,1
36,aug_36,1
37,aug_37,1
38,aug_38,1
39,aug_39,1
40,aug_40,1
41,aug_41,1
42,aug_42,1
43,aug_43,0
44,aug_44,1
45,aug_45,0
46,aug_46,0
47,aug_47,1
48,aug_48,0
49,aug_49,1
50,aug_50,1
51,aug_51,1
52,aug_52,1
53,aug_53,0
54,aug_54,1
55,aug_55,1
56,aug_56,1
57,aug_57,1
58,aug_58,1
59,aug_59,1
60,aug_60,1
61,aug_61,0
62,aug_62,1
63,aug_63,1
64,aug_64,1
65,aug_65,1
66,aug_66,1
67,aug_67,1
68,aug_68,0
69,aug_69,1
70,aug_70,1
71,aug_71,1
72,aug_72,0
73,aug_73,0
74,aug_74,1
75,aug_75,0
76,aug_76,1
77,aug_77,1
78,aug_78,0
79,aug_79,1
80,aug_80,0
81,aug_81,0
82,aug_82,1
83,aug_83,1
84,aug_84,1
85,aug_85,1
86,aug_86,1
87,aug_87,1
88,aug_88,1
89,aug_89,0
90,aug_90,0
91,aug_91,0
92,aug_92,1
93,aug_93,0
94,aug_94,1
95,aug_95,1
96,aug_96,0
97,aug_97,1
98,aug_98,1
99,aug_99,1
100,aug_100,1
101,aug_101,1
102,aug_102,1
103,aug_103,0
104,aug_104,1
105,aug_105,1
106,aug_106,1
107,aug_107,1
108,aug_108,1
109,aug_109,1
110,aug_110,0
111,aug_111,0
112,aug_112,0
113,aug_113,1
114,aug_114,0
115,aug_115,1
116,aug_116,0
117,aug_117,0
118,aug_118,1
119,aug_119,0
120,aug_120,0
121,aug_121,0
122,aug_122,1
123,aug_123,1
124,aug_124,0
125,aug_125,1
126,aug_126,1
127,aug_127,1
128,aug_128,0
129,aug_129,0
130,aug_130,1
131,aug_131,1
132,aug_132,1
133,aug_133,0
134,aug_134,1
135,aug_135,1
136,aug_136,0
137,aug_137,1
138,aug_138,1
139,aug_139,1
140,aug_140,0
141,aug_141,1
142,aug_142,0
143,aug_143,1
144,aug_144,1
145,aug_145,1
146,aug_146,1
147,aug_147,0
148,aug_148,1
149,aug_149,1
150,aug_150,1
151,aug_151,1
152,aug_152,0
153,aug_153,0
154,aug_154,1
155,aug_155,1
156,aug_156,1
157,aug_157,1
158,aug_158,0
159,aug_159,1
160,aug_160,0
161,aug_161,1
162,aug_162,0
163,aug_163,1
164,aug_164,0
165,aug_165,1
166,aug_166,0
167,aug_167,1
168,aug_168,1
169,aug_169,0
170,aug_170,0
171,aug_171,1
172,aug_172,0
173,aug_173,0
174,aug_174,1
175,aug_175,0
176,aug_176,0
177,aug_177,1
178,aug_178,1
179,aug_179,1
180,aug_180,1
181,aug_181,1
182,aug_182,0
183,aug_183,1
184,aug_184,0
185,aug_185,1
186,aug_186,1
187,aug_187,1
188,aug_188,1
189,aug_189,1
190,aug_190,1
191,aug_191,1
192,aug_192,1
193,aug_193,0
194,aug_194,1
195,aug_195,0
196,aug_196,1
197,aug_197,1
198,aug_198,1
199,aug_199,1
200,aug_200,1
201,aug_201,1
202,aug_202,1
203,aug_203,0
204,aug_204,0
205,aug_205,1
206,aug_206,0
207,aug_207,1
208,aug_208,1
209,aug_209,1
210,aug_210,1
211,aug_211,1
212,aug_212,1
213,aug_213,0
214,aug_214,1
215,aug_215,0
216,aug_216,1
217,aug_217,1
218,aug_218,0
219,aug_219,1
220,aug_220,1
221,aug_221,1
222,aug_222,1
223,aug_223,1
224,aug_224,1
225,aug_225,1
226,aug_226,1
227,aug_227,0
228,aug_228,1
229,aug_229,0
230,aug_230,0
231,aug_231,1
232,aug_232,0
233,aug_233,1
234,aug_234,1
235,aug_235,1
236,aug_236,1
237,aug_237,0
238,aug_238,1
239,aug_239,1
240,aug_240,1
241,aug_241,1
242,aug_242,1
243,aug_243,1
244,aug_244,1
245,aug_245,0
246,aug_246,1
247,aug_247,1
248,aug_248,1
249,aug_249,1
250,aug_250,1
251,aug_251,1
252,aug_252,0
253,aug_253,1
254,aug_254,1
255,aug_255,1
256,aug_256,0
257,aug_257,0
258,aug_258,1
259,aug_259,0
260,aug_260,1
261,aug_261,1
262,aug_262,0
263,aug_263,1
264,aug_264,0
265,aug_265,0
266,aug_266,1
267,aug_267,1
268,aug_268,1
269,aug_269,1
270,aug_270,1
271,aug_271,1
272,aug_272,1
273,aug_273,0
274,aug_274,0
275,aug_275,0
276,aug_276,1
277,aug_277,0
278,aug_278,1
279,aug_279,1
280,aug_280,0
281,aug_281,1
282,aug_282,1
283,aug_283,1
284,aug_284,1
285,aug_285,1
286,aug_286,1
287,aug_287,0
288,aug_288,1
289,aug_289,1
290,aug_290,1
291,aug_291,1
292,aug_292,1
293,aug_293,1
294,aug_294,0
295,aug_295,0
296,aug_296,0
297,aug_297,1
298,aug_298,0
299,aug_299,1
300,aug_300,0
301,aug_301,0
302,aug_302,1
303,aug_303,0
304,aug_304,0
305,aug_305,0
306,aug_306,1
307,aug_307,1
308,aug_308,0
309,aug_309,1
310,aug_310,1
311,aug_311,1
312,aug_312,0
313,aug_313,0
314,aug_314,1
315,aug_315,1
316,aug_316,1
317,aug_317,0
318,aug_318,1
319,aug_319,1
320,aug_320,0
321,aug_321,1
322,aug_322,1
323,aug_323,1
324,aug_324,0
325,aug_325,1
326,aug_326,0
327,aug_327,1
328,aug_328,1
329,aug_329,1
330,aug_330,1
331,aug_331,0
332,aug_332,1
333,aug_333,1
334,aug_334,1
335,aug_335,1
336,aug_336,0
337,aug_337,0
338,aug_338,1
339,aug_339,1
340,aug_340,1
341,aug_341,1
342,aug_342,0
343,aug_343,1
344,aug_344,0
345,aug_345,1
346,aug_346,0
347,aug_347,1
348,aug_348,0
349,aug_349,1
350,aug_350,0
351,aug_351,1
352,aug_352,1
353,aug_353,0
354,aug_354,0
355,aug_355,1
356,aug_356,0
357,aug_357,0
358,aug_358,1
359,aug_359,0
360,aug_360,0
361,aug_361,1
362,aug_362,1
363,aug_363,1
364,aug_364,1
365,aug_365,1
366,aug_366,0
367,aug_367,1
368,aug_368,1
369,aug_369,1
370,aug_370,1
371,aug_371,0
372,aug_372,0
373,aug_373,1
374,aug_374,1
375,aug_375,0
376,aug_376,0
377,aug_377,1
378,aug_378,0
379,aug_379,1
380,aug_380,1
381,aug_381,0
382,aug_382,1
383,aug_383,0
384,aug_384,1
385,aug_385,1
386,aug_386,0
387,aug_387,1
388,aug_388,0
389,aug_389,1
390,aug_390,1
391,aug_391,0
392,aug_392,1
393,aug_393,0
394,aug_394,1
395,aug_395,1
396,aug_396,1
397,aug_397,1
398,aug_398,1
399,aug_399,1
400,aug_400,0
401,aug_401,1
402,aug_402,0
403,aug_403,0
404,aug_404,1
405,aug_405,1
406,aug_406,0
407,aug_407,0
408,aug_408,0
409,aug_409,1
410,aug_410,1
411,aug_411,0
412,aug_412,0
413,aug_413,1
414,aug_414,1
415,aug_415,0
416,aug_416,1
417,aug_417,1
418,aug_418,0
419,aug_419,0
420,aug_420,1
421,aug_421,0
422,aug_422,1
423,aug_423,1
424,aug_424,0
425,aug_425,1
426,aug_426,0
427,aug_427,1
428,aug_428,0
429,aug_429,0
430,aug_430,1
431,aug_431,1
432,aug_432,0
433,aug_433,0
434,aug_434,0
435,aug_435,1
436,aug_436,0
437,aug_437,1
438,aug_438,1
439,aug_439,1
440,aug_440,1
441,aug_441,1
442,aug_442,1
443,aug_443,0
444,aug_444,0
445,aug_445,1
446,aug_446,1
447,aug_447,1
448,aug_448,1
449,aug_449,0
450,aug_450,0
451,aug_451,0
452,aug_452,1
453,aug_453,1
454,aug_454,0
455,aug_455,0
456,aug_456,1
457,aug_457,0
458,aug_458,0
459,aug_459,0
460,aug_460,1
461,aug_461,0
462,aug_462,0
463,aug_463,1
464,aug_464,1
465,aug_465,1
466,aug_466,0
467,aug_467,0
468,aug_468,0
469,aug_469,0
470,aug_470,0
471,aug_471,0
472,aug_472,1
473,aug_473,0
474,aug_474,1
475,aug_475,1
476,aug_476,0
477,aug_477,0
478,aug_478,0
479,aug_479,0
480,aug_480,1
481,aug_481,1
482,aug_482,1
483,aug_483,0
484,aug_484,0
485,aug_485,1
486,aug_486,1
487,aug_487,0
488,aug_488,0
489,aug_489,1
490,aug_490,0
491,aug_491,0
492,aug_492,0
493,aug_493,1
494,aug_494,1
495,aug_495,0
496,aug_496,1
497,aug_497,0
498,aug_498,0
499,aug_499,1
500,aug_500,1
501,aug_501,1
502,aug_502,0
503,aug_503,0
504,aug_504,1
505,aug_505,1
506,aug_506,0
507,aug_507,0
508,aug_508,1
509,aug_509,0
510,aug_510,1
511,aug_511,0
512,aug_512,0
513,aug_513,0
514,aug_514,1
515,aug_515,1
516,aug_516,1
517,aug_517,0
518,aug_518,0
519,aug_519,0
520,aug_520,1
521,aug_521,1
522,aug_522,0
523,aug_523,1
524,aug_524,1
525,aug_525,0
526,aug_526,0
527,aug_527,1
528,aug_528,1
529,aug_529,0
530,aug_530,1
531,aug_531,0
532,aug_532,1
533,aug_533,0
534,aug_534,0
535,aug_535,1
536,aug_536,1
537,aug_537,1
538,aug_538,1
539,aug_539,0
540,aug_540,0
541,aug_541,1
542,aug_542,1
543,aug_543,0
544,aug_544,0
545,aug_545,1
546,aug_546,0
547,aug_547,1
548,aug_548,1
549,aug_549,0
550,aug_550,1
551,aug_551,0
552,aug_552,1
553,aug_553,1
554,aug_554,0
555,aug_555,1
556,aug_556,0
557,aug_557,1
558,aug_558,1
559,aug_559,0
560,aug_560,1
561,aug_561,0
562,aug_562,1
563,aug_563,1
564,aug_564,1
565,aug_565,1
566,aug_566,1
567,aug_567,1
568,aug_568,0
569,aug_569,1
570,aug_570,0
571,aug_571,0
572,aug_572,1
573,aug_573,1
574,aug_574,0
575,aug_575,0
576,aug_576,0
577,aug_577,1
578,aug_578,1
579,aug_579,0
580,aug_580,0
581,aug_581,1
582,aug_582,1
583,aug_583,0
584,aug_584,1
585,aug_585,1
586,aug_586,0
587,aug_587,0
588,aug_588,1
589,aug_589,0
590,aug_590,1
591,aug_591,1
592,aug_592,0
593,aug_593,1
594,aug_594,0
595,aug_595,1
596,aug_596,0
597,aug_597,0
598,aug_598,1
599,aug_599,1
600,aug_600,0
601,aug_601,0
602,aug_602,0
603,aug_603,1
604,aug_604,0
605,aug_605,1
606,aug_606,1
607,aug_607,1
608,aug_608,1
609,aug_609,1
610,aug_610,1
611,aug_611,0
612,aug_612,0
613,aug_613,1
614,aug_614,1
615,aug_615,1
616,aug_616,1
617,aug_617,0
618,aug_618,0
619,aug_619,0
620,aug_620,1
621,aug_621,1
622,aug_622,0
623,aug_623,0
624,aug_624,1
625,aug_625,0
626,aug_626,0
627,aug_627,0
628,aug_628,1
629,aug_629,0
630,aug_630,0
631,aug_631,1
632,aug_632,1
633,aug_633,1
634,aug_634,0
635,aug_635,0
636,aug_636,0
637,aug_637,0
638,aug_638,0
639,aug_639,0
640,aug_640,1
641,aug_641,0
642,aug_642,1
643,aug_643,1
644,aug_644,0
645,aug_645,0
646,aug_646,0
647,aug_647,0
648,aug_648,1
649,aug_649,1
650,aug_650,1
651,aug_651,0
652,aug_652,0
653,aug_653,1
654,aug_654,1
655,aug_655,0
656,aug_656,0
657,aug_657,1
658,aug_658,0
659,aug_659,0
660,aug_660,0
661,aug_661,1
662,aug_662,1
663,aug_663,0
664,aug_664,1
665,aug_665,0
666,aug_666,0
667,aug_667,1
668,aug_668,1
669,aug_669,1
670,aug_670,0
671,aug_671,0
672,aug_672,1
673,aug_673,1
674,aug_674,0
675,aug_675,0
676,aug_676,1
677,aug_677,0
678,aug_678,1
679,aug_679,0
680,aug_680,0
681,aug_681,0
682,aug_682,1
683,aug_683,1
684,aug_684,1
685,aug_685,0
686,aug_686,0
687,aug_687,0
688,aug_688,1
689,aug_689,1
690,aug_690,0
691,aug_691,1
692,aug_692,1
693,aug_693,0
694,aug_694,0
695,aug_695,1
696,aug_696,1
697,aug_697,0
698,aug_698,1
699,aug_699,0
700,aug_700,1
701,aug_701,0
702,aug_702,0
703,aug_703,1
704,aug_704,0
705,aug_705,1
706,aug_706,0
707,aug_707,1
708,aug_708,1
709,aug_709,0
710,aug_710,1
711,aug_711,0
712,aug_712,0
713,aug_713,1
714,aug_714,1
715,aug_715,1
716,aug_716,1
717,aug_717,0
718,aug_718,0
719,aug_719,0
720,aug_720,1
721,aug_721,0
722,aug_722,1
723,aug_723,0
724,aug_724,1
725,aug_725,1
726,aug_726,0
727,aug_727,0
728,aug_728,0
729,aug_729,1
730,aug_730,0
731,aug_731,0
732,aug_732,0
733,aug_733,1
734,aug_734,0
735,aug_735,1
736,aug_736,0
737,aug_737,0
738,aug_738,1
739,aug_739,0
740,aug_740,0
741,aug_741,1
742,aug_742,1
743,aug_743,0
744,aug_744,0
745,aug_745,1
746,aug_746,0
747,aug_747,0
748,aug_748,0
749,aug_749,1
750,aug_750,0
751,aug_751,0
752,aug_752,0
753,aug_753,0
754,aug_754,1
755,aug_755,0
756,aug_756,0
757,aug_757,1
758,aug_758,1
759,aug_759,1
760,aug_760,0
761,aug_761,0
762,aug_762,0
763,aug_763,0
764,aug_764,0
765,aug_765,0
766,aug_766,1
767,aug_767,1
768,aug_768,0
769,aug_769,1
770,aug_770,0
771,aug_771,1
772,aug_772,0
773,aug_773,0
774,aug_774,1
775,aug_775,1
776,aug_776,0
777,aug_777,0
778,aug_778,0
779,aug_779,0
780,aug_780,0
781,aug_781,0
782,aug_782,0
783,aug_783,0
784,aug_784,0
785,aug_785,0
786,aug_786,0
787,aug_787,0
788,aug_788,0
789,aug_789,1
790,aug_790,1
791,aug_791,0
792,aug_792,0
793,aug_793,0
794,aug_794,0
795,aug_795,1
796,aug_796,1
797,aug_797,1
798,aug_798,1
799,aug_799,0
800,aug_800,0
801,aug_801,0
802,aug_802,1
803,aug_803,0
804,aug_804,1
805,aug_805,0
806,aug_806,0
807,aug_807,1
808,aug_808,1
809,aug_809,0
810,aug_810,0
811,aug_811,0
812,aug_812,0
813,aug_813,1
814,aug_814,0
815,aug_815,0
816,aug_816,1
817,aug_817,0
818,aug_818,0
819,aug_819,1
820,aug_820,1
821,aug_821,0
822,aug_822,0
823,aug_823,0
824,aug_824,1
825,aug_825,0
826,aug_826,0
827,aug_827,0
828,aug_828,0
829,aug_829,0
830,aug_830,0
831,aug_831,1
832,aug_832,0
833,aug_833,0
834,aug_834,1
835,aug_835,1
836,aug_836,1
837,aug_837,1
838,aug_838,0
839,aug_839,1
840,aug_840,0
841,aug_841,0
842,aug_842,0
843,aug_843,0
844,aug_844,0
845,aug_845,0
846,aug_846,0
847,aug_847,0
848,aug_848,0
849,aug_849,0
850,aug_850,0
851,aug_851,0
852,aug_852,1
853,aug_853,0
854,aug_854,1
855,aug_855,0
856,aug_856,0
857,aug_857,0
858,aug_858,0
859,aug_859,0
860,aug_860,0
861,aug_861,0
862,aug_862,0
863,aug_863,0
864,aug_864,1
865,aug_865,0
866,aug_866,1
867,aug_867,0
868,aug_868,0
869,aug_869,0
870,aug_870,1
871,aug_871,0
872,aug_872,1
873,aug_873,0
874,aug_874,0
875,aug_875,1
876,aug_876,0
877,aug_877,1
878,aug_878,0
879,aug_879,0
880,aug_880,0
881,aug_881,0
882,aug_882,0
883,aug_883,0
884,aug_884,0
885,aug_885,0
886,aug_886,1
887,aug_887,0
888,aug_888,0
889,aug_889,0
890,aug_890,0
891,aug_891,0
892,aug_892,0
893,aug_893,0
894,aug_894,1
895,aug_895,0
896,aug_896,1
897,aug_897,1
898,aug_898,0
899,aug_899,1
900,aug_900,0
901,aug_901,0
902,aug_902,1
903,aug_903,1
904,aug_904,1
905,aug_905,1
906,aug_906,0
907,aug_907,0
908,aug_908,0
909,aug_909,1
910,aug_910,0
911,aug_911,1
912,aug_912,0
913,aug_913,1
914,aug_914,1
915,aug_915,0
916,aug_916,0
917,aug_917,0
918,aug_918,1
919,aug_919,0
920,aug_920,0
921,aug_921,0
922,aug_922,1
923,aug_923,0
924,aug_924,1
925,aug_925,0
926,aug_926,0
927,aug_927,1
928,aug_928,0
929,aug_929,0
930,aug_930,1
931,aug_931,1
932,aug_932,0
933,aug_933,0
934,aug_934,1
935,aug_935,0
936,aug_936,0
937,aug_937,0
938,aug_938,1
939,aug_939,0
940,aug_940,0
941,aug_941,0
942,aug_942,0
943,aug_943,1
944,aug_944,0
945,aug_945,0
946,aug_946,1
947,aug_947,1
948,aug_948,1
949,aug_949,0
950,aug_950,0
951,aug_951,0
952,aug_952,0
953,aug_953,0
954,aug_954,0
955,aug_955,1
956,aug_956,1
957,aug_957,0
958,aug_958,1
959,aug_959,0
960,aug_960,1
961,aug_961,0
962,aug_962,0
963,aug_963,1
964,aug_964,1
965,aug_965,0
966,aug_966,0
967,aug_967,0
968,aug_968,0
969,aug_969,0
970,aug_970,0
971,aug_971,0
972,aug_972,0
973,aug_973,0
974,aug_974,0
975,aug_975,0
976,aug_976,0
977,aug_977,0
978,aug_978,1
979,aug_979,1
980,aug_980,0
981,aug_981,0
982,aug_982,0
983,aug_983,0
984,aug_984,1
985,aug_985,1
986,aug_986,1
987,aug_987,1
988,aug_988,0
989,aug_989,0
990,aug_990,0
991,aug_991,1
992,aug_992,0
993,aug_993,1
994,aug_994,0
995,aug_995,0
996,aug_996,1
997,aug_997,1
998,aug_998,0
999,aug_999,0
1000,aug_1000,0
1001,aug_1001,0
1002,aug_1002,1
1003,aug_1003,0
1004,aug_1004,0
1005,aug_1005,1
1006,aug_1006,0
1007,aug_1007,0
1008,aug_1008,1
1009,aug_1009,1
1010,aug_1010,0
1011,aug_1011,0
1012,aug_1012,0
1013,aug_1013,1
1014,aug_1014,0
1015,aug_1015,0
1016,aug_1016,0
1017,aug_1017,0
1018,aug_1018,0
1019,aug_1019,0
1020,aug_1020,1
1021,aug_1021,0
1022,aug_1022,0
1023,aug_1023,1
1024,aug_1024,1
1025,aug_1025,1
1026,aug_1026,1
1027,aug_1027,0
1028,aug_1028,1
1029,aug_1029,0
1030,aug_1030,0
1031,aug_1031,0
1032,aug_1032,0
1033,aug_1033,0
1034,aug_1034,0
1035,aug_1035,0
1036,aug_1036,0
1037,aug_1037,0
1038,aug_1038,0
1039,aug_1039,0
1040,aug_1040,0
1041,aug_1041,1
1042,aug_1042,0
1043,aug_1043,1
1044,aug_1044,0
1045,aug_1045,0
1046,aug_1046,0
1047,aug_1047,0
1048,aug_1048,0
1049,aug_1049,0
1050,aug_1050,0
1051,aug_1051,0
1052,aug_1052,0
1053,aug_1053,1
1054,aug_1054,0
1055,aug_1055,1
1056,aug_1056,0
1057,aug_1057,0
1058,aug_1058,0
1059,aug_1059,1
1060,aug_1060,0
1061,aug_1061,1
1062,aug_1062,0
1063,aug_1063,0
1064,aug_1064,1
1065,aug_1065,0
1066,aug_1066,1
1067,aug_1067,0
1068,aug_1068,0
1069,aug_1069,0
1070,aug_1070,0
1071,aug_1071,0
1072,aug_1072,0
1073,aug_1073,0
1074,aug_1074,0
1075,aug_1075,1
1076,aug_1076,0
1077,aug_1077,0
1078,aug_1078,0
1079,aug_1079,0
1080,aug_1080,0
1081,aug_1081,0
1082,aug_1082,1
1083,aug_1083,0
1084,aug_1084,1
1085,aug_1085,1
1086,aug_1086,0
1087,aug_1087,1
1088,aug_1088,1
1089,aug_1089,0
1090,aug_1090,0
1091,aug_1091,1
1092,aug_1092,1
1093,aug_1093,1
1094,aug_1094,1
1095,aug_1095,1
1096,aug_1096,0
1097,aug_1097,1
1098,aug_1098,1
1099,aug_1099,1
1100,aug_1100,0
1101,aug_1101,1
1102,aug_1102,1
1103,aug_1103,1
1104,aug_1104,1
1105,aug_1105,1
1106,aug_1106,1
1107,aug_1107,1
1108,aug_1108,1
1109,aug_1109,0
1110,aug_1110,1
1111,aug_1111,1
1112,aug_1112,1
1113,aug_1113,1
1114,aug_1114,1
1115,aug_1115,1
1116,aug_1116,0
1117,aug_1117,0
1118,aug_1118,0
1119,aug_1119,1
1120,aug_1120,0
1121,aug_1121,1
1122,aug_1122,1
1123,aug_1123,0
1124,aug_1124,0
1125,aug_1125,1
1126,aug_1126,1
1127,aug_1127,1
1128,aug_1128,1
1129,aug_1129,1
1130,aug_1130,1
1131,aug_1131,0
1132,aug_1132,1
1133,aug_1133,0
1134,aug_1134,1
1135,aug_1135,1
1136,aug_1136,0
1137,aug_1137,0
1138,aug_1138,0
1139,aug_1139,0
1140,aug_1140,1
1141,aug_1141,1
1142,aug_1142,0
1143,aug_1143,1
1144,aug_1144,1
1145,aug_1145,1
1146,aug_1146,1
1147,aug_1147,1
1148,aug_1148,0
1149,aug_1149,1
1150,aug_1150,1
1151,aug_1151,1
1152,aug_1152,1
1153,aug_1153,1
1154,aug_1154,1
1155,aug_1155,1
1156,aug_1156,1
1157,aug_1157,0
1158,aug_1158,1
1159,aug_1159,1
1160,aug_1160,1
1161,aug_1161,0
1162,aug_1162,1
1163,aug_1163,1
1164,aug_1164,1
1165,aug_1165,1
1166,aug_1166,1
1167,aug_1167,1
1168,aug_1168,1
1169,aug_1169,1
1170,aug_1170,0
1171,aug_1171,1
1172,aug_1172,0
1173,aug_1173,1
1174,aug_1174,1
1175,aug_1175,1
1176,aug_1176,1
1177,aug_1177,1
1178,aug_1178,1
1179,aug_1179,1
1180,aug_1180,0
1181,aug_1181,0
1182,aug_1182,0
1183,aug_1183,1
1184,aug_1184,1
1185,aug_1185,0
1186,aug_1186,1
1187,aug_1187,0
1188,aug_1188,1
1189,aug_1189,1
1190,aug_1190,0
1191,aug_1191,1
1192,aug_1192,0
1193,aug_1193,1
1194,aug_1194,1
1195,aug_1195,1
1196,aug_1196,1
1197,aug_1197,1
1198,aug_1198,0
1199,aug_1199,1
1200,aug_1200,1
1201,aug_1201,0
1202,aug_1202,1
1203,aug_1203,1
1204,aug_1204,1
1205,aug_1205,0
1206,aug_1206,1
1207,aug_1207,0
1208,aug_1208,1
1209,aug_1209,0
1210,aug_1210,1
1211,aug_1211,1
1212,aug_1212,1
1213,aug_1213,0
1214,aug_1214,0
1215,aug_1215,1
1216,aug_1216,0
1217,aug_1217,0
1218,aug_1218,1
1219,aug_1219,0
1220,aug_1220,1
1221,aug_1221,0
1222,aug_1222,1
1223,aug_1223,0
1224,aug_1224,1
1225,aug_1225,0
1226,aug_1226,1
1227,aug_1227,0
1228,aug_1228,0
1229,aug_1229,1
1230,aug_1230,1
1231,aug_1231,0
1232,aug_1232,0
1233,aug_1233,1
1234,aug_1234,1
1235,aug_1235,1
1236,aug_1236,0
1237,aug_1237,1
1238,aug_1238,1
1239,aug_1239,1
1240,aug_1240,1
1241,aug_1241,1
1242,aug_1242,1
1243,aug_1243,0
1244,aug_1244,0
1245,aug_1245,0
1246,aug_1246,1
1247,aug_1247,1
1248,aug_1248,1
1249,aug_1249,0
1250,aug_1250,1
1251,aug_1251,0
1252,aug_1252,0
1253,aug_1253,0
1254,aug_1254,1
1255,aug_1255,1
1256,aug_1256,1
1257,aug_1257,0
1258,aug_1258,1
1259,aug_1259,1
1260,aug_1260,1
1261,aug_1261,1
1262,aug_1262,0
1263,aug_1263,1
1264,aug_1264,1
1265,aug_1265,0
1266,aug_1266,1
1267,aug_1267,1
1268,aug_1268,0
1269,aug_1269,0
1270,aug_1270,1
1271,aug_1271,1
1272,aug_1272,1
1273,aug_1273,1
1274,aug_1274,1
1275,aug_1275,0
1276,aug_1276,1
1277,aug_1277,1
1278,aug_1278,1
1279,aug_1279,0
1280,aug_1280,1
1281,aug_1281,1
1282,aug_1282,1
1283,aug_1283,1
1284,aug_1284,1
1285,aug_1285,1
1286,aug_1286,1
1287,aug_1287,1
1288,aug_1288,0
1289,aug_1289,1
1290,aug_1290,1
1291,aug_1291,1
1292,aug_1292,1
1293,aug_1293,1
1294,aug_1294,1
1295,aug_1295,0
1296,aug_1296,0
1297,aug_1297,0
1298,aug_1298,1
1299,aug_1299,0
1300,aug_1300,1
1301,aug_1301,1
1302,aug_1302,0
1303,aug_1303,0
1304,aug_1304,1
1305,aug_1305,1
1306,aug_1306,1
1307,aug_1307,1
1308,aug_1308,1
1309,aug_1309,1
1310,aug_1310,0
1311,aug_1311,1
1312,aug_1312,0
1313,aug_1313,1
1314,aug_1314,1
1315,aug_1315,0
1316,aug_1316,0
1317,aug_1317,0
1318,aug_1318,0
1319,aug_1319,1
1320,aug_1320,1
1321,aug_1321,0
1322,aug_1322,1
1323,aug_1323,1
1324,aug_1324,1
1325,aug_1325,1
1326,aug_1326,1
1327,aug_1327,0
1328,aug_1328,1
1329,aug_1329,1
1330,aug_1330,1
1331,aug_1331,1
1332,aug_1332,1
1333,aug_1333,1
1334,aug_1334,1
1335,aug_1335,1
1336,aug_1336,0
1337,aug_1337,1
1338,aug_1338,1
1339,aug_1339,1
1340,aug_1340,0
1341,aug_1341,1
1342,aug_1342,1
1343,aug_1343,1
1344,aug_1344,1
1345,aug_1345,1
1346,aug_1346,1
1347,aug_1347,1
1348,aug_1348,1
1349,aug_1349,0
1350,aug_1350,1
1351,aug_1351,0
1352,aug_1352,1
1353,aug_1353,1
1354,aug_1354,1
1355,aug_1355,1
1356,aug_1356,1
1357,aug_1357,1
1358,aug_1358,1
1359,aug_1359,0
1360,aug_1360,0
1361,aug_1361,0
1362,aug_1362,1
1363,aug_1363,1
1364,aug_1364,0
1365,aug_1365,1
1366,aug_1366,0
1367,aug_1367,1
1368,aug_1368,1
1369,aug_1369,0
1370,aug_1370,1
1371,aug_1371,0
1372,aug_1372,1
1373,aug_1373,1
1374,aug_1374,1
1375,aug_1375,1
1376,aug_1376,1
1377,aug_1377,0
1378,aug_1378,1
1379,aug_1379,1
1380,aug_1380,0
1381,aug_1381,1
1382,aug_1382,1
1383,aug_1383,1
1384,aug_1384,0
1385,aug_1385,1
1386,aug_1386,0
1387,aug_1387,1
1388,aug_1388,0
1389,aug_1389,1
1390,aug_1390,1
1391,aug_1391,1
1392,aug_1392,0
1393,aug_1393,0
1394,aug_1394,1
1395,aug_1395,0
1396,aug_1396,0
1397,aug_1397,1
1398,aug_1398,0
1399,aug_1399,1
1400,aug_1400,0
1401,aug_1401,1
1402,aug_1402,0
1403,aug_1403,1
1404,aug_1404,0
1405,aug_1405,1
1406,aug_1406,0
1407,aug_1407,0
1408,aug_1408,1
1409,aug_1409,1
1410,aug_1410,0
1411,aug_1411,0
1412,aug_1412,1
1413,aug_1413,1
1414,aug_1414,1
1415,aug_1415,0
1416,aug_1416,1
1417,aug_1417,1
1418,aug_1418,1
1419,aug_1419,1
1420,aug_1420,1
1421,aug_1421,1
1422,aug_1422,0
1423,aug_1423,0
1424,aug_1424,0
1425,aug_1425,1
1426,aug_1426,1
1427,aug_1427,1
1428,aug_1428,0
1429,aug_1429,1
1430,aug_1430,0
1431,aug_1431,0
1432,aug_1432,0
1433,aug_1433,1
1434,aug_1434,1
1435,aug_1435,1
1436,aug_1436,0
1437,aug_1437,1
1438,aug_1438,1
1439,aug_1439,1
1440,aug_1440,0
1441,aug_1441,0
1442,aug_1442,1
1443,aug_1443,0
1444,aug_1444,0
1445,aug_1445,1
1446,aug_1446,1
1447,aug_1447,0
1448,aug_1448,0
1449,aug_1449,0
1450,aug_1450,0
1451,aug_1451,0
1452,aug_1452,0
1453,aug_1453,0
1454,aug_1454,1
1455,aug_1455,0
1456,aug_1456,0
1457,aug_1457,0
1458,aug_1458,0
1459,aug_1459,0
1460,aug_1460,1
1461,aug_1461,1
1462,aug_1462,0
1463,aug_1463,0
1464,aug_1464,0
1465,aug_1465,1
1466,aug_1466,0
1467,aug_1467,0
1468,aug_1468,0
1469,aug_1469,0
1470,aug_1470,0
1471,aug_1471,1
1472,aug_1472,0
1473,aug_1473,0
1474,aug_1474,0
1475,aug_1475,0
1476,aug_1476,1
1477,aug_1477,0
1478,aug_1478,0
1479,aug_1479,0
1480,aug_1480,0
1481,aug_1481,0
1482,aug_1482,1
1483,aug_1483,1
1484,aug_1484,0
1485,aug_1485,1
1486,aug_1486,0
1487,aug_1487,1
1488,aug_1488,0
1489,aug_1489,0
1490,aug_1490,0
1491,aug_1491,1
1492,aug_1492,0
1493,aug_1493,0
1494,aug_1494,1
1495,aug_1495,0
1496,aug_1496,0
1497,aug_1497,1
1498,aug_1498,1
1499,aug_1499,0
1500,aug_1500,0
1501,aug_1501,1
1502,aug_1502,0
1503,aug_1503,0
1504,aug_1504,0
1505,aug_1505,0
1506,aug_1506,1
1507,aug_1507,0
1508,aug_1508,0
1509,aug_1509,1
1510,aug_1510,0
1511,aug_1511,1
1512,aug_1512,1
1513,aug_1513,0
1514,aug_1514,1
1515,aug_1515,0
1516,aug_1516,1
1517,aug_1517,1
1518,aug_1518,0
1519,aug_1519,0
1520,aug_1520,0
1521,aug_1521,1
1522,aug_1522,1
1523,aug_1523,0
1524,aug_1524,1
1525,aug_1525,0
1526,aug_1526,0
1527,aug_1527,0
1528,aug_1528,0
1529,aug_1529,1
1530,aug_1530,0
1531,aug_1531,0
1532,aug_1532,0
1533,aug_1533,0
1534,aug_1534,0
1535,aug_1535,1
1536,aug_1536,0
1537,aug_1537,0
1538,aug_1538,0
1539,aug_1539,0
1540,aug_1540,0
1541,aug_1541,1
1542,aug_1542,0
1543,aug_1543,0
1544,aug_1544,1
1545,aug_1545,1
1546,aug_1546,0
1547,aug_1547,0
1548,aug_1548,0
1549,aug_1549,0
1550,aug_1550,0
1551,aug_1551,0
1552,aug_1552,0
1553,aug_1553,1
1554,aug_1554,0
1555,aug_1555,0
1556,aug_1556,0
1557,aug_1557,0
1558,aug_1558,0
1559,aug_1559,1
1560,aug_1560,1
1561,aug_1561,0
1562,aug_1562,0
1563,aug_1563,0
1564,aug_1564,1
1565,aug_1565,0
1566,aug_1566,0
1567,aug_1567,0
1568,aug_1568,0
1569,aug_1569,0
1570,aug_1570,1
1571,aug_1571,0
1572,aug_1572,0
1573,aug_1573,0
1574,aug_1574,0
1575,aug_1575,1
1576,aug_1576,0
1577,aug_1577,0
1578,aug_1578,0
1579,aug_1579,0
1580,aug_1580,0
1581,aug_1581,1
1582,aug_1582,1
1583,aug_1583,0
1584,aug_1584,1
1585,aug_1585,0
1586,aug_1586,1
1587,aug_1587,0
1588,aug_1588,0
1589,aug_1589,0
1590,aug_1590,1
1591,aug_1591,0
1592,aug_1592,0
1593,aug_1593,1
1594,aug_1594,0
1595,aug_1595,0
1596,aug_1596,1
1597,aug_1597,1
1598,aug_1598,0
1599,aug_1599,0
1600,aug_1600,1
1601,aug_1601,0
1602,aug_1602,0
1603,aug_1603,0
1604,aug_1604,0
1605,aug_1605,1
1606,aug_1606,0
1607,aug_1607,0
1608,aug_1608,1
1609,aug_1609,0
1610,aug_1610,1
1611,aug_1611,1
1612,aug_1612,0
1613,aug_1613,1
1614,aug_1614,0
1615,aug_1615,1
1616,aug_1616,1
1617,aug_1617,0
1618,aug_1618,0
1619,aug_1619,0
1620,aug_1620,1
1621,aug_1621,1
1622,aug_1622,0
1623,aug_1623,1
1624,aug_1624,0
1625,aug_1625,0
1626,aug_1626,0
1627,aug_1627,0
1628,aug_1628,1
1629,aug_1629,0
1630,aug_1630,0
1631,aug_1631,0
1632,aug_1632,0
1633,aug_1633,0
1634,aug_1634,1
1635,aug_1635,0
1636,aug_1636,0
1637,aug_1637,0
1638,aug_1638,1
1639,aug_1639,0
1640,aug_1640,1
1641,aug_1641,1
1642,aug_1642,0
1643,aug_1643,0
1644,aug_1644,0
1645,aug_1645,0
1646,aug_1646,1
1647,aug_1647,0
1648,aug_1648,1
1649,aug_1649,1
1650,aug_1650,1
1651,aug_1651,1
1652,aug_1652,0
1653,aug_1653,0
1654,aug_1654,1
1655,aug_1655,1
1656,aug_1656,1
1657,aug_1657,0
1658,aug_1658,0
1659,aug_1659,0
1660,aug_1660,1
1661,aug_1661,1
1662,aug_1662,0
1663,aug_1663,0
1664,aug_1664,0
1665,aug_1665,1
1666,aug_1666,0
1667,aug_1667,0
1668,aug_1668,0
1669,aug_1669,1
1670,aug_1670,1
1671,aug_1671,1
1672,aug_1672,1
1673,aug_1673,1
1674,aug_1674,1
1675,aug_1675,1
1676,aug_1676,1
1677,aug_1677,0
1678,aug_1678,0
1679,aug_1679,1
1680,aug_1680,0
1681,aug_1681,0
1682,aug_1682,0
1683,aug_1683,1
1684,aug_1684,1
1685,aug_1685,1
1686,aug_1686,1
1687,aug_1687,0
1688,aug_1688,1
1689,aug_1689,1
1690,aug_1690,1
1691,aug_1691,0
1692,aug_1692,0
1693,aug_1693,1
1694,aug_1694,0
1695,aug_1695,1
1696,aug_1696,0
1697,aug_1697,1
1698,aug_1698,0
1699,aug_1699,1
1700,aug_1700,0
1701,aug_1701,1
1702,aug_1702,1
1703,aug_1703,1
1704,aug_1704,1
1705,aug_1705,1
1706,aug_1706,1
1707,aug_1707,1
1708,aug_1708,1
1709,aug_1709,0
1710,aug_1710,1
1711,aug_1711,0
1712,aug_1712,0
1713,aug_1713,0
1714,aug_1714,0
1715,aug_1715,1
1716,aug_1716,0
1717,aug_1717,1
1718,aug_1718,0
1719,aug_1719,0
1720,aug_1720,1
1721,aug_1721,1
1722,aug_1722,1
1723,aug_1723,0
1724,aug_1724,1
1725,aug_1725,1
1726,aug_1726,0
1727,aug_1727,1
1728,aug_1728,0
1729,aug_1729,1
1730,aug_1730,1
1731,aug_1731,1
1732,aug_1732,1
1733,aug_1733,1
1734,aug_1734,1
1735,aug_1735,1
1736,aug_1736,0
1737,aug_1737,0
1738,aug_1738,1
1739,aug_1739,0
1740,aug_1740,1
1741,aug_1741,1
1742,aug_1742,0
1743,aug_1743,0
1744,aug_1744,0
1745,aug_1745,0
1746,aug_1746,1
1747,aug_1747,0
1748,aug_1748,1
1749,aug_1749,1
1750,aug_1750,1
1751,aug_1751,1
1752,aug_1752,0
1753,aug_1753,0
1754,aug_1754,1
1755,aug_1755,1
1756,aug_1756,1
1757,aug_1757,0
1758,aug_1758,0
1759,aug_1759,0
1760,aug_1760,1
1761,aug_1761,1
1762,aug_1762,0
1763,aug_1763,0
1764,aug_1764,0
1765,aug_1765,1
1766,aug_1766,0
1767,aug_1767,0
1768,aug_1768,0
1769,aug_1769,1
1770,aug_1770,1
1771,aug_1771,1
1772,aug_1772,1
1773,aug_1773,1
1774,aug_1774,1
1775,aug_1775,1
1776,aug_1776,1
1777,aug_1777,0
1778,aug_1778,0
1779,aug_1779,1
1780,aug_1780,0
1781,aug_1781,0
1782,aug_1782,0
1783,aug_1783,1
1784,aug_1784,1
1785,aug_1785,1
1786,aug_1786,1
1787,aug_1787,0
1788,aug_1788,1
1789,aug_1789,1
1790,aug_1790,1
1791,aug_1791,0
1792,aug_1792,0
1793,aug_1793,1
1794,aug_1794,0
1795,aug_1795,1
1796,aug_1796,0
1797,aug_1797,1
1798,aug_1798,0
1799,aug_1799,1
1800,aug_1800,0
1801,aug_1801,1
1802,aug_1802,1
1803,aug_1803,1
1804,aug_1804,1
1805,aug_1805,1
1806,aug_1806,1
1807,aug_1807,1
1808,aug_1808,1
1809,aug_1809,0
1810,aug_1810,1
1811,aug_1811,0
1812,aug_1812,0
1813,aug_1813,0
1814,aug_1814,0
1815,aug_1815,1
1816,aug_1816,0
1817,aug_1817,1
1818,aug_1818,0
1819,aug_1819,0
1820,aug_1820,1
1821,aug_1821,1
1822,aug_1822,1
1823,aug_1823,0
1824,aug_1824,1
1825,aug_1825,1
1826,aug_1826,0
1827,aug_1827,1
1828,aug_1828,0
1829,aug_1829,1
1830,aug_1830,1
1831,aug_1831,1
1832,aug_1832,1
1833,aug_1833,1
1834,aug_1834,1
1835,aug_1835,1
1836,aug_1836,0
1837,aug_1837,0
1838,aug_1838,0
1839,aug_1839,1
1840,aug_1840,1
1841,aug_1841,1
1842,aug_1842,1
1843,aug_1843,1
1844,aug_1844,1
1845,aug_1845,1
1846,aug_1846,1
1847,aug_1847,0
1848,aug_1848,1
1849,aug_1849,0
1850,aug_1850,1
1851,aug_1851,1
1852,aug_1852,1
1853,aug_1853,1
1854,aug_1854,1
1855,aug_1855,1
1856,aug_1856,1
1857,aug_1857,0
1858,aug_1858,0
1859,aug_1859,1
1860,aug_1860,0
1861,aug_1861,1
1862,aug_1862,1
1863,aug_1863,1
1864,aug_1864,1
1865,aug_1865,1
1866,aug_1866,1
1867,aug_1867,0
1868,aug_1868,1
1869,aug_1869,0
1870,aug_1870,1
1871,aug_1871,1
1872,aug_1872,0
1873,aug_1873,1
1874,aug_1874,1
1875,aug_1875,1
1876,aug_1876,1
1877,aug_1877,1
1878,aug_1878,1
1879,aug_1879,1
1880,aug_1880,1
1881,aug_1881,0
1882,aug_1882,1
1883,aug_1883,0
1884,aug_1884,0
1885,aug_1885,1
1886,aug_1886,0
1887,aug_1887,1
1888,aug_1888,1
1889,aug_1889,1
1890,aug_1890,1
1891,aug_1891,0
1892,aug_1892,1
1893,aug_1893,1
1894,aug_1894,1
1895,aug_1895,1
1896,aug_1896,1
1897,aug_1897,1
1898,aug_1898,1
1899,aug_1899,0
1900,aug_1900,1
1901,aug_1901,1
1902,aug_1902,1
1903,aug_1903,1
1904,aug_1904,1
1905,aug_1905,1
1906,aug_1906,0
1907,aug_1907,1
1908,aug_1908,1
1909,aug_1909,1
1910,aug_1910,0
1911,aug_1911,0
1912,aug_1912,1
1913,aug_1913,0
1914,aug_1914,1
1915,aug_1915,1
1916,aug_1916,0
1917,aug_1917,1
1918,aug_1918,0
1919,aug_1919,0
1920,aug_1920,1
1921,aug_1921,1
1922,aug_1922,1
1923,aug_1923,1
1924,aug_1924,1
1925,aug_1925,1
1926,aug_1926,1
1927,aug_1927,0
1928,aug_1928,0
1929,aug_1929,0
1930,aug_1930,1
1931,aug_1931,0
1932,aug_1932,1
1933,aug_1933,1
1934,aug_1934,0
1935,aug_1935,1
1936,aug_1936,1
1937,aug_1937,1
1938,aug_1938,1
1939,aug_1939,1
1940,aug_1940,1
1941,aug_1941,0
1942,aug_1942,1
1943,aug_1943,1
1944,aug_1944,1
1945,aug_1945,1
1946,aug_1946,1
1947,aug_1947,1
1948,aug_1948,0
1949,aug_1949,0
1950,aug_1950,0
1951,aug_1951,1
1952,aug_1952,0
1953,aug_1953,1
1954,aug_1954,0
1955,aug_1955,0
1956,aug_1956,1
1957,aug_1957,0
1958,aug_1958,0
1959,aug_1959,0
1960,aug_1960,1
1961,aug_1961,1
1962,aug_1962,0
1963,aug_1963,1
1964,aug_1964,1
1965,aug_1965,1
1966,aug_1966,0
1967,aug_1967,0
1968,aug_1968,1
1969,aug_1969,1
1970,aug_1970,1
1971,aug_1971,0
1972,aug_1972,1
1973,aug_1973,1
1974,aug_1974,0
1975,aug_1975,1
1976,aug_1976,1
1977,aug_1977,1
1978,aug_1978,0
1979,aug_1979,1
1980,aug_1980,0
1981,aug_1981,1
1982,aug_1982,1
1983,aug_1983,1
1984,aug_1984,1
1985,aug_1985,0
1986,aug_1986,1
1987,aug_1987,1
1988,aug_1988,1
1989,aug_1989,1
1990,aug_1990,0
1991,aug_1991,0
1992,aug_1992,1
1993,aug_1993,1
1994,aug_1994,1
1995,aug_1995,1
1996,aug_1996,0
1997,aug_1997,1
1998,aug_1998,0
1999,aug_1999,1
2000,aug_2000,0
2001,aug_2001,1
2002,aug_2002,0
2003,aug_2003,1
2004,aug_2004,0
2005,aug_2005,1
2006,aug_2006,1
2007,aug_2007,0
2008,aug_2008,0
2009,aug_2009,1
2010,aug_2010,0
2011,aug_2011,0
2012,aug_2012,1
2013,aug_2013,0
2014,aug_2014,0
2015,aug_2015,1
2016,aug_2016,1
2017,aug_2017,1
2018,aug_2018,1
2019,aug_2019,1
2020,aug_2020,0
2021,aug_2021,1
2022,aug_2022,0
2023,aug_2023,1
2024,aug_2024,1
2025,aug_2025,1
2026,aug_2026,1
2027,aug_2027,1
2028,aug_2028,1
2029,aug_2029,1
2030,aug_2030,1
2031,aug_2031,0
2032,aug_2032,1
2033,aug_2033,0
2034,aug_2034,1
2035,aug_2035,1
2036,aug_2036,1
2037,aug_2037,1
2038,aug_2038,1
2039,aug_2039,1
2040,aug_2040,1
2041,aug_2041,0
2042,aug_2042,0
2043,aug_2043,1
2044,aug_2044,0
2045,aug_2045,1
2046,aug_2046,1
2047,aug_2047,1
2048,aug_2048,1
2049,aug_2049,1
2050,aug_2050,1
2051,aug_2051,0
2052,aug_2052,1
2053,aug_2053,0
2054,aug_2054,1
2055,aug_2055,1
2056,aug_2056,0
2057,aug_2057,1
2058,aug_2058,1
2059,aug_2059,1
2060,aug_2060,1
2061,aug_2061,1
2062,aug_2062,1
2063,aug_2063,1
2064,aug_2064,1
2065,aug_2065,0
2066,aug_2066,1
2067,aug_2067,0
2068,aug_2068,0
2069,aug_2069,1
2070,aug_2070,0
2071,aug_2071,1
2072,aug_2072,1
2073,aug_2073,1
2074,aug_2074,1
2075,aug_2075,0
2076,aug_2076,1
2077,aug_2077,1
2078,aug_2078,1
2079,aug_2079,1
2080,aug_2080,1
2081,aug_2081,1
2082,aug_2082,1
2083,aug_2083,0
2084,aug_2084,1
2085,aug_2085,1
2086,aug_2086,1
2087,aug_2087,1
2088,aug_2088,1
2089,aug_2089,1
2090,aug_2090,0
2091,aug_2091,1
2092,aug_2092,1
2093,aug_2093,1
2094,aug_2094,0
2095,aug_2095,0
2096,aug_2096,1
2097,aug_2097,0
2098,aug_2098,1
2099,aug_2099,1
2100,aug_2100,0
2101,aug_2101,1
2102,aug_2102,0
2103,aug_2103,0
2104,aug_2104,1
2105,aug_2105,1
2106,aug_2106,1
2107,aug_2107,1
2108,aug_2108,1
2109,aug_2109,1
2110,aug_2110,1
2111,aug_2111,0
2112,aug_2112,0
2113,aug_2113,0
2114,aug_2114,1
2115,aug_2115,0
2116,aug_2116,1
2117,aug_2117,1
2118,aug_2118,0
2119,aug_2119,1
2120,aug_2120,1
2121,aug_2121,1
2122,aug_2122,1
2123,aug_2123,1
2124,aug_2124,1
2125,aug_2125,0
2126,aug_2126,1
2127,aug_2127,1
2128,aug_2128,1
2129,aug_2129,1
2130,aug_2130,1
2131,aug_2131,1
2132,aug_2132,0
2133,aug_2133,0
2134,aug_2134,0
2135,aug_2135,1
2136,aug_2136,0
2137,aug_2137,1
2138,aug_2138,0
2139,aug_2139,0
2140,aug_2140,1
2141,aug_2141,0
2142,aug_2142,0
2143,aug_2143,0
2144,aug_2144,1
2145,aug_2145,1
2146,aug_2146,0
2147,aug_2147,1
2148,aug_2148,1
2149,aug_2149,1
2150,aug_2150,0
2151,aug_2151,0
2152,aug_2152,1
2153,aug_2153,1
2154,aug_2154,1
2155,aug_2155,0
2156,aug_2156,1
2157,aug_2157,1
2158,aug_2158,0
2159,aug_2159,1
2160,aug_2160,1
2161,aug_2161,1
2162,aug_2162,0
2163,aug_2163,1
2164,aug_2164,0
2165,aug_2165,1
2166,aug_2166,1
2167,aug_2167,1
2168,aug_2168,1
2169,aug_2169,0
2170,aug_2170,1
2171,aug_2171,1
2172,aug_2172,1
2173,aug_2173,1
2174,aug_2174,0
2175,aug_2175,0
2176,aug_2176,1
2177,aug_2177,1
2178,aug_2178,1
2179,aug_2179,1
2180,aug_2180,0
2181,aug_2181,1
2182,aug_2182,0
2183,aug_2183,1
2184,aug_2184,0
2185,aug_2185,1
2186,aug_2186,0
2187,aug_2187,1
2188,aug_2188,0
2189,aug_2189,1
2190,aug_2190,1
2191,aug_2191,0
2192,aug_2192,0
2193,aug_2193,1
2194,aug_2194,0
2195,aug_2195,0
2196,aug_2196,1
2197,aug_2197,0
2198,aug_2198,0
2199,aug_2199,1
2200,aug_2200,1
2201,aug_2201,1
2202,aug_2202,1
2203,aug_2203,1
2204,aug_2204,0
2205,aug_2205,1
2206,aug_2206,1
2207,aug_2207,1
2208,aug_2208,1
2209,aug_2209,0
2210,aug_2210,0
2211,aug_2211,1
2212,aug_2212,1
2213,aug_2213,0
2214,aug_2214,0
2215,aug_2215,1
2216,aug_2216,0
2217,aug_2217,1
2218,aug_2218,1
2219,aug_2219,0
2220,aug_2220,1
2221,aug_2221,0
2222,aug_2222,1
2223,aug_2223,1
2224,aug_2224,0
2225,aug_2225,1
2226,aug_2226,0
2227,aug_2227,1
2228,aug_2228,1
2229,aug_2229,0
2230,aug_2230,1
2231,aug_2231,0
2232,aug_2232,1
2233,aug_2233,1
2234,aug_2234,1
2235,aug_2235,1
2236,aug_2236,1
2237,aug_2237,1
2238,aug_2238,0
2239,aug_2239,1
2240,aug_2240,0
2241,aug_2241,0
2242,aug_2242,1
2243,aug_2243,1
2244,aug_2244,0
2245,aug_2245,0
2246,aug_2246,0
2247,aug_2247,1
2248,aug_2248,1
2249,aug_2249,0
2250,aug_2250,0
2251,aug_2251,1
2252,aug_2252,1
2253,aug_2253,0
2254,aug_2254,1
2255,aug_2255,1
2256,aug_2256,0
2257,aug_2257,0
2258,aug_2258,1
2259,aug_2259,0
2260,aug_2260,1
2261,aug_2261,1
2262,aug_2262,0
2263,aug_2263,1
2264,aug_2264,0
2265,aug_2265,1
2266,aug_2266,0
2267,aug_2267,0
2268,aug_2268,1
2269,aug_2269,1
2270,aug_2270,0
2271,aug_2271,0
2272,aug_2272,0
2273,aug_2273,1
2274,aug_2274,0
2275,aug_2275,1
2276,aug_2276,1
2277,aug_2277,1
2278,aug_2278,1
2279,aug_2279,1
2280,aug_2280,1
2281,aug_2281,0
2282,aug_2282,0
2283,aug_2283,1
2284,aug_2284,1
2285,aug_2285,1
2286,aug_2286,1
2287,aug_2287,0
2288,aug_2288,0
2289,aug_2289,0
2290,aug_2290,1
2291,aug_2291,1
2292,aug_2292,0
2293,aug_2293,0
2294,aug_2294,1
2295,aug_2295,0
2296,aug_2296,0
2297,aug_2297,0
2298,aug_2298,1
2299,aug_2299,0
2300,aug_2300,0
2301,aug_2301,1
2302,aug_2302,1
2303,aug_2303,1
2304,aug_2304,0
2305,aug_2305,0
2306,aug_2306,0
2307,aug_2307,0
2308,aug_2308,0
2309,aug_2309,0
2310,aug_2310,1
2311,aug_2311,0
2312,aug_2312,1
2313,aug_2313,1
2314,aug_2314,0
2315,aug_2315,0
2316,aug_2316,0
2317,aug_2317,0
2318,aug_2318,1
2319,aug_2319,1
2320,aug_2320,1
2321,aug_2321,0
2322,aug_2322,0
2323,aug_2323,1
2324,aug_2324,1
2325,aug_2325,0
2326,aug_2326,0
2327,aug_2327,1
2328,aug_2328,0
2329,aug_2329,0
2330,aug_2330,0
2331,aug_2331,1
2332,aug_2332,1
2333,aug_2333,0
2334,aug_2334,1
2335,aug_2335,0
2336,aug_2336,0
2337,aug_2337,1
2338,aug_2338,1
2339,aug_2339,1
2340,aug_2340,0
2341,aug_2341,0
2342,aug_2342,1
2343,aug_2343,1
2344,aug_2344,0
2345,aug_2345,0
2346,aug_2346,1
2347,aug_2347,0
2348,aug_2348,1
2349,aug_2349,0
2350,aug_2350,0
2351,aug_2351,0
2352,aug_2352,1
2353,aug_2353,1
2354,aug_2354,1
2355,aug_2355,0
2356,aug_2356,0
2357,aug_2357,0
2358,aug_2358,1
2359,aug_2359,1
2360,aug_2360,0
2361,aug_2361,1
2362,aug_2362,1
2363,aug_2363,0
2364,aug_2364,0
2365,aug_2365,1
2366,aug_2366,1
2367,aug_2367,0
2368,aug_2368,1
2369,aug_2369,0
2370,aug_2370,1
2371,aug_2371,0
2372,aug_2372,0
2373,aug_2373,1
2374,aug_2374,1
2375,aug_2375,1
2376,aug_2376,1
2377,aug_2377,0
2378,aug_2378,0
2379,aug_2379,1
2380,aug_2380,1
2381,aug_2381,0
2382,aug_2382,0
2383,aug_2383,1
2384,aug_2384,0
2385,aug_2385,1
2386,aug_2386,1
2387,aug_2387,0
2388,aug_2388,1
2389,aug_2389,0
2390,aug_2390,1
2391,aug_2391,1
2392,aug_2392,0
2393,aug_2393,1
2394,aug_2394,0
2395,aug_2395,1
2396,aug_2396,1
2397,aug_2397,0
2398,aug_2398,1
2399,aug_2399,0
2400,aug_2400,1
2401,aug_2401,1
2402,aug_2402,1
2403,aug_2403,1
2404,aug_2404,1
2405,aug_2405,1
2406,aug_2406,0
2407,aug_2407,1
2408,aug_2408,0
2409,aug_2409,0
2410,aug_2410,1
2411,aug_2411,1
2412,aug_2412,0
2413,aug_2413,0
2414,aug_2414,0
2415,aug_2415,1
2416,aug_2416,1
2417,aug_2417,0
2418,aug_2418,0
2419,aug_2419,1
2420,aug_2420,1
2421,aug_2421,0
2422,aug_2422,1
2423,aug_2423,1
2424,aug_2424,0
2425,aug_2425,0
2426,aug_2426,1
2427,aug_2427,0
2428,aug_2428,1
2429,aug_2429,1
2430,aug_2430,0
2431,aug_2431,1
2432,aug_2432,0
2433,aug_2433,1
2434,aug_2434,0
2435,aug_2435,0
2436,aug_2436,1
2437,aug_2437,1
2438,aug_2438,0
2439,aug_2439,0
2440,aug_2440,0
2441,aug_2441,1
2442,aug_2442,0
2443,aug_2443,1
2444,aug_2444,1
2445,aug_2445,1
2446,aug_2446,1
2447,aug_2447,1
2448,aug_2448,1
2449,aug_2449,0
2450,aug_2450,0
2451,aug_2451,1
2452,aug_2452,1
2453,aug_2453,1
2454,aug_2454,1
2455,aug_2455,0
2456,aug_2456,0
2457,aug_2457,0
2458,aug_2458,1
2459,aug_2459,1
2460,aug_2460,0
2461,aug_2461,0
2462,aug_2462,1
2463,aug_2463,0
2464,aug_2464,0
2465,aug_2465,0
2466,aug_2466,1
2467,aug_2467,0
2468,aug_2468,0
2469,aug_2469,1
2470,aug_2470,1
2471,aug_2471,1
2472,aug_2472,0
2473,aug_2473,0
2474,aug_2474,0
2475,aug_2475,0
2476,aug_2476,0
2477,aug_2477,0
2478,aug_2478,1
2479,aug_2479,0
2480,aug_2480,1
2481,aug_2481,1
2482,aug_2482,0
2483,aug_2483,0
2484,aug_2484,0
2485,aug_2485,0
2486,aug_2486,1
2487,aug_2487,1
2488,aug_2488,1
2489,aug_2489,0
2490,aug_2490,0
2491,aug_2491,1
2492,aug_2492,1
2493,aug_2493,0
2494,aug_2494,0
2495,aug_2495,1
2496,aug_2496,0
2497,aug_2497,0
2498,aug_2498,0
2499,aug_2499,1
2500,aug_2500,1
2501,aug_2501,0
2502,aug_2502,1
2503,aug_2503,0
2504,aug_2504,0
2505,aug_2505,1
2506,aug_2506,1
2507,aug_2507,1
2508,aug_2508,0
2509,aug_2509,0
2510,aug_2510,1
2511,aug_2511,1
2512,aug_2512,0
2513,aug_2513,0
2514,aug_2514,1
2515,aug_2515,0
2516,aug_2516,1
2517,aug_2517,0
2518,aug_2518,0
2519,aug_2519,0
2520,aug_2520,1
2521,aug_2521,1
2522,aug_2522,1
2523,aug_2523,0
2524,aug_2524,0
2525,aug_2525,0
2526,aug_2526,1
2527,aug_2527,1
2528,aug_2528,0
2529,aug_2529,1
2530,aug_2530,1
2531,aug_2531,0
2532,aug_2532,0
2533,aug_2533,1
2534,aug_2534,1
2535,aug_2535,0
2536,aug_2536,1
2537,aug_2537,0
2538,aug_2538,1
2539,aug_2539,0
2540,aug_2540,0
2541,aug_2541,1
2542,aug_2542,0
2543,aug_2543,1
2544,aug_2544,0
2545,aug_2545,1
2546,aug_2546,1
2547,aug_2547,0
2548,aug_2548,1
2549,aug_2549,0
2550,aug_2550,0
2551,aug_2551,1
2552,aug_2552,1
2553,aug_2553,1
2554,aug_2554,1
2555,aug_2555,0
2556,aug_2556,0
2557,aug_2557,0
2558,aug_2558,1
2559,aug_2559,0
2560,aug_2560,1
2561,aug_2561,0
2562,aug_2562,1
2563,aug_2563,1
2564,aug_2564,0
2565,aug_2565,0
2566,aug_2566,0
2567,aug_2567,1
2568,aug_2568,0
2569,aug_2569,0
2570,aug_2570,0
2571,aug_2571,1
2572,aug_2572,0
2573,aug_2573,1
2574,aug_2574,0
2575,aug_2575,0
2576,aug_2576,1
2577,aug_2577,0
2578,aug_2578,0
2579,aug_2579,1
2580,aug_2580,1
2581,aug_2581,0
2582,aug_2582,0
2583,aug_2583,1
2584,aug_2584,0
2585,aug_2585,0
2586,aug_2586,0
2587,aug_2587,1
2588,aug_2588,0
2589,aug_2589,0
2590,aug_2590,0
2591,aug_2591,0
2592,aug_2592,1
2593,aug_2593,0
2594,aug_2594,0
2595,aug_2595,1
2596,aug_2596,1
2597,aug_2597,1
2598,aug_2598,0
2599,aug_2599,0
2600,aug_2600,0
2601,aug_2601,0
2602,aug_2602,0
2603,aug_2603,0
2604,aug_2604,1
2605,aug_2605,1
2606,aug_2606,0
2607,aug_2607,1
2608,aug_2608,0
2609,aug_2609,1
2610,aug_2610,0
2611,aug_2611,0
2612,aug_2612,1
2613,aug_2613,1
2614,aug_2614,0
2615,aug_2615,0
2616,aug_2616,0
2617,aug_2617,0
2618,aug_2618,0
2619,aug_2619,0
2620,aug_2620,0
2621,aug_2621,0
2622,aug_2622,0
2623,aug_2623,0
2624,aug_2624,0
2625,aug_2625,0
2626,aug_2626,0
2627,aug_2627,1
2628,aug_2628,1
2629,aug_2629,0
2630,aug_2630,0
2631,aug_2631,0
2632,aug_2632,0
2633,aug_2633,1
2634,aug_2634,1
2635,aug_2635,1
2636,aug_2636,1
2637,aug_2637,0
2638,aug_2638,0
2639,aug_2639,0
2640,aug_2640,1
2641,aug_2641,0
2642,aug_2642,1
2643,aug_2643,0
2644,aug_2644,0
2645,aug_2645,1
2646,aug_2646,1
2647,aug_2647,0
2648,aug_2648,0
2649,aug_2649,0
2650,aug_2650,0
2651,aug_2651,1
2652,aug_2652,0
2653,aug_2653,0
2654,aug_2654,1
2655,aug_2655,0
2656,aug_2656,0
2657,aug_2657,1
2658,aug_2658,1
2659,aug_2659,0
2660,aug_2660,0
2661,aug_2661,0
2662,aug_2662,1
2663,aug_2663,0
2664,aug_2664,0
2665,aug_2665,0
2666,aug_2666,0
2667,aug_2667,0
2668,aug_2668,0
2669,aug_2669,1
2670,aug_2670,0
2671,aug_2671,0
2672,aug_2672,1
2673,aug_2673,1
2674,aug_2674,1
2675,aug_2675,1
2676,aug_2676,0
2677,aug_2677,1
2678,aug_2678,0
2679,aug_2679,0
2680,aug_2680,0
2681,aug_2681,0
2682,aug_2682,0
2683,aug_2683,0
2684,aug_2684,0
2685,aug_2685,0
2686,aug_2686,0
2687,aug_2687,0
2688,aug_2688,0
2689,aug_2689,0
2690,aug_2690,1
2691,aug_2691,0
2692,aug_2692,1
2693,aug_2693,0
2694,aug_2694,0
2695,aug_2695,0
2696,aug_2696,0
2697,aug_2697,0
2698,aug_2698,0
2699,aug_2699,0
2700,aug_2700,0
2701,aug_2701,0
2702,aug_2702,1
2703,aug_2703,0
2704,aug_2704,1
2705,aug_2705,0
2706,aug_2706,0
2707,aug_2707,0
2708,aug_2708,1
2709,aug_2709,0
2710,aug_2710,1
2711,aug_2711,0
2712,aug_2712,0
2713,aug_2713,1
2714,aug_2714,0
2715,aug_2715,1
2716,aug_2716,0
2717,aug_2717,0
2718,aug_2718,0
2719,aug_2719,0
2720,aug_2720,0
2721,aug_2721,0
2722,aug_2722,0
2723,aug_2723,0
2724,aug_2724,1
2725,aug_2725,0
2726,aug_2726,0
2727,aug_2727,0
2728,aug_2728,0
2729,aug_2729,0
2730,aug_2730,0
2731,aug_2731,0
2732,aug_2732,1
2733,aug_2733,0
2734,aug_2734,1
2735,aug_2735,1
2736,aug_2736,0
2737,aug_2737,1
2738,aug_2738,0
2739,aug_2739,0
2740,aug_2740,1
2741,aug_2741,1
2742,aug_2742,1
2743,aug_2743,1
2744,aug_2744,0
2745,aug_2745,0
2746,aug_2746,0
2747,aug_2747,1
2748,aug_2748,0
2749,aug_2749,1
2750,aug_2750,0
2751,aug_2751,1
2752,aug_2752,1
2753,aug_2753,0
2754,aug_2754,0
2755,aug_2755,0
2756,aug_2756,1
2757,aug_2757,0
2758,aug_2758,0
2759,aug_2759,0
2760,aug_2760,1
2761,aug_2761,0
2762,aug_2762,1
2763,aug_2763,0
2764,aug_2764,0
2765,aug_2765,1
2766,aug_2766,0
2767,aug_2767,0
2768,aug_2768,1
2769,aug_2769,1
2770,aug_2770,0
2771,aug_2771,0
2772,aug_2772,1
2773,aug_2773,0
2774,aug_2774,0
2775,aug_2775,0
2776,aug_2776,1
2777,aug_2777,0
2778,aug_2778,0
2779,aug_2779,0
2780,aug_2780,0
2781,aug_2781,1
2782,aug_2782,0
2783,aug_2783,0
2784,aug_2784,1
2785,aug_2785,1
2786,aug_2786,1
2787,aug_2787,0
2788,aug_2788,0
2789,aug_2789,0
2790,aug_2790,0
2791,aug_2791,0
2792,aug_2792,0
2793,aug_2793,1
2794,aug_2794,1
2795,aug_2795,0
2796,aug_2796,1
2797,aug_2797,0
2798,aug_2798,1
2799,aug_2799,0
2800,aug_2800,0
2801,aug_2801,1
2802,aug_2802,1
2803,aug_2803,0
2804,aug_2804,0
2805,aug_2805,0
2806,aug_2806,0
2807,aug_2807,0
2808,aug_2808,0
2809,aug_2809,0
2810,aug_2810,0
2811,aug_2811,0
2812,aug_2812,0
2813,aug_2813,0
2814,aug_2814,0
2815,aug_2815,0
2816,aug_2816,1
2817,aug_2817,1
2818,aug_2818,0
2819,aug_2819,0
2820,aug_2820,0
2821,aug_2821,0
2822,aug_2822,1
2823,aug_2823,1
2824,aug_2824,1
2825,aug_2825,1
2826,aug_2826,0
2827,aug_2827,0
2828,aug_2828,0
2829,aug_2829,1
2830,aug_2830,0
2831,aug_2831,1
2832,aug_2832,0
2833,aug_2833,0
2834,aug_2834,1
2835,aug_2835,1
2836,aug_2836,0
2837,aug_2837,0
2838,aug_2838,0
2839,aug_2839,0
2840,aug_2840,1
2841,aug_2841,0
2842,aug_2842,0
2843,aug_2843,1
2844,aug_2844,0
2845,aug_2845,0
2846,aug_2846,1
2847,aug_2847,1
2848,aug_2848,0
2849,aug_2849,0
2850,aug_2850,0
2851,aug_2851,1
2852,aug_2852,0
2853,aug_2853,0
2854,aug_2854,0
2855,aug_2855,0
2856,aug_2856,0
2857,aug_2857,0
2858,aug_2858,1
2859,aug_2859,0
2860,aug_2860,0
2861,aug_2861,1
2862,aug_2862,1
2863,aug_2863,1
2864,aug_2864,1
2865,aug_2865,0
2866,aug_2866,1
2867,aug_2867,0
2868,aug_2868,0
2869,aug_2869,0
2870,aug_2870,0
2871,aug_2871,0
2872,aug_2872,0
2873,aug_2873,0
2874,aug_2874,0
2875,aug_2875,0
2876,aug_2876,0
2877,aug_2877,0
2878,aug_2878,0
2879,aug_2879,1
2880,aug_2880,0
2881,aug_2881,1
2882,aug_2882,0
2883,aug_2883,0
2884,aug_2884,0
2885,aug_2885,0
2886,aug_2886,0
2887,aug_2887,0
2888,aug_2888,0
2889,aug_2889,0
2890,aug_2890,0
2891,aug_2891,1
2892,aug_2892,0
2893,aug_2893,1
2894,aug_2894,0
2895,aug_2895,0
2896,aug_2896,0
2897,aug_2897,1
2898,aug_2898,0
2899,aug_2899,1
2900,aug_2900,0
2901,aug_2901,0
2902,aug_2902,1
2903,aug_2903,0
2904,aug_2904,1
2905,aug_2905,0
2906,aug_2906,0
2907,aug_2907,0
2908,aug_2908,0
2909,aug_2909,0
2910,aug_2910,0
2911,aug_2911,0
2912,aug_2912,0
2913,aug_2913,1
2914,aug_2914,0
2915,aug_2915,0
2916,aug_2916,0
2917,aug_2917,0
2918,aug_2918,0
2919,aug_2919,0
2920,aug_2920,1
2921,aug_2921,0
2922,aug_2922,1
2923,aug_2923,1
2924,aug_2924,0
2925,aug_2925,1
2926,aug_2926,1
2927,aug_2927,0
2928,aug_2928,0
2929,aug_2929,1
2930,aug_2930,1
2931,aug_2931,1
2932,aug_2932,1
2933,aug_2933,1
2934,aug_2934,0
2935,aug_2935,1
2936,aug_2936,1
2937,aug_2937,1
2938,aug_2938,0
2939,aug_2939,1
2940,aug_2940,1
2941,aug_2941,1
2942,aug_2942,1
2943,aug_2943,1
2944,aug_2944,1
2945,aug_2945,1
2946,aug_2946,1
2947,aug_2947,0
2948,aug_2948,1
2949,aug_2949,1
2950,aug_2950,1
2951,aug_2951,1
2952,aug_2952,1
2953,aug_2953,1
2954,aug_2954,0
2955,aug_2955,0
2956,aug_2956,0
2957,aug_2957,1
2958,aug_2958,0
2959,aug_2959,1
2960,aug_2960,1
2961,aug_2961,0
2962,aug_2962,0
2963,aug_2963,1
2964,aug_2964,1
2965,aug_2965,1
2966,aug_2966,1
2967,aug_2967,1
2968,aug_2968,1
2969,aug_2969,0
2970,aug_2970,1
2971,aug_2971,0
2972,aug_2972,1
2973,aug_2973,1
2974,aug_2974,0
2975,aug_2975,0
2976,aug_2976,0
2977,aug_2977,0
2978,aug_2978,1
2979,aug_2979,1
2980,aug_2980,0
2981,aug_2981,1
2982,aug_2982,1
2983,aug_2983,1
2984,aug_2984,1
2985,aug_2985,1
2986,aug_2986,0
2987,aug_2987,1
2988,aug_2988,1
2989,aug_2989,1
2990,aug_2990,1
2991,aug_2991,1
2992,aug_2992,1
2993,aug_2993,1
2994,aug_2994,1
2995,aug_2995,0
2996,aug_2996,1
2997,aug_2997,1
2998,aug_2998,1
2999,aug_2999,0
3000,aug_3000,1
3001,aug_3001,1
3002,aug_3002,1
3003,aug_3003,1
3004,aug_3004,1
3005,aug_3005,1
3006,aug_3006,1
3007,aug_3007,1
3008,aug_3008,0
3009,aug_3009,1
3010,aug_3010,0
3011,aug_3011,1
3012,aug_3012,1
3013,aug_3013,1
3014,aug_3014,1
3015,aug_3015,1
3016,aug_3016,1
3017,aug_3017,1
3018,aug_3018,0
3019,aug_3019,0
3020,aug_3020,0
3021,aug_3021,1
3022,aug_3022,1
3023,aug_3023,0
3024,aug_3024,1
3025,aug_3025,0
3026,aug_3026,1
3027,aug_3027,1
3028,aug_3028,0
3029,aug_3029,1
3030,aug_3030,0
3031,aug_3031,1
3032,aug_3032,1
3033,aug_3033,1
3034,aug_3034,1
3035,aug_3035,1
3036,aug_3036,0
3037,aug_3037,1
3038,aug_3038,1
3039,aug_3039,0
3040,aug_3040,1
3041,aug_3041,1
3042,aug_3042,1
3043,aug_3043,0
3044,aug_3044,1
3045,aug_3045,0
3046,aug_3046,1
3047,aug_3047,0
3048,aug_3048,1
3049,aug_3049,1
3050,aug_3050,1
3051,aug_3051,0
3052,aug_3052,0
3053,aug_3053,1
3054,aug_3054,0
3055,aug_3055,0
3056,aug_3056,1
3057,aug_3057,0
3058,aug_3058,1
3059,aug_3059,0
3060,aug_3060,1
3061,aug_3061,0
3062,aug_3062,1
3063,aug_3063,0
3064,aug_3064,1
3065,aug_3065,0
3066,aug_3066,0
3067,aug_3067,1
3068,aug_3068,1
3069,aug_3069,0
3070,aug_3070,0
3071,aug_3071,1
3072,aug_3072,1
3073,aug_3073,1
3074,aug_3074,0
3075,aug_3075,1
3076,aug_3076,1
3077,aug_3077,1
3078,aug_3078,1
3079,aug_3079,1
3080,aug_3080,1
3081,aug_3081,0
3082,aug_3082,0
3083,aug_3083,0
3084,aug_3084,1
3085,aug_3085,1
3086,aug_3086,1
3087,aug_3087,0
3088,aug_3088,1
3089,aug_3089,0
3090,aug_3090,0
3091,aug_3091,0
3092,aug_3092,1
3093,aug_3093,1
3094,aug_3094,1
3095,aug_3095,0
3096,aug_3096,1
3097,aug_3097,1
3098,aug_3098,1
3099,aug_3099,1
3100,aug_3100,0
3101,aug_3101,1
3102,aug_3102,1
3103,aug_3103,0
3104,aug_3104,1
3105,aug_3105,1
3106,aug_3106,0
3107,aug_3107,0
3108,aug_3108,1
3109,aug_3109,1
3110,aug_3110,1
3111,aug_3111,1
3112,aug_3112,1
3113,aug_3113,0
3114,aug_3114,1
3115,aug_3115,1
3116,aug_3116,1
3117,aug_3117,0
3118,aug_3118,1
3119,aug_3119,1
3120,aug_3120,1
3121,aug_3121,1
3122,aug_3122,1
3123,aug_3123,1
3124,aug_3124,1
3125,aug_3125,1
3126,aug_3126,0
3127,aug_3127,1
3128,aug_3128,1
3129,aug_3129,1
3130,aug_3130,1
3131,aug_3131,1
3132,aug_3132,1
3133,aug_3133,0
3134,aug_3134,0
3135,aug_3135,0
3136,aug_3136,1
3137,aug_3137,0
3138,aug_3138,1
3139,aug_3139,1
3140,aug_3140,0
3141,aug_3141,0
3142,aug_3142,1
3143,aug_3143,1
3144,aug_3144,1
3145,aug_3145,1
3146,aug_3146,1
3147,aug_3147,1
3148,aug_3148,0
3149,aug_3149,1
3150,aug_3150,0
3151,aug_3151,1
3152,aug_3152,1
3153,aug_3153,0
3154,aug_3154,0
3155,aug_3155,0
3156,aug_3156,0
3157,aug_3157,1
3158,aug_3158,1
3159,aug_3159,0
3160,aug_3160,1
3161,aug_3161,1
3162,aug_3162,1
3163,aug_3163,1
3164,aug_3164,1
3165,aug_3165,0
3166,aug_3166,1
3167,aug_3167,1
3168,aug_3168,1
3169,aug_3169,1
3170,aug_3170,1
3171,aug_3171,1
3172,aug_3172,1
3173,aug_3173,1
3174,aug_3174,0
3175,aug_3175,1
3176,aug_3176,1
3177,aug_3177,1
3178,aug_3178,0
3179,aug_3179,1
3180,aug_3180,1
3181,aug_3181,1
3182,aug_3182,1
3183,aug_3183,1
3184,aug_3184,1
3185,aug_3185,1
3186,aug_3186,1
3187,aug_3187,0
3188,aug_3188,1
3189,aug_3189,0
3190,aug_3190,1
3191,aug_3191,1
3192,aug_3192,1
3193,aug_3193,1
3194,aug_3194,1
3195,aug_3195,1
3196,aug_3196,1
3197,aug_3197,0
3198,aug_3198,0
3199,aug_3199,0
3200,aug_3200,1
3201,aug_3201,1
3202,aug_3202,0
3203,aug_3203,1
3204,aug_3204,0
3205,aug_3205,1
3206,aug_3206,1
3207,aug_3207,0
3208,aug_3208,1
3209,aug_3209,0
3210,aug_3210,1
3211,aug_3211,1
3212,aug_3212,1
3213,aug_3213,1
3214,aug_3214,1
3215,aug_3215,0
3216,aug_3216,1
3217,aug_3217,1
3218,aug_3218,0
3219,aug_3219,1
3220,aug_3220,1
3221,aug_3221,1
3222,aug_3222,0
3223,aug_3223,1
3224,aug_3224,0
3225,aug_3225,1
3226,aug_3226,0
3227,aug_3227,1
3228,aug_3228,1
3229,aug_3229,1
3230,aug_3230,0
3231,aug_3231,0
3232,aug_3232,1
3233,aug_3233,0
3234,aug_3234,0
3235,aug_3235,1
3236,aug_3236,0
3237,aug_3237,1
3238,aug_3238,0
3239,aug_3239,1
3240,aug_3240,0
3241,aug_3241,1
3242,aug_3242,0
3243,aug_3243,1
3244,aug_3244,0
3245,aug_3245,0
3246,aug_3246,1
3247,aug_3247,1
3248,aug_3248,0
3249,aug_3249,0
3250,aug_3250,1
3251,aug_3251,1
3252,aug_3252,1
3253,aug_3253,0
3254,aug_3254,1
3255,aug_3255,1
3256,aug_3256,1
3257,aug_3257,1
3258,aug_3258,1
3259,aug_3259,1
3260,aug_3260,0
3261,aug_3261,0
3262,aug_3262,0
3263,aug_3263,1
3264,aug_3264,1
3265,aug_3265,1
3266,aug_3266,0
3267,aug_3267,1
3268,aug_3268,0
3269,aug_3269,0
3270,aug_3270,0
3271,aug_3271,1
3272,aug_3272,1
3273,aug_3273,1
3274,aug_3274,0
3275,aug_3275,1
3276,aug_3276,1
3277,aug_3277,1
3278,aug_3278,0
3279,aug_3279,0
3280,aug_3280,1
3281,aug_3281,0
3282,aug_3282,0
3283,aug_3283,1
3284,aug_3284,1
3285,aug_3285,0
3286,aug_3286,0
3287,aug_3287,0
3288,aug_3288,0
3289,aug_3289,0
3290,aug_3290,0
3291,aug_3291,0
3292,aug_3292,1
3293,aug_3293,0
3294,aug_3294,0
3295,aug_3295,0
3296,aug_3296,0
3297,aug_3297,0
3298,aug_3298,1
3299,aug_3299,1
3300,aug_3300,0
3301,aug_3301,0
3302,aug_3302,0
3303,aug_3303,1
3304,aug_3304,0
3305,aug_3305,0
3306,aug_3306,0
3307,aug_3307,0
3308,aug_3308,0
3309,aug_3309,1
3310,aug_3310,0
3311,aug_3311,0
3312,aug_3312,0
3313,aug_3313,0
3314,aug_3314,1
3315,aug_3315,0
3316,aug_3316,0
3317,aug_3317,0
3318,aug_3318,0
3319,aug_3319,0
3320,aug_3320,1
3321,aug_3321,1
3322,aug_3322,0
3323,aug_3323,1
3324,aug_3324,0
3325,aug_3325,1
3326,aug_3326,0
3327,aug_3327,0
3328,aug_3328,0
3329,aug_3329,1
3330,aug_3330,0
3331,aug_3331,0
3332,aug_3332,1
3333,aug_3333,0
3334,aug_3334,0
3335,aug_3335,1
3336,aug_3336,1
3337,aug_3337,0
3338,aug_3338,0
3339,aug_3339,1
3340,aug_3340,0
3341,aug_3341,0
3342,aug_3342,0
3343,aug_3343,0
3344,aug_3344,1
3345,aug_3345,0
3346,aug_3346,0
3347,aug_3347,1
3348,aug_3348,0
3349,aug_3349,1
3350,aug_3350,1
3351,aug_3351,0
3352,aug_3352,1
3353,aug_3353,0
3354,aug_3354,1
3355,aug_3355,1
3356,aug_3356,0
3357,aug_3357,0
3358,aug_3358,0
3359,aug_3359,1
3360,aug_3360,1
3361,aug_3361,0
3362,aug_3362,1
3363,aug_3363,0
3364,aug_3364,0
3365,aug_3365,0
3366,aug_3366,0
3367,aug_3367,1
3368,aug_3368,0
3369,aug_3369,0
3370,aug_3370,0
3371,aug_3371,0
3372,aug_3372,0
3373,aug_3373,1
3374,aug_3374,0
3375,aug_3375,0
3376,aug_3376,0
3377,aug_3377,0
3378,aug_3378,0
3379,aug_3379,1
3380,aug_3380,0
3381,aug_3381,0
3382,aug_3382,1
3383,aug_3383,1
3384,aug_3384,0
3385,aug_3385,0
3386,aug_3386,0
3387,aug_3387,0
3388,aug_3388,0
3389,aug_3389,0
3390,aug_3390,0
3391,aug_3391,1
3392,aug_3392,0
3393,aug_3393,0
3394,aug_3394,0
3395,aug_3395,0
3396,aug_3396,0
3397,aug_3397,1
3398,aug_3398,1
3399,aug_3399,0
3400,aug_3400,0
3401,aug_3401,0
3402,aug_3402,1
3403,aug_3403,0
3404,aug_3404,0
3405,aug_3405,0
3406,aug_3406,0
3407,aug_3407,0
3408,aug_3408,1
3409,aug_3409,0
3410,aug_3410,0
3411,aug_3411,0
3412,aug_3412,0
3413,aug_3413,1
3414,aug_3414,0
3415,aug_3415,0
3416,aug_3416,0
3417,aug_3417,0
3418,aug_3418,0
3419,aug_3419,1
3420,aug_3420,1
3421,aug_3421,0
3422,aug_3422,1
3423,aug_3423,0
3424,aug_3424,1
3425,aug_3425,0
3426,aug_3426,0
3427,aug_3427,0
3428,aug_3428,1
3429,aug_3429,0
3430,aug_3430,0
3431,aug_3431,1
3432,aug_3432,0
3433,aug_3433,0
3434,aug_3434,1
3435,aug_3435,1
3436,aug_3436,0
3437,aug_3437,0
3438,aug_3438,1
3439,aug_3439,0
3440,aug_3440,0
3441,aug_3441,0
3442,aug_3442,0
3443,aug_3443,1
3444,aug_3444,0
3445,aug_3445,0
3446,aug_3446,1
3447,aug_3447,0
3448,aug_3448,1
3449,aug_3449,1
3450,aug_3450,0
3451,aug_3451,1
3452,aug_3452,0
3453,aug_3453,1
3454,aug_3454,1
3455,aug_3455,0
3456,aug_3456,0
3457,aug_3457,0
3458,aug_3458,1
3459,aug_3459,1
3460,aug_3460,0
3461,aug_3461,1
3462,aug_3462,0
3463,aug_3463,0
3464,aug_3464,0
3465,aug_3465,0
3466,aug_3466,1
3467,aug_3467,0
3468,aug_3468,0
3469,aug_3469,0
3470,aug_3470,0
3471,aug_3471,0
3472,aug_3472,1
3473,aug_3473,0
3474,aug_3474,0
3475,aug_3475,0
3476,aug_3476,1
3477,aug_3477,0
3478,aug_3478,1
3479,aug_3479,1
3480,aug_3480,0
3481,aug_3481,0
3482,aug_3482,0
3483,aug_3483,0
3484,aug_3484,1
3485,aug_3485,0
3486,aug_3486,1
3487,aug_3487,1
3488,aug_3488,1
3489,aug_3489,1
3490,aug_3490,0
3491,aug_3491,0
3492,aug_3492,1
3493,aug_3493,1
3494,aug_3494,1
3495,aug_3495,0
3496,aug_3496,0
3497,aug_3497,0
3498,aug_3498,1
3499,aug_3499,1
3500,aug_3500,0
3501,aug_3501,0
3502,aug_3502,0
3503,aug_3503,1
3504,aug_3504,0
3505,aug_3505,0
3506,aug_3506,0
3507,aug_3507,1
3508,aug_3508,1
3509,aug_3509,1
3510,aug_3510,1
3511,aug_3511,1
3512,aug_3512,1
3513,aug_3513,1
3514,aug_3514,1
3515,aug_3515,0
3516,aug_3516,0
3517,aug_3517,1
3518,aug_3518,0
3519,aug_3519,0
3520,aug_3520,0
3521,aug_3521,1
3522,aug_3522,1
3523,aug_3523,1
3524,aug_3524,1
3525,aug_3525,0
3526,aug_3526,1
3527,aug_3527,1
3528,aug_3528,1
3529,aug_3529,0
3530,aug_3530,0
3531,aug_3531,1
3532,aug_3532,0
3533,aug_3533,1
3534,aug_3534,0
3535,aug_3535,1
3536,aug_3536,0
3537,aug_3537,1
3538,aug_3538,0
3539,aug_3539,1
3540,aug_3540,1
3541,aug_3541,1
3542,aug_3542,1
3543,aug_3543,1
3544,aug_3544,1
3545,aug_3545,1
3546,aug_3546,1
3547,aug_3547,0
3548,aug_3548,1
3549,aug_3549,0
3550,aug_3550,0
3551,aug_3551,0
3552,aug_3552,0
3553,aug_3553,1
3554,aug_3554,0
3555,aug_3555,1
3556,aug_3556,0
3557,aug_3557,0
3558,aug_3558,1
3559,aug_3559,1
3560,aug_3560,1
3561,aug_3561,0
3562,aug_3562,1
3563,aug_3563,1
3564,aug_3564,0
3565,aug_3565,1
3566,aug_3566,0
3567,aug_3567,1
3568,aug_3568,1
3569,aug_3569,1
3570,aug_3570,1
3571,aug_3571,1
3572,aug_3572,1
3573,aug_3573,1
3574,aug_3574,0
3575,aug_3575,0
3576,aug_3576,1
3577,aug_3577,0
3578,aug_3578,1
3579,aug_3579,1
3580,aug_3580,0
3581,aug_3581,0
3582,aug_3582,0
3583,aug_3583,0
3584,aug_3584,1
3585,aug_3585,0
3586,aug_3586,1
3587,aug_3587,1
3588,aug_3588,1
3589,aug_3589,1
3590,aug_3590,0
3591,aug_3591,0
3592,aug_3592,1
3593,aug_3593,1
3594,aug_3594,1
3595,aug_3595,0
3596,aug_3596,0
3597,aug_3597,0
3598,aug_3598,1
3599,aug_3599,1
3600,aug_3600,0
3601,aug_3601,0
3602,aug_3602,0
3603,aug_3603,1
3604,aug_3604,0
3605,aug_3605,0
3606,aug_3606,0
3607,aug_3607,1
3608,aug_3608,1
3609,aug_3609,1
3610,aug_3610,1
3611,aug_3611,1
3612,aug_3612,1
3613,aug_3613,1
3614,aug_3614,1
3615,aug_3615,0
3616,aug_3616,0
3617,aug_3617,1
3618,aug_3618,0
3619,aug_3619,0
3620,aug_3620,0
3621,aug_3621,1
3622,aug_3622,1
3623,aug_3623,1
3624,aug_3624,1
3625,aug_3625,0
3626,aug_3626,1
3627,aug_3627,1
3628,aug_3628,1
3629,aug_3629,0
3630,aug_3630,0
3631,aug_3631,1
3632,aug_3632,0
3633,aug_3633,1
3634,aug_3634,0
3635,aug_3635,1
3636,aug_3636,0
3637,aug_3637,1
3638,aug_3638,0
3639,aug_3639,1
3640,aug_3640,1
3641,aug_3641,1
3642,aug_3642,1
3643,aug_3643,1
3644,aug_3644,1
3645,aug_3645,1
3646,aug_3646,1
3647,aug_3647,0
3648,aug_3648,1
3649,aug_3649,0
3650,aug_3650,0
3651,aug_3651,0
3652,aug_3652,0
3653,aug_3653,1
3654,aug_3654,0
3655,aug_3655,1
3656,aug_3656,0
3657,aug_3657,0
3658,aug_3658,1
3659,aug_3659,1
3660,aug_3660,1
3661,aug_3661,0
3662,aug_3662,1
3663,aug_3663,1
3664,aug_3664,0
3665,aug_3665,1
3666,aug_3666,0
3667,aug_3667,1
3668,aug_3668,1
3669,aug_3669,1
3670,aug_3670,1
3671,aug_3671,1
3672,aug_3672,1
3673,aug_3673,1
3674,aug_3674,0
3675,aug_3675,0
3676,aug_3676,0
3677,aug_3677,1
3678,aug_3678,1
3679,aug_3679,1
3680,aug_3680,1
3681,aug_3681,1
3682,aug_3682,1
3683,aug_3683,1
3684,aug_3684,1
3685,aug_3685,0
3686,aug_3686,1
3687,aug_3687,0
3688,aug_3688,1
3689,aug_3689,1
3690,aug_3690,1
3691,aug_3691,1
3692,aug_3692,1
3693,aug_3693,1
3694,aug_3694,1
3695,aug_3695,0
3696,aug_3696,0
3697,aug_3697,1
3698,aug_3698,0
3699,aug_3699,1
3700,aug_3700,1
3701,aug_3701,1
3702,aug_3702,1
3703,aug_3703,1
3704,aug_3704,1
3705,aug_3705,0
3706,aug_3706,1
3707,aug_3707,0
3708,aug_3708,1
3709,aug_3709,1
3710,aug_3710,0
3711,aug_3711,1
3712,aug_3712,1
3713,aug_3713,1
3714,aug_3714,1
3715,aug_3715,1
3716,aug_3716,1
3717,aug_3717,1
3718,aug_3718,1
3719,aug_3719,0
3720,aug_3720,1
3721,aug_3721,0
3722,aug_3722,0
3723,aug_3723,1
3724,aug_3724,0
3725,aug_3725,1
3726,aug_3726,1
3727,aug_3727,1
3728,aug_3728,1
3729,aug_3729,0
3730,aug_3730,1
3731,aug_3731,1
3732,aug_3732,1
3733,aug_3733,1
3734,aug_3734,1
3735,aug_3735,1
3736,aug_3736,1
3737,aug_3737,0
3738,aug_3738,1
3739,aug_3739,1
3740,aug_3740,1
3741,aug_3741,1
3742,aug_3742,1
3743,aug_3743,1
3744,aug_3744,0
3745,aug_3745,1
3746,aug_3746,1
3747,aug_3747,1
3748,aug_3748,0
3749,aug_3749,0
3750,aug_3750,1
3751,aug_3751,0
3752,aug_3752,1
3753,aug_3753,1
3754,aug_3754,0
3755,aug_3755,1
3756,aug_3756,0
3757,aug_3757,0
3758,aug_3758,1
3759,aug_3759,1
3760,aug_3760,1
3761,aug_3761,1
3762,aug_3762,1
3763,aug_3763,1
3764,aug_3764,1
3765,aug_3765,0
3766,aug_3766,0
3767,aug_3767,0
3768,aug_3768,1
3769,aug_3769,0
3770,aug_3770,1
3771,aug_3771,1
3772,aug_3772,0
3773,aug_3773,1
3774,aug_3774,1
3775,aug_3775,1
3776,aug_3776,1
3777,aug_3777,1
3778,aug_3778,1
3779,aug_3779,0
3780,aug_3780,1
3781,aug_3781,1
3782,aug_3782,1
3783,aug_3783,1
3784,aug_3784,1
3785,aug_3785,1
3786,aug_3786,0
3787,aug_3787,0
3788,aug_3788,0
3789,aug_3789,1
3790,aug_3790,0
3791,aug_3791,1
3792,aug_3792,0
3793,aug_3793,0
3794,aug_3794,1
3795,aug_3795,0
3796,aug_3796,0
3797,aug_3797,0
3798,aug_3798,1
3799,aug_3799,1
3800,aug_3800,0
3801,aug_3801,1
3802,aug_3802,1
3803,aug_3803,1
3804,aug_3804,0
3805,aug_3805,0
3806,aug_3806,1
3807,aug_3807,1
3808,aug_3808,1
3809,aug_3809,0
3810,aug_3810,1
3811,aug_3811,1
3812,aug_3812,0
3813,aug_3813,1
3814,aug_3814,1
3815,aug_3815,1
3816,aug_3816,0
3817,aug_3817,1
3818,aug_3818,0
3819,aug_3819,1
3820,aug_3820,1
3821,aug_3821,1
3822,aug_3822,1
3823,aug_3823,0
3824,aug_3824,1
3825,aug_3825,1
3826,aug_3826,1
3827,aug_3827,1
3828,aug_3828,0
3829,aug_3829,0
3830,aug_3830,1
3831,aug_3831,1
3832,aug_3832,1
3833,aug_3833,1
3834,aug_3834,0
3835,aug_3835,1
3836,aug_3836,0
3837,aug_3837,1
3838,aug_3838,0
3839,aug_3839,1
3840,aug_3840,0
3841,aug_3841,1
3842,aug_3842,0
3843,aug_3843,1
3844,aug_3844,1
3845,aug_3845,0
3846,aug_3846,0
3847,aug_3847,1
3848,aug_3848,0
3849,aug_3849,0
3850,aug_3850,1
3851,aug_3851,0
3852,aug_3852,0
3853,aug_3853,1
3854,aug_3854,1
3855,aug_3855,1
3856,aug_3856,1
3857,aug_3857,1
3858,aug_3858,0
3859,aug_3859,1
3860,aug_3860,0
3861,aug_3861,1
3862,aug_3862,1
3863,aug_3863,1
3864,aug_3864,1
3865,aug_3865,1
3866,aug_3866,1
3867,aug_3867,1
3868,aug_3868,1
3869,aug_3869,0
3870,aug_3870,1
3871,aug_3871,0
3872,aug_3872,1
3873,aug_3873,1
3874,aug_3874,1
3875,aug_3875,1
3876,aug_3876,1
3877,aug_3877,1
3878,aug_3878,1
3879,aug_3879,0
3880,aug_3880,0
3881,aug_3881,1
3882,aug_3882,0
3883,aug_3883,1
3884,aug_3884,1
3885,aug_3885,1
3886,aug_3886,1
3887,aug_3887,1
3888,aug_3888,1
3889,aug_3889,0
3890,aug_3890,1
3891,aug_3891,0
3892,aug_3892,1
3893,aug_3893,1
3894,aug_3894,0
3895,aug_3895,1
3896,aug_3896,1
3897,aug_3897,1
3898,aug_3898,1
3899,aug_3899,1
3900,aug_3900,1
3901,aug_3901,1
3902,aug_3902,1
3903,aug_3903,0
3904,aug_3904,1
3905,aug_3905,0
3906,aug_3906,0
3907,aug_3907,1
3908,aug_3908,0
3909,aug_3909,1
3910,aug_3910,1
3911,aug_3911,1
3912,aug_3912,1
3913,aug_3913,0
3914,aug_3914,1
3915,aug_3915,1
3916,aug_3916,1
3917,aug_3917,1
3918,aug_3918,1
3919,aug_3919,1
3920,aug_3920,1
3921,aug_3921,0
3922,aug_3922,1
3923,aug_3923,1
3924,aug_3924,1
3925,aug_3925,1
3926,aug_3926,1
3927,aug_3927,1
3928,aug_3928,0
3929,aug_3929,1
3930,aug_3930,1
3931,aug_3931,1
3932,aug_3932,0
3933,aug_3933,0
3934,aug_3934,1
3935,aug_3935,0
3936,aug_3936,1
3937,aug_3937,1
3938,aug_3938,0
3939,aug_3939,1
3940,aug_3940,0
3941,aug_3941,0
3942,aug_3942,1
3943,aug_3943,1
3944,aug_3944,1
3945,aug_3945,1
3946,aug_3946,1
3947,aug_3947,1
3948,aug_3948,1
3949,aug_3949,0
3950,aug_3950,0
3951,aug_3951,0
3952,aug_3952,1
3953,aug_3953,0
3954,aug_3954,1
3955,aug_3955,1
3956,aug_3956,0
3957,aug_3957,1
3958,aug_3958,1
3959,aug_3959,1
3960,aug_3960,1
3961,aug_3961,1
3962,aug_3962,1
3963,aug_3963,0
3964,aug_3964,1
3965,aug_3965,1
3966,aug_3966,1
3967,aug_3967,1
3968,aug_3968,1
3969,aug_3969,1
3970,aug_3970,0
3971,aug_3971,0
3972,aug_3972,0
3973,aug_3973,1
3974,aug_3974,0
3975,aug_3975,1
3976,aug_3976,0
3977,aug_3977,0
3978,aug_3978,1
3979,aug_3979,0
3980,aug_3980,0
3981,aug_3981,0
3982,aug_3982,1
3983,aug_3983,1
3984,aug_3984,0
3985,aug_3985,1
3986,aug_3986,1
3987,aug_3987,1
3988,aug_3988,0
3989,aug_3989,0
3990,aug_3990,1
3991,aug_3991,1
3992,aug_3992,1
3993,aug_3993,0
3994,aug_3994,1
3995,aug_3995,1
3996,aug_3996,0
3997,aug_3997,1
3998,aug_3998,1
3999,aug_3999,1
4000,aug_4000,0
4001,aug_4001,1
4002,aug_4002,0
4003,aug_4003,1
4004,aug_4004,1
4005,aug_4005,1
4006,aug_4006,1
4007,aug_4007,0
4008,aug_4008,1
4009,aug_4009,1
4010,aug_4010,1
4011,aug_4011,1
4012,aug_4012,0
4013,aug_4013,0
4014,aug_4014,1
4015,aug_4015,1
4016,aug_4016,1
4017,aug_4017,1
4018,aug_4018,0
4019,aug_4019,1
4020,aug_4020,0
4021,aug_4021,1
4022,aug_4022,0
4023,aug_4023,1
4024,aug_4024,0
4025,aug_4025,1
4026,aug_4026,0
4027,aug_4027,1
4028,aug_4028,1
4029,aug_4029,0
4030,aug_4030,0
4031,aug_4031,1
4032,aug_4032,0
4033,aug_4033,0
4034,aug_4034,1
4035,aug_4035,0
4036,aug_4036,0
4037,aug_4037,1
4038,aug_4038,1
4039,aug_4039,1
4040,aug_4040,1
4041,aug_4041,1
4042,aug_4042,0
4043,aug_4043,1
4044,aug_4044,1
4045,aug_4045,1
4046,aug_4046,1
4047,aug_4047,0
4048,aug_4048,0
4049,aug_4049,1
4050,aug_4050,1
4051,aug_4051,0
4052,aug_4052,0
4053,aug_4053,1
4054,aug_4054,0
4055,aug_4055,1
4056,aug_4056,1
4057,aug_4057,0
4058,aug_4058,1
4059,aug_4059,0
4060,aug_4060,1
4061,aug_4061,1
4062,aug_4062,0
4063,aug_4063,1
4064,aug_4064,0
4065,aug_4065,1
4066,aug_4066,1
4067,aug_4067,0
4068,aug_4068,1
4069,aug_4069,0
4070,aug_4070,1
4071,aug_4071,1
4072,aug_4072,1
4073,aug_4073,1
4074,aug_4074,1
4075,aug_4075,1
4076,aug_4076,0
4077,aug_4077,1
4078,aug_4078,0
4079,aug_4079,0
4080,aug_4080,1
4081,aug_4081,1
4082,aug_4082,0
4083,aug_4083,0
4084,aug_4084,0
4085,aug_4085,1
4086,aug_4086,1
4087,aug_4087,0
4088,aug_4088,0
4089,aug_4089,1
4090,aug_4090,1
4091,aug_4091,0
4092,aug_4092,1
4093,aug_4093,1
4094,aug_4094,0
4095,aug_4095,0
4096,aug_4096,1
4097,aug_4097,0
4098,aug_4098,1
4099,aug_4099,1
4100,aug_4100,0
4101,aug_4101,1
4102,aug_4102,0
4103,aug_4103,1
4104,aug_4104,0
4105,aug_4105,0
4106,aug_4106,1
4107,aug_4107,1
4108,aug_4108,0
4109,aug_4109,0
4110,aug_4110,0
4111,aug_4111,1
4112,aug_4112,0
4113,aug_4113,1
4114,aug_4114,1
4115,aug_4115,1
4116,aug_4116,1
4117,aug_4117,1
4118,aug_4118,1
4119,aug_4119,0
4120,aug_4120,0
4121,aug_4121,1
4122,aug_4122,1
4123,aug_4123,1
4124,aug_4124,1
4125,aug_4125,0
4126,aug_4126,0
4127,aug_4127,0
4128,aug_4128,1
4129,aug_4129,1
4130,aug_4130,0
4131,aug_4131,0
4132,aug_4132,1
4133,aug_4133,0
4134,aug_4134,0
4135,aug_4135,0
4136,aug_4136,1
4137,aug_4137,0
4138,aug_4138,0
4139,aug_4139,1
4140,aug_4140,1
4141,aug_4141,1
4142,aug_4142,0
4143,aug_4143,0
4144,aug_4144,0
4145,aug_4145,0
4146,aug_4146,0
4147,aug_4147,0
4148,aug_4148,1
4149,aug_4149,0
4150,aug_4150,1
4151,aug_4151,1
4152,aug_4152,0
4153,aug_4153,0
4154,aug_4154,0
4155,aug_4155,0
4156,aug_4156,1
4157,aug_4157,1
4158,aug_4158,1
4159,aug_4159,0
4160,aug_4160,0
4161,aug_4161,1
4162,aug_4162,1
4163,aug_4163,0
4164,aug_4164,0
4165,aug_4165,1
4166,aug_4166,0
4167,aug_4167,0
4168,aug_4168,0
4169,aug_4169,1
4170,aug_4170,1
4171,aug_4171,0
4172,aug_4172,1
4173,aug_4173,0
4174,aug_4174,0
4175,aug_4175,1
4176,aug_4176,1
4177,aug_4177,1
4178,aug_4178,0
4179,aug_4179,0
4180,aug_4180,1
4181,aug_4181,1
4182,aug_4182,0
4183,aug_4183,0
4184,aug_4184,1
4185,aug_4185,0
4186,aug_4186,1
4187,aug_4187,0
4188,aug_4188,0
4189,aug_4189,0
4190,aug_4190,1
4191,aug_4191,1
4192,aug_4192,1
4193,aug_4193,0
4194,aug_4194,0
4195,aug_4195,0
4196,aug_4196,1
4197,aug_4197,1
4198,aug_4198,0
4199,aug_4199,1
4200,aug_4200,1
4201,aug_4201,0
4202,aug_4202,0
4203,aug_4203,1
4204,aug_4204,1
4205,aug_4205,0
4206,aug_4206,1
4207,aug_4207,0
4208,aug_4208,1
4209,aug_4209,0
4210,aug_4210,0
4211,aug_4211,1
4212,aug_4212,1
4213,aug_4213,1
4214,aug_4214,1
4215,aug_4215,0
4216,aug_4216,0
4217,aug_4217,1
4218,aug_4218,1
4219,aug_4219,0
4220,aug_4220,0
4221,aug_4221,1
4222,aug_4222,0
4223,aug_4223,1
4224,aug_4224,1
4225,aug_4225,0
4226,aug_4226,1
4227,aug_4227,0
4228,aug_4228,1
4229,aug_4229,1
4230,aug_4230,0
4231,aug_4231,1
4232,aug_4232,0
4233,aug_4233,1
4234,aug_4234,1
4235,aug_4235,0
4236,aug_4236,1
4237,aug_4237,0
4238,aug_4238,1
4239,aug_4239,1
4240,aug_4240,1
4241,aug_4241,1
4242,aug_4242,1
4243,aug_4243,1
4244,aug_4244,0
4245,aug_4245,1
4246,aug_4246,0
4247,aug_4247,0
4248,aug_4248,1
4249,aug_4249,1
4250,aug_4250,0
4251,aug_4251,0
4252,aug_4252,0
4253,aug_4253,1
4254,aug_4254,1
4255,aug_4255,0
4256,aug_4256,0
4257,aug_4257,1
4258,aug_4258,1
4259,aug_4259,0
4260,aug_4260,1
4261,aug_4261,1
4262,aug_4262,0
4263,aug_4263,0
4264,aug_4264,1
4265,aug_4265,0
4266,aug_4266,1
4267,aug_4267,1
4268,aug_4268,0
4269,aug_4269,1
4270,aug_4270,0
4271,aug_4271,1
4272,aug_4272,0
4273,aug_4273,0
4274,aug_4274,1
4275,aug_4275,1
4276,aug_4276,0
4277,aug_4277,0
4278,aug_4278,0
4279,aug_4279,1
4280,aug_4280,0
4281,aug_4281,1
4282,aug_4282,1
4283,aug_4283,1
4284,aug_4284,1
4285,aug_4285,1
4286,aug_4286,1
4287,aug_4287,0
4288,aug_4288,0
4289,aug_4289,1
4290,aug_4290,1
4291,aug_4291,1
4292,aug_4292,1
4293,aug_4293,0
4294,aug_4294,0
4295,aug_4295,0
4296,aug_4296,1
4297,aug_4297,1
4298,aug_4298,0
4299,aug_4299,0
4300,aug_4300,1
4301,aug_4301,0
4302,aug_4302,0
4303,aug_4303,0
4304,aug_4304,1
4305,aug_4305,0
4306,aug_4306,0
4307,aug_4307,1
4308,aug_4308,1
4309,aug_4309,1
4310,aug_4310,0
4311,aug_4311,0
4312,aug_4312,0
4313,aug_4313,0
4314,aug_4314,0
4315,aug_4315,0
4316,aug_4316,1
4317,aug_4317,0
4318,aug_4318,1
4319,aug_4319,1
4320,aug_4320,0
4321,aug_4321,0
4322,aug_4322,0
4323,aug_4323,0
4324,aug_4324,1
4325,aug_4325,1
4326,aug_4326,1
4327,aug_4327,0
4328,aug_4328,0
4329,aug_4329,1
4330,aug_4330,1
4331,aug_4331,0
4332,aug_4332,0
4333,aug_4333,1
4334,aug_4334,0
4335,aug_4335,0
4336,aug_4336,0
4337,aug_4337,1
4338,aug_4338,1
4339,aug_4339,0
4340,aug_4340,1
4341,aug_4341,0
4342,aug_4342,0
4343,aug_4343,1
4344,aug_4344,1
4345,aug_4345,1
4346,aug_4346,0
4347,aug_4347,0
4348,aug_4348,1
4349,aug_4349,1
4350,aug_4350,0
4351,aug_4351,0
4352,aug_4352,1
4353,aug_4353,0
4354,aug_4354,1
4355,aug_4355,0
4356,aug_4356,0
4357,aug_4357,0
4358,aug_4358,1
4359,aug_4359,1
4360,aug_4360,1
4361,aug_4361,0
4362,aug_4362,0
4363,aug_4363,0
4364,aug_4364,1
4365,aug_4365,1
4366,aug_4366,0
4367,aug_4367,1
4368,aug_4368,1
4369,aug_4369,0
4370,aug_4370,0
4371,aug_4371,1
4372,aug_4372,1
4373,aug_4373,0
4374,aug_4374,1
4375,aug_4375,0
4376,aug_4376,1
4377,aug_4377,0
4378,aug_4378,0
4379,aug_4379,1
4380,aug_4380,0
4381,aug_4381,1
4382,aug_4382,0
4383,aug_4383,1
4384,aug_4384,1
4385,aug_4385,0
4386,aug_4386,1
4387,aug_4387,0
4388,aug_4388,0
4389,aug_4389,1
4390,aug_4390,1
4391,aug_4391,1
4392,aug_4392,1
4393,aug_4393,0
4394,aug_4394,0
4395,aug_4395,0
4396,aug_4396,1
4397,aug_4397,0
4398,aug_4398,1
4399,aug_4399,0
4400,aug_4400,1
4401,aug_4401,1
4402,aug_4402,0
4403,aug_4403,0
4404,aug_4404,0
4405,aug_4405,1
4406,aug_4406,0
4407,aug_4407,0
4408,aug_4408,0
4409,aug_4409,1
4410,aug_4410,0
4411,aug_4411,1
4412,aug_4412,0
4413,aug_4413,0
4414,aug_4414,1
4415,aug_4415,0
4416,aug_4416,0
4417,aug_4417,1
4418,aug_4418,1
4419,aug_4419,0
4420,aug_4420,0
4421,aug_4421,1
4422,aug_4422,0
4423,aug_4423,0
4424,aug_4424,0
4425,aug_4425,1
4426,aug_4426,0
4427,aug_4427,0
4428,aug_4428,0
4429,aug_4429,0
4430,aug_4430,1
4431,aug_4431,0
4432,aug_4432,0
4433,aug_4433,1
4434,aug_4434,1
4435,aug_4435,1
4436,aug_4436,0
4437,aug_4437,0
4438,aug_4438,0
4439,aug_4439,0
4440,aug_4440,0
4441,aug_4441,0
4442,aug_4442,1
4443,aug_4443,1
4444,aug_4444,0
4445,aug_4445,1
4446,aug_4446,0
4447,aug_4447,1
4448,aug_4448,0
4449,aug_4449,0
4450,aug_4450,1
4451,aug_4451,1
4452,aug_4452,0
4453,aug_4453,0
4454,aug_4454,0
4455,aug_4455,0
4456,aug_4456,0
4457,aug_4457,0
4458,aug_4458,0
4459,aug_4459,0
4460,aug_4460,0
4461,aug_4461,0
4462,aug_4462,0
4463,aug_4463,0
4464,aug_4464,0
4465,aug_4465,1
4466,aug_4466,1
4467,aug_4467,0
4468,aug_4468,0
4469,aug_4469,0
4470,aug_4470,0
4471,aug_4471,1
4472,aug_4472,1
4473,aug_4473,1
4474,aug_4474,1
4475,aug_4475,0
4476,aug_4476,0
4477,aug_4477,0
4478,aug_4478,1
4479,aug_4479,0
4480,aug_4480,1
4481,aug_4481,0
4482,aug_4482,0
4483,aug_4483,1
4484,aug_4484,1
4485,aug_4485,0
4486,aug_4486,0
4487,aug_4487,0
4488,aug_4488,0
4489,aug_4489,1
4490,aug_4490,0
4491,aug_4491,0
4492,aug_4492,1
4493,aug_4493,0
4494,aug_4494,0
4495,aug_4495,1
4496,aug_4496,1
4497,aug_4497,0
4498,aug_4498,0
4499,aug_4499,0
4500,aug_4500,1
4501,aug_4501,0
4502,aug_4502,0
4503,aug_4503,0
4504,aug_4504,0
4505,aug_4505,0
4506,aug_4506,0
4507,aug_4507,1
4508,aug_4508,0
4509,aug_4509,0
4510,aug_4510,1
4511,aug_4511,1
4512,aug_4512,1
4513,aug_4513,1
4514,aug_4514,0
4515,aug_4515,1
4516,aug_4516,0
4517,aug_4517,0
4518,aug_4518,0
4519,aug_4519,0
4520,aug_4520,0
4521,aug_4521,0
4522,aug_4522,0
4523,aug_4523,0
4524,aug_4524,0
4525,aug_4525,0
4526,aug_4526,0
4527,aug_4527,0
4528,aug_4528,1
4529,aug_4529,0
4530,aug_4530,1
4531,aug_4531,0
4532,aug_4532,0
4533,aug_4533,0
4534,aug_4534,0
4535,aug_4535,0
4536,aug_4536,0
4537,aug_4537,0
4538,aug_4538,0
4539,aug_4539,0
4540,aug_4540,1
4541,aug_4541,0
4542,aug_4542,1
4543,aug_4543,0
4544,aug_4544,0
4545,aug_4545,0
4546,aug_4546,1
4547,aug_4547,0
4548,aug_4548,1
4549,aug_4549,0
4550,aug_4550,0
4551,aug_4551,1
4552,aug_4552,0
4553,aug_4553,1
4554,aug_4554,0
4555,aug_4555,0
4556,aug_4556,0
4557,aug_4557,0
4558,aug_4558,0
4559,aug_4559,0
4560,aug_4560,0
4561,aug_4561,0
4562,aug_4562,1
4563,aug_4563,0
4564,aug_4564,0
4565,aug_4565,0
4566,aug_4566,0
4567,aug_4567,0
4568,aug_4568,0
4569,aug_4569,0
4570,aug_4570,1
4571,aug_4571,0
4572,aug_4572,1
4573,aug_4573,1
4574,aug_4574,0
4575,aug_4575,1
4576,aug_4576,0
4577,aug_4577,0
4578,aug_4578,1
4579,aug_4579,1
4580,aug_4580,1
4581,aug_4581,1
4582,aug_4582,0
4583,aug_4583,0
4584,aug_4584,0
4585,aug_4585,1
4586,aug_4586,0
4587,aug_4587,1
4588,aug_4588,0
4589,aug_4589,1
4590,aug_4590,1
4591,aug_4591,0
4592,aug_4592,0
4593,aug_4593,0
4594,aug_4594,1
4595,aug_4595,0
4596,aug_4596,0
4597,aug_4597,0
4598,aug_4598,1
4599,aug_4599,0
4600,aug_4600,1
4601,aug_4601,0
4602,aug_4602,0
4603,aug_4603,1
4604,aug_4604,0
4605,aug_4605,0
4606,aug_4606,1
4607,aug_4607,1
4608,aug_4608,0
4609,aug_4609,0
4610,aug_4610,1
4611,aug_4611,0
4612,aug_4612,0
4613,aug_4613,0
4614,aug_4614,1
4615,aug_4615,0
4616,aug_4616,0
4617,aug_4617,0
4618,aug_4618,0
4619,aug_4619,1
4620,aug_4620,0
4621,aug_4621,0
4622,aug_4622,1
4623,aug_4623,1
4624,aug_4624,1
4625,aug_4625,0
4626,aug_4626,0
4627,aug_4627,0
4628,aug_4628,0
4629,aug_4629,0
4630,aug_4630,0
4631,aug_4631,1
4632,aug_4632,1
4633,aug_4633,0
4634,aug_4634,1
4635,aug_4635,0
4636,aug_4636,1
4637,aug_4637,0
4638,aug_4638,0
4639,aug_4639,1
4640,aug_4640,1
4641,aug_4641,0
4642,aug_4642,0
4643,aug_4643,0
4644,aug_4644,0
4645,aug_4645,0
4646,aug_4646,0
4647,aug_4647,0
4648,aug_4648,0
4649,aug_4649,0
4650,aug_4650,0
4651,aug_4651,0
4652,aug_4652,0
4653,aug_4653,0
4654,aug_4654,1
4655,aug_4655,1
4656,aug_4656,0
4657,aug_4657,0
4658,aug_4658,0
4659,aug_4659,0
4660,aug_4660,1
4661,aug_4661,1
4662,aug_4662,1
4663,aug_4663,1
4664,aug_4664,0
4665,aug_4665,0
4666,aug_4666,0
4667,aug_4667,1
4668,aug_4668,0
4669,aug_4669,1
4670,aug_4670,0
4671,aug_4671,0
4672,aug_4672,1
4673,aug_4673,1
4674,aug_4674,0
4675,aug_4675,0
4676,aug_4676,0
4677,aug_4677,0
4678,aug_4678,1
4679,aug_4679,0
4680,aug_4680,0
4681,aug_4681,1
4682,aug_4682,0
4683,aug_4683,0
4684,aug_4684,1
4685,aug_4685,1
4686,aug_4686,0
4687,aug_4687,0
4688,aug_4688,0
4689,aug_4689,1
4690,aug_4690,0
4691,aug_4691,0
4692,aug_4692,0
4693,aug_4693,0
4694,aug_4694,0
4695,aug_4695,0
4696,aug_4696,1
4697,aug_4697,0
4698,aug_4698,0
4699,aug_4699,1
4700,aug_4700,1
4701,aug_4701,1
4702,aug_4702,1
4703,aug_4703,0
4704,aug_4704,1
4705,aug_4705,0
4706,aug_4706,0
4707,aug_4707,0
4708,aug_4708,0
4709,aug_4709,0
4710,aug_4710,0
4711,aug_4711,0
4712,aug_4712,0
4713,aug_4713,0
4714,aug_4714,0
4715,aug_4715,0
4716,aug_4716,0
4717,aug_4717,1
4718,aug_4718,0
4719,aug_4719,1
4720,aug_4720,0
4721,aug_4721,0
4722,aug_4722,0
4723,aug_4723,0
4724,aug_4724,0
4725,aug_4725,0
4726,aug_4726,0
4727,aug_4727,0
4728,aug_4728,0
4729,aug_4729,1
4730,aug_4730,0
4731,aug_4731,1
4732,aug_4732,0
4733,aug_4733,0
4734,aug_4734,0
4735,aug_4735,1
4736,aug_4736,0
4737,aug_4737,1
4738,aug_4738,0
4739,aug_4739,0
4740,aug_4740,1
4741,aug_4741,0
4742,aug_4742,1
4743,aug_4743,0
4744,aug_4744,0
4745,aug_4745,0
4746,aug_4746,0
4747,aug_4747,0
4748,aug_4748,0
4749,aug_4749,0
4750,aug_4750,0
4751,aug_4751,1
4752,aug_4752,0
4753,aug_4753,0
4754,aug_4754,0
4755,aug_4755,0
4756,aug_4756,0
4757,aug_4757,0
4758,aug_4758,1
4759,aug_4759,0
4760,aug_4760,1
4761,aug_4761,1
4762,aug_4762,0
4763,aug_4763,1
4764,aug_4764,1
4765,aug_4765,0
4766,aug_4766,0
4767,aug_4767,1
4768,aug_4768,1
4769,aug_4769,1
4770,aug_4770,1
4771,aug_4771,1
4772,aug_4772,0
4773,aug_4773,1
4774,aug_4774,1
4775,aug_4775,1
4776,aug_4776,0
4777,aug_4777,1
4778,aug_4778,1
4779,aug_4779,1
4780,aug_4780,1
4781,aug_4781,1
4782,aug_4782,1
4783,aug_4783,1
4784,aug_4784,1
4785,aug_4785,0
4786,aug_4786,1
4787,aug_4787,1
4788,aug_4788,1
4789,aug_4789,1
4790,aug_4790,1
4791,aug_4791,1
4792,aug_4792,0
4793,aug_4793,0
4794,aug_4794,0
4795,aug_4795,1
4796,aug_4796,0
4797,aug_4797,1
4798,aug_4798,1
4799,aug_4799,0
4800,aug_4800,0
4801,aug_4801,1
4802,aug_4802,1
4803,aug_4803,1
4804,aug_4804,1
4805,aug_4805,1
4806,aug_4806,1
4807,aug_4807,0
4808,aug_4808,1
4809,aug_4809,0
4810,aug_4810,1
4811,aug_4811,1
4812,aug_4812,0
4813,aug_4813,0
4814,aug_4814,0
4815,aug_4815,0
4816,aug_4816,1
4817,aug_4817,1
4818,aug_4818,0
4819,aug_4819,1
4820,aug_4820,1
4821,aug_4821,1
4822,aug_4822,1
4823,aug_4823,1
4824,aug_4824,0
4825,aug_4825,1
4826,aug_4826,1
4827,aug_4827,1
4828,aug_4828,1
4829,aug_4829,1
4830,aug_4830,1
4831,aug_4831,1
4832,aug_4832,1
4833,aug_4833,0
4834,aug_4834,1
4835,aug_4835,1
4836,aug_4836,1
4837,aug_4837,0
4838,aug_4838,1
4839,aug_4839,1
4840,aug_4840,1
4841,aug_4841,1
4842,aug_4842,1
4843,aug_4843,1
4844,aug_4844,1
4845,aug_4845,1
4846,aug_4846,0
4847,aug_4847,1
4848,aug_4848,0
4849,aug_4849,1
4850,aug_4850,1
4851,aug_4851,1
4852,aug_4852,1
4853,aug_4853,1
4854,aug_4854,1
4855,aug_4855,1
4856,aug_4856,0
4857,aug_4857,0
4858,aug_4858,0
4859,aug_4859,1
4860,aug_4860,1
4861,aug_4861,0
4862,aug_4862,1
4863,aug_4863,0
4864,aug_4864,1
4865,aug_4865,1
4866,aug_4866,0
4867,aug_4867,1
4868,aug_4868,0
4869,aug_4869,1
4870,aug_4870,1
4871,aug_4871,1
4872,aug_4872,1
4873,aug_4873,1
4874,aug_4874,0
4875,aug_4875,1
4876,aug_4876,1
4877,aug_4877,0
4878,aug_4878,1
4879,aug_4879,1
4880,aug_4880,1
4881,aug_4881,0
4882,aug_4882,1
4883,aug_4883,0
4884,aug_4884,1
4885,aug_4885,0
4886,aug_4886,1
4887,aug_4887,1
4888,aug_4888,1
4889,aug_4889,0
4890,aug_4890,0
4891,aug_4891,1
4892,aug_4892,0
4893,aug_4893,0
4894,aug_4894,1
4895,aug_4895,0
4896,aug_4896,1
4897,aug_4897,0
4898,aug_4898,1
4899,aug_4899,0
4900,aug_4900,1
4901,aug_4901,0
4902,aug_4902,1
4903,aug_4903,0
4904,aug_4904,0
4905,aug_4905,1
4906,aug_4906,1
4907,aug_4907,0
4908,aug_4908,0
4909,aug_4909,1
4910,aug_4910,1
4911,aug_4911,1
4912,aug_4912,0
4913,aug_4913,1
4914,aug_4914,1
4915,aug_4915,1
4916,aug_4916,1
4917,aug_4917,1
4918,aug_4918,1
4919,aug_4919,0
4920,aug_4920,0
4921,aug_4921,0
4922,aug_4922,1
4923,aug_4923,1
4924,aug_4924,1
4925,aug_4925,0
4926,aug_4926,1
4927,aug_4927,0
4928,aug_4928,0
4929,aug_4929,0
4930,aug_4930,1
4931,aug_4931,1
4932,aug_4932,1
4933,aug_4933,0
4934,aug_4934,1
4935,aug_4935,1
4936,aug_4936,1
4937,aug_4937,1
4938,aug_4938,0
4939,aug_4939,1
4940,aug_4940,1
4941,aug_4941,0
4942,aug_4942,1
4943,aug_4943,1
4944,aug_4944,0
4945,aug_4945,0
4946,aug_4946,1
4947,aug_4947,1
4948,aug_4948,1
4949,aug_4949,1
4950,aug_4950,1
4951,aug_4951,0
4952,aug_4952,1
4953,aug_4953,1
4954,aug_4954,1
4955,aug_4955,0
4956,aug_4956,1
4957,aug_4957,1
4958,aug_4958,1
4959,aug_4959,1
4960,aug_4960,1
4961,aug_4961,1
4962,aug_4962,1
4963,aug_4963,1
4964,aug_4964,0
4965,aug_4965,1
4966,aug_4966,1
4967,aug_4967,1
4968,aug_4968,1
4969,aug_4969,1
4970,aug_4970,1
4971,aug_4971,0
4972,aug_4972,0
4973,aug_4973,0
4974,aug_4974,1
4975,aug_4975,0
4976,aug_4976,1
4977,aug_4977,1
4978,aug_4978,0
4979,aug_4979,0
4980,aug_4980,1
4981,aug_4981,1
4982,aug_4982,1
4983,aug_4983,1
4984,aug_4984,1
4985,aug_4985,1
4986,aug_4986,0
4987,aug_4987,1
4988,aug_4988,0
4989,aug_4989,1
4990,aug_4990,1
4991,aug_4991,0
4992,aug_4992,0
4993,aug_4993,0
4994,aug_4994,0
4995,aug_4995,1
4996,aug_4996,1
4997,aug_4997,0
4998,aug_4998,1
4999,aug_4999,1
5000,aug_5000,1
5001,aug_5001,1
5002,aug_5002,1
5003,aug_5003,0
5004,aug_5004,1
5005,aug_5005,1
5006,aug_5006,1
5007,aug_5007,1
5008,aug_5008,1
5009,aug_5009,1
5010,aug_5010,1
5011,aug_5011,1
5012,aug_5012,0
5013,aug_5013,1
5014,aug_5014,1
5015,aug_5015,1
5016,aug_5016,0
5017,aug_5017,1
5018,aug_5018,1
5019,aug_5019,1
5020,aug_5020,1
5021,aug_5021,1
5022,aug_5022,1
5023,aug_5023,1
5024,aug_5024,1
5025,aug_5025,0
5026,aug_5026,1
5027,aug_5027,0
5028,aug_5028,1
5029,aug_5029,1
5030,aug_5030,1
5031,aug_5031,1
5032,aug_5032,1
5033,aug_5033,1
5034,aug_5034,1
5035,aug_5035,0
5036,aug_5036,0
5037,aug_5037,0
5038,aug_5038,1
5039,aug_5039,1
5040,aug_5040,0
5041,aug_5041,1
5042,aug_5042,0
5043,aug_5043,1
5044,aug_5044,1
5045,aug_5045,0
5046,aug_5046,1
5047,aug_5047,0
5048,aug_5048,1
5049,aug_5049,1
5050,aug_5050,1
5051,aug_5051,1
5052,aug_5052,1
5053,aug_5053,0
5054,aug_5054,1
5055,aug_5055,1
5056,aug_5056,0
5057,aug_5057,1
5058,aug_5058,1
5059,aug_5059,1
5060,aug_5060,0
5061,aug_5061,1
5062,aug_5062,0
5063,aug_5063,1
5064,aug_5064,0
5065,aug_5065,1
5066,aug_5066,1
5067,aug_5067,1
5068,aug_5068,0
5069,aug_5069,0
5070,aug_5070,1
5071,aug_5071,0
5072,aug_5072,0
5073,aug_5073,1
5074,aug_5074,0
5075,aug_5075,1
5076,aug_5076,0
5077,aug_5077,1
5078,aug_5078,0
5079,aug_5079,1
5080,aug_5080,0
5081,aug_5081,1
5082,aug_5082,0
5083,aug_5083,0
5084,aug_5084,1
5085,aug_5085,1
5086,aug_5086,0
5087,aug_5087,0
5088,aug_5088,1
5089,aug_5089,1
5090,aug_5090,1
5091,aug_5091,0
5092,aug_5092,1
5093,aug_5093,1
5094,aug_5094,1
5095,aug_5095,1
5096,aug_5096,1
5097,aug_5097,1
5098,aug_5098,0
5099,aug_5099,0
5100,aug_5100,0
5101,aug_5101,1
5102,aug_5102,1
5103,aug_5103,1
5104,aug_5104,0
5105,aug_5105,1
5106,aug_5106,0
5107,aug_5107,0
5108,aug_5108,0
5109,aug_5109,1
5110,aug_5110,1
5111,aug_5111,1
5112,aug_5112,0
5113,aug_5113,1
5114,aug_5114,1
5115,aug_5115,1
5116,aug_5116,0
5117,aug_5117,0
5118,aug_5118,1
5119,aug_5119,0
5120,aug_5120,0
5121,aug_5121,1
5122,aug_5122,1
5123,aug_5123,0
5124,aug_5124,0
5125,aug_5125,0
5126,aug_5126,0
5127,aug_5127,0
5128,aug_5128,0
5129,aug_5129,0
5130,aug_5130,1
5131,aug_5131,0
5132,aug_5132,0
5133,aug_5133,0
5134,aug_5134,0
5135,aug_5135,0
5136,aug_5136,1
5137,aug_5137,1
5138,aug_5138,0
5139,aug_5139,0
5140,aug_5140,0
5141,aug_5141,1
5142,aug_5142,0
5143,aug_5143,0
5144,aug_5144,0
5145,aug_5145,0
5146,aug_5146,0
5147,aug_5147,1
5148,aug_5148,0
5149,aug_5149,0
5150,aug_5150,0
5151,aug_5151,0
5152,aug_5152,1
5153,aug_5153,0
5154,aug_5154,0
5155,aug_5155,0
5156,aug_5156,0
5157,aug_5157,0
5158,aug_5158,1
5159,aug_5159,1
5160,aug_5160,0
5161,aug_5161,1
5162,aug_5162,0
5163,aug_5163,1
5164,aug_5164,0
5165,aug_5165,0
5166,aug_5166,0
5167,aug_5167,1
5168,aug_5168,0
5169,aug_5169,0
5170,aug_5170,1
5171,aug_5171,0
5172,aug_5172,0
5173,aug_5173,1
5174,aug_5174,1
5175,aug_5175,0
5176,aug_5176,0
5177,aug_5177,1
5178,aug_5178,0
5179,aug_5179,0
5180,aug_5180,0
5181,aug_5181,0
5182,aug_5182,1
5183,aug_5183,0
5184,aug_5184,0
5185,aug_5185,1
5186,aug_5186,0
5187,aug_5187,1
5188,aug_5188,1
5189,aug_5189,0
5190,aug_5190,1
5191,aug_5191,0
5192,aug_5192,1
5193,aug_5193,1
5194,aug_5194,0
5195,aug_5195,0
5196,aug_5196,0
5197,aug_5197,1
5198,aug_5198,1
5199,aug_5199,0
5200,aug_5200,1
5201,aug_5201,0
5202,aug_5202,0
5203,aug_5203,0
5204,aug_5204,0
5205,aug_5205,1
5206,aug_5206,0
5207,aug_5207,0
5208,aug_5208,0
5209,aug_5209,0
5210,aug_5210,0
5211,aug_5211,1
5212,aug_5212,0
5213,aug_5213,0
5214,aug_5214,0
5215,aug_5215,0
5216,aug_5216,0
5217,aug_5217,1
5218,aug_5218,0
5219,aug_5219,0
5220,aug_5220,1
5221,aug_5221,1
5222,aug_5222,0
5223,aug_5223,0
5224,aug_5224,0
5225,aug_5225,0
5226,aug_5226,0
5227,aug_5227,0
5228,aug_5228,0
5229,aug_5229,1
5230,aug_5230,0
5231,aug_5231,0
5232,aug_5232,0
5233,aug_5233,0
5234,aug_5234,0
5235,aug_5235,1
5236,aug_5236,1
5237,aug_5237,0
5238,aug_5238,0
5239,aug_5239,0
5240,aug_5240,1
5241,aug_5241,0
5242,aug_5242,0
5243,aug_5243,0
5244,aug_5244,0
5245,aug_5245,0
5246,aug_5246,1
5247,aug_5247,0
5248,aug_5248,0
5249,aug_5249,0
5250,aug_5250,0
5251,aug_5251,1
5252,aug_5252,0
5253,aug_5253,0
5254,aug_5254,0
5255,aug_5255,0
5256,aug_5256,0
5257,aug_5257,1
5258,aug_5258,1
5259,aug_5259,0
5260,aug_5260,1
5261,aug_5261,0
5262,aug_5262,1
5263,aug_5263,0
5264,aug_5264,0
5265,aug_5265,0
5266,aug_5266,1
5267,aug_5267,0
5268,aug_5268,0
5269,aug_5269,1
5270,aug_5270,0
5271,aug_5271,0
5272,aug_5272,1
5273,aug_5273,1
5274,aug_5274,0
5275,aug_5275,0
5276,aug_5276,1
5277,aug_5277,0
5278,aug_5278,0
5279,aug_5279,0
5280,aug_5280,0
5281,aug_5281,1
5282,aug_5282,0
5283,aug_5283,0
5284,aug_5284,1
5285,aug_5285,0
5286,aug_5286,1
5287,aug_5287,1
5288,aug_5288,0
5289,aug_5289,1
5290,aug_5290,0
5291,aug_5291,1
5292,aug_5292,1
5293,aug_5293,0
5294,aug_5294,0
5295,aug_5295,0
5296,aug_5296,1
5297,aug_5297,1
5298,aug_5298,0
5299,aug_5299,1
5300,aug_5300,0
5301,aug_5301,0
5302,aug_5302,0
5303,aug_5303,0
5304,aug_5304,1
5305,aug_5305,0
5306,aug_5306,0
5307,aug_5307,0
5308,aug_5308,0
5309,aug_5309,0
5310,aug_5310,1
5311,aug_5311,0
5312,aug_5312,0
5313,aug_5313,0
5314,aug_5314,1
5315,aug_5315,0
5316,aug_5316,1
5317,aug_5317,1
5318,aug_5318,0
5319,aug_5319,0
5320,aug_5320,0
5321,aug_5321,0
5322,aug_5322,1
5323,aug_5323,0
5324,aug_5324,1
5325,aug_5325,1
5326,aug_5326,1
5327,aug_5327,1
5328,aug_5328,0
5329,aug_5329,0
5330,aug_5330,1
5331,aug_5331,1
5332,aug_5332,1
5333,aug_5333,0
5334,aug_5334,0
5335,aug_5335,0
5336,aug_5336,1
5337,aug_5337,1
5338,aug_5338,0
5339,aug_5339,0
5340,aug_5340,0
5341,aug_5341,1
5342,aug_5342,0
5343,aug_5343,0
5344,aug_5344,0
5345,aug_5345,1
5346,aug_5346,1
5347,aug_5347,1
5348,aug_5348,1
5349,aug_5349,1
5350,aug_5350,1
5351,aug_5351,1
5352,aug_5352,1
5353,aug_5353,0
5354,aug_5354,0
5355,aug_5355,1
5356,aug_5356,0
5357,aug_5357,0
5358,aug_5358,0
5359,aug_5359,1
5360,aug_5360,1
5361,aug_5361,1
5362,aug_5362,1
5363,aug_5363,0
5364,aug_5364,1
5365,aug_5365,1
5366,aug_5366,1
5367,aug_5367,0
5368,aug_5368,0
5369,aug_5369,1
5370,aug_5370,0
5371,aug_5371,1
5372,aug_5372,0
5373,aug_5373,1
5374,aug_5374,0
5375,aug_5375,1
5376,aug_5376,0
5377,aug_5377,1
5378,aug_5378,1
5379,aug_5379,1
5380,aug_5380,1
5381,aug_5381,1
5382,aug_5382,1
5383,aug_5383,1
5384,aug_5384,1
5385,aug_5385,0
5386,aug_5386,1
5387,aug_5387,0
5388,aug_5388,0
5389,aug_5389,0
5390,aug_5390,0
5391,aug_5391,1
5392,aug_5392,0
5393,aug_5393,1
5394,aug_5394,0
5395,aug_5395,0
5396,aug_5396,1
5397,aug_5397,1
5398,aug_5398,1
5399,aug_5399,0
5400,aug_5400,1
5401,aug_5401,1
5402,aug_5402,0
5403,aug_5403,1
5404,aug_5404,0
5405,aug_5405,1
5406,aug_5406,1
5407,aug_5407,1
5408,aug_5408,1
5409,aug_5409,1
5410,aug_5410,1
5411,aug_5411,1
5412,aug_5412,0
5413,aug_5413,0
5414,aug_5414,1
5415,aug_5415,0
5416,aug_5416,1
5417,aug_5417,1
5418,aug_5418,0
5419,aug_5419,0
5420,aug_5420,0
5421,aug_5421,0
5422,aug_5422,1
5423,aug_5423,0
5424,aug_5424,1
5425,aug_5425,1
5426,aug_5426,1
5427,aug_5427,1
5428,aug_5428,0
5429,aug_5429,0
5430,aug_5430,1
5431,aug_5431,1
5432,aug_5432,1
5433,aug_5433,0
5434,aug_5434,0
5435,aug_5435,0
5436,aug_5436,1
5437,aug_5437,1
5438,aug_5438,0
5439,aug_5439,0
5440,aug_5440,0
5441,aug_5441,1
5442,aug_5442,0
5443,aug_5443,0
5444,aug_5444,0
5445,aug_5445,1
5446,aug_5446,1
5447,aug_5447,1
5448,aug_5448,1
5449,aug_5449,1
5450,aug_5450,1
5451,aug_5451,1
5452,aug_5452,1
5453,aug_5453,0
5454,aug_5454,0
5455,aug_5455,1
5456,aug_5456,0
5457,aug_5457,0
5458,aug_5458,0
5459,aug_5459,1
5460,aug_5460,1
5461,aug_5461,1
5462,aug_5462,1
5463,aug_5463,0
5464,aug_5464,1
5465,aug_5465,1
5466,aug_5466,1
5467,aug_5467,0
5468,aug_5468,0
5469,aug_5469,1
5470,aug_5470,0
5471,aug_5471,1
5472,aug_5472,0
5473,aug_5473,1
5474,aug_5474,0
5475,aug_5475,1
5476,aug_5476,0
5477,aug_5477,1
5478,aug_5478,1
5479,aug_5479,1
5480,aug_5480,1
5481,aug_5481,1
5482,aug_5482,1
5483,aug_5483,1
5484,aug_5484,1
5485,aug_5485,0
5486,aug_5486,1
5487,aug_5487,0
5488,aug_5488,0
5489,aug_5489,0
5490,aug_5490,0
5491,aug_5491,1
5492,aug_5492,0
5493,aug_5493,1
5494,aug_5494,0
5495,aug_5495,0
5496,aug_5496,1
5497,aug_5497,1
5498,aug_5498,1
5499,aug_5499,0
5500,aug_5500,1
5501,aug_5501,1
5502,aug_5502,0
5503,aug_5503,1
5504,aug_5504,0
5505,aug_5505,1
5506,aug_5506,1
5507,aug_5507,1
5508,aug_5508,1
5509,aug_5509,1
5510,aug_5510,1
5511,aug_5511,1
5512,aug_5512,0
5513,aug_5513,0
5514,aug_5514,0
5515,aug_5515,1
5516,aug_5516,1
5517,aug_5517,1
5518,aug_5518,1
5519,aug_5519,1
5520,aug_5520,1
5521,aug_5521,1
5522,aug_5522,1
5523,aug_5523,0
5524,aug_5524,1
5525,aug_5525,0
5526,aug_5526,1
5527,aug_5527,1
5528,aug_5528,1
5529,aug_5529,1
5530,aug_5530,1
5531,aug_5531,1
5532,aug_5532,1
5533,aug_5533,0
5534,aug_5534,0
5535,aug_5535,1
5536,aug_5536,0
5537,aug_5537,1
5538,aug_5538,1
5539,aug_5539,1
5540,aug_5540,1
5541,aug_5541,1
5542,aug_5542,1
5543,aug_5543,0
5544,aug_5544,1
5545,aug_5545,0
5546,aug_5546,1
5547,aug_5547,1
5548,aug_5548,0
5549,aug_5549,1
5550,aug_5550,1
5551,aug_5551,1
5552,aug_5552,1
5553,aug_5553,1
5554,aug_5554,1
5555,aug_5555,1
5556,aug_5556,1
5557,aug_5557,0
5558,aug_5558,1
5559,aug_5559,0
5560,aug_5560,0
5561,aug_5561,1
5562,aug_5562,0
5563,aug_5563,1
5564,aug_5564,1
5565,aug_5565,1
5566,aug_5566,1
5567,aug_5567,0
5568,aug_5568,1
5569,aug_5569,1
5570,aug_5570,1
5571,aug_5571,1
5572,aug_5572,1
5573,aug_5573,1
5574,aug_5574,1
5575,aug_5575,0
5576,aug_5576,1
5577,aug_5577,1
5578,aug_5578,1
5579,aug_5579,1
5580,aug_5580,1
5581,aug_5581,1
5582,aug_5582,0
5583,aug_5583,1
5584,aug_5584,1
5585,aug_5585,1
5586,aug_5586,0
5587,aug_5587,0
5588,aug_5588,1
5589,aug_5589,0
5590,aug_5590,1
5591,aug_5591,1
5592,aug_5592,0
5593,aug_5593,1
5594,aug_5594,0
5595,aug_5595,0
5596,aug_5596,1
5597,aug_5597,1
5598,aug_5598,1
5599,aug_5599,1
5600,aug_5600,1
5601,aug_5601,1
5602,aug_5602,1
5603,aug_5603,0
5604,aug_5604,0
5605,aug_5605,0
5606,aug_5606,1
5607,aug_5607,0
5608,aug_5608,1
5609,aug_5609,1
5610,aug_5610,0
5611,aug_5611,1
5612,aug_5612,1
5613,aug_5613,1
5614,aug_5614,1
5615,aug_5615,1
5616,aug_5616,1
5617,aug_5617,0
5618,aug_5618,1
5619,aug_5619,1
5620,aug_5620,1
5621,aug_5621,1
5622,aug_5622,1
5623,aug_5623,1
5624,aug_5624,0
5625,aug_5625,0
5626,aug_5626,0
5627,aug_5627,1
5628,aug_5628,0
5629,aug_5629,1
5630,aug_5630,0
5631,aug_5631,0
5632,aug_5632,1
5633,aug_5633,0
5634,aug_5634,0
5635,aug_5635,0
5636,aug_5636,1
5637,aug_5637,1
5638,aug_5638,0
5639,aug_5639,1
5640,aug_5640,1
5641,aug_5641,1
5642,aug_5642,0
5643,aug_5643,0
5644,aug_5644,1
5645,aug_5645,1
5646,aug_5646,1
5647,aug_5647,0
5648,aug_5648,1
5649,aug_5649,1
5650,aug_5650,0
5651,aug_5651,1
5652,aug_5652,1
5653,aug_5653,1
5654,aug_5654,0
5655,aug_5655,1
5656,aug_5656,0
5657,aug_5657,1
5658,aug_5658,1
5659,aug_5659,1
5660,aug_5660,1
5661,aug_5661,0
5662,aug_5662,1
5663,aug_5663,1
5664,aug_5664,1
5665,aug_5665,1
5666,aug_5666,0
5667,aug_5667,0
5668,aug_5668,1
5669,aug_5669,1
5670,aug_5670,1
5671,aug_5671,1
5672,aug_5672,0
5673,aug_5673,1
5674,aug_5674,0
5675,aug_5675,1
5676,aug_5676,0
5677,aug_5677,1
5678,aug_5678,0
5679,aug_5679,1
5680,aug_5680,0
5681,aug_5681,1
5682,aug_5682,1
5683,aug_5683,0
5684,aug_5684,0
5685,aug_5685,1
5686,aug_5686,0
5687,aug_5687,0
5688,aug_5688,1
5689,aug_5689,0
5690,aug_5690,0
5691,aug_5691,1
5692,aug_5692,1
5693,aug_5693,1
5694,aug_5694,1
5695,aug_5695,1
5696,aug_5696,0
5697,aug_5697,1
5698,aug_5698,0
5699,aug_5699,1
5700,aug_5700,1
5701,aug_5701,1
5702,aug_5702,1
5703,aug_5703,1
5704,aug_5704,1
5705,aug_5705,1
5706,aug_5706,1
5707,aug_5707,0
5708,aug_5708,1
5709,aug_5709,0
5710,aug_5710,1
5711,aug_5711,1
5712,aug_5712,1
5713,aug_5713,1
5714,aug_5714,1
5715,aug_5715,1
5716,aug_5716,1
5717,aug_5717,0
5718,aug_5718,0
5719,aug_5719,1
5720,aug_5720,0
5721,aug_5721,1
5722,aug_5722,1
5723,aug_5723,1
5724,aug_5724,1
5725,aug_5725,1
5726,aug_5726,1
5727,aug_5727,0
5728,aug_5728,1
5729,aug_5729,0
5730,aug_5730,1
5731,aug_5731,1
5732,aug_5732,0
5733,aug_5733,1
5734,aug_5734,1
5735,aug_5735,1
5736,aug_5736,1
5737,aug_5737,1
5738,aug_5738,1
5739,aug_5739,1
5740,aug_5740,1
5741,aug_5741,0
5742,aug_5742,1
5743,aug_5743,0
5744,aug_5744,0
5745,aug_5745,1
5746,aug_5746,0
5747,aug_5747,1
5748,aug_5748,1
5749,aug_5749,1
5750,aug_5750,1
5751,aug_5751,0
5752,aug_5752,1
5753,aug_5753,1
5754,aug_5754,1
5755,aug_5755,1
5756,aug_5756,1
5757,aug_5757,1
5758,aug_5758,1
5759,aug_5759,0
5760,aug_5760,1
5761,aug_5761,1
5762,aug_5762,1
5763,aug_5763,1
5764,aug_5764,1
5765,aug_5765,1
5766,aug_5766,0
5767,aug_5767,1
5768,aug_5768,1
5769,aug_5769,1
5770,aug_5770,0
5771,aug_5771,0
5772,aug_5772,1
5773,aug_5773,0
5774,aug_5774,1
5775,aug_5775,1
5776,aug_5776,0
5777,aug_5777,1
5778,aug_5778,0
5779,aug_5779,0
5780,aug_5780,1
5781,aug_5781,1
5782,aug_5782,1
5783,aug_5783,1
5784,aug_5784,1
5785,aug_5785,1
5786,aug_5786,1
5787,aug_5787,0
5788,aug_5788,0
5789,aug_5789,0
5790,aug_5790,1
5791,aug_5791,0
5792,aug_5792,1
5793,aug_5793,1
5794,aug_5794,0
5795,aug_5795,1
5796,aug_5796,1
5797,aug_5797,1
5798,aug_5798,1
5799,aug_5799,1
5800,aug_5800,1
5801,aug_5801,0
5802,aug_5802,1
5803,aug_5803,1
5804,aug_5804,1
5805,aug_5805,1
5806,aug_5806,1
5807,aug_5807,1
5808,aug_5808,0
5809,aug_5809,0
5810,aug_5810,0
5811,aug_5811,1
5812,aug_5812,0
5813,aug_5813,1
5814,aug_5814,0
5815,aug_5815,0
5816,aug_5816,1
5817,aug_5817,0
5818,aug_5818,0
5819,aug_5819,0
5820,aug_5820,1
5821,aug_5821,1
5822,aug_5822,0
5823,aug_5823,1
5824,aug_5824,1
5825,aug_5825,1
5826,aug_5826,0
5827,aug_5827,0
5828,aug_5828,1
5829,aug_5829,1
5830,aug_5830,1
5831,aug_5831,0
5832,aug_5832,1
5833,aug_5833,1
5834,aug_5834,0
5835,aug_5835,1
5836,aug_5836,1
5837,aug_5837,1
5838,aug_5838,0
5839,aug_5839,1
5840,aug_5840,0
5841,aug_5841,1
5842,aug_5842,1
5843,aug_5843,1
5844,aug_5844,1
5845,aug_5845,0
5846,aug_5846,1
5847,aug_5847,1
5848,aug_5848,1
5849,aug_5849,1
5850,aug_5850,0
5851,aug_5851,0
5852,aug_5852,1
5853,aug_5853,1
5854,aug_5854,1
5855,aug_5855,1
5856,aug_5856,0
5857,aug_5857,1
5858,aug_5858,0
5859,aug_5859,1
5860,aug_5860,0
5861,aug_5861,1
5862,aug_5862,0
5863,aug_5863,1
5864,aug_5864,0
5865,aug_5865,1
5866,aug_5866,1
5867,aug_5867,0
5868,aug_5868,0
5869,aug_5869,1
5870,aug_5870,0
5871,aug_5871,0
5872,aug_5872,1
5873,aug_5873,0
5874,aug_5874,0
5875,aug_5875,1
5876,aug_5876,1
5877,aug_5877,1
5878,aug_5878,1
5879,aug_5879,1
5880,aug_5880,0
5881,aug_5881,1
5882,aug_5882,1
5883,aug_5883,1
5884,aug_5884,1
5885,aug_5885,0
5886,aug_5886,0
5887,aug_5887,1
5888,aug_5888,1
5889,aug_5889,0
5890,aug_5890,0
5891,aug_5891,1
5892,aug_5892,0
5893,aug_5893,1
5894,aug_5894,1
5895,aug_5895,0
5896,aug_5896,1
5897,aug_5897,0
5898,aug_5898,1
5899,aug_5899,1
5900,aug_5900,0
5901,aug_5901,1
5902,aug_5902,0
5903,aug_5903,1
5904,aug_5904,1
5905,aug_5905,0
5906,aug_5906,1
5907,aug_5907,0
5908,aug_5908,1
5909,aug_5909,1
5910,aug_5910,1
5911,aug_5911,1
5912,aug_5912,1
5913,aug_5913,1
5914,aug_5914,0
5915,aug_5915,1
5916,aug_5916,0
5917,aug_5917,0
5918,aug_5918,1
5919,aug_5919,1
5920,aug_5920,0
5921,aug_5921,0
5922,aug_5922,0
5923,aug_5923,1
5924,aug_5924,1
5925,aug_5925,0
5926,aug_5926,0
5927,aug_5927,1
5928,aug_5928,1
5929,aug_5929,0
5930,aug_5930,1
5931,aug_5931,1
5932,aug_5932,0
5933,aug_5933,0
5934,aug_5934,1
5935,aug_5935,0
5936,aug_5936,1
5937,aug_5937,1
5938,aug_5938,0
5939,aug_5939,1
5940,aug_5940,0
5941,aug_5941,1
5942,aug_5942,0
5943,aug_5943,0
5944,aug_5944,1
5945,aug_5945,1
5946,aug_5946,0
5947,aug_5947,0
5948,aug_5948,0
5949,aug_5949,1
5950,aug_5950,0
5951,aug_5951,1
5952,aug_5952,1
5953,aug_5953,1
5954,aug_5954,1
5955,aug_5955,1
5956,aug_5956,1
5957,aug_5957,0
5958,aug_5958,0
5959,aug_5959,1
5960,aug_5960,1
5961,aug_5961,1
5962,aug_5962,1
5963,aug_5963,0
5964,aug_5964,0
5965,aug_5965,0
5966,aug_5966,1
5967,aug_5967,1
5968,aug_5968,0
5969,aug_5969,0
5970,aug_5970,1
5971,aug_5971,0
5972,aug_5972,0
5973,aug_5973,0
5974,aug_5974,1
5975,aug_5975,0
5976,aug_5976,0
5977,aug_5977,1
5978,aug_5978,1
5979,aug_5979,1
5980,aug_5980,0
5981,aug_5981,0
5982,aug_5982,0
5983,aug_5983,0
5984,aug_5984,0
5985,aug_5985,0
5986,aug_5986,1
5987,aug_5987,0
5988,aug_5988,1
5989,aug_5989,1
5990,aug_5990,0
5991,aug_5991,0
5992,aug_5992,0
5993,aug_5993,0
5994,aug_5994,1
5995,aug_5995,1
5996,aug_5996,1
5997,aug_5997,0
5998,aug_5998,0
5999,aug_5999,1
6000,aug_6000,1
6001,aug_6001,0
6002,aug_6002,0
6003,aug_6003,1
6004,aug_6004,0
6005,aug_6005,0
6006,aug_6006,0
6007,aug_6007,1
6008,aug_6008,1
6009,aug_6009,0
6010,aug_6010,1
6011,aug_6011,0
6012,aug_6012,0
6013,aug_6013,1
6014,aug_6014,1
6015,aug_6015,1
6016,aug_6016,0
6017,aug_6017,0
6018,aug_6018,1
6019,aug_6019,1
6020,aug_6020,0
6021,aug_6021,0
6022,aug_6022,1
6023,aug_6023,0
6024,aug_6024,1
6025,aug_6025,0
6026,aug_6026,0
6027,aug_6027,0
6028,aug_6028,1
6029,aug_6029,1
6030,aug_6030,1
6031,aug_6031,0
6032,aug_6032,0
6033,aug_6033,0
6034,aug_6034,1
6035,aug_6035,1
6036,aug_6036,0
6037,aug_6037,1
6038,aug_6038,1
6039,aug_6039,0
6040,aug_6040,0
6041,aug_6041,1
6042,aug_6042,1
6043,aug_6043,0
6044,aug_6044,1
6045,aug_6045,0
6046,aug_6046,1
6047,aug_6047,0
6048,aug_6048,0
6049,aug_6049,1
6050,aug_6050,1
6051,aug_6051,1
6052,aug_6052,1
6053,aug_6053,0
6054,aug_6054,0
6055,aug_6055,1
6056,aug_6056,1
6057,aug_6057,0
6058,aug_6058,0
6059,aug_6059,1
6060,aug_6060,0
6061,aug_6061,1
6062,aug_6062,1
6063,aug_6063,0
6064,aug_6064,1
6065,aug_6065,0
6066,aug_6066,1
6067,aug_6067,1
6068,aug_6068,0
6069,aug_6069,1
6070,aug_6070,0
6071,aug_6071,1
6072,aug_6072,1
6073,aug_6073,0
6074,aug_6074,1
6075,aug_6075,0
6076,aug_6076,1
6077,aug_6077,1
6078,aug_6078,1
6079,aug_6079,1
6080,aug_6080,1
6081,aug_6081,1
6082,aug_6082,0
6083,aug_6083,1
6084,aug_6084,0
6085,aug_6085,0
6086,aug_6086,1
6087,aug_6087,1
6088,aug_6088,0
6089,aug_6089,0
6090,aug_6090,0
6091,aug_6091,1
6092,aug_6092,1
6093,aug_6093,0
6094,aug_6094,0
6095,aug_6095,1
6096,aug_6096,1
6097,aug_6097,0
6098,aug_6098,1
6099,aug_6099,1
6100,aug_6100,0
6101,aug_6101,0
6102,aug_6102,1
6103,aug_6103,0
6104,aug_6104,1
6105,aug_6105,1
6106,aug_6106,0
6107,aug_6107,1
6108,aug_6108,0
6109,aug_6109,1
6110,aug_6110,0
6111,aug_6111,0
6112,aug_6112,1
6113,aug_6113,1
6114,aug_6114,0
6115,aug_6115,0
6116,aug_6116,0
6117,aug_6117,1
6118,aug_6118,0
6119,aug_6119,1
6120,aug_6120,1
6121,aug_6121,1
6122,aug_6122,1
6123,aug_6123,1
6124,aug_6124,1
6125,aug_6125,0
6126,aug_6126,0
6127,aug_6127,1
6128,aug_6128,1
6129,aug_6129,1
6130,aug_6130,1
6131,aug_6131,0
6132,aug_6132,0
6133,aug_6133,0
6134,aug_6134,1
6135,aug_6135,1
6136,aug_6136,0
6137,aug_6137,0
6138,aug_6138,1
6139,aug_6139,0
6140,aug_6140,0
6141,aug_6141,0
6142,aug_6142,1
6143,aug_6143,0
6144,aug_6144,0
6145,aug_6145,1
6146,aug_6146,1
6147,aug_6147,1
6148,aug_6148,0
6149,aug_6149,0
6150,aug_6150,0
6151,aug_6151,0
6152,aug_6152,0
6153,aug_6153,0
6154,aug_6154,1
6155,aug_6155,0
6156,aug_6156,1
6157,aug_6157,1
6158,aug_6158,0
6159,aug_6159,0
6160,aug_6160,0
6161,aug_6161,0
6162,aug_6162,1
6163,aug_6163,1
6164,aug_6164,1
6165,aug_6165,0
6166,aug_6166,0
6167,aug_6167,1
6168,aug_6168,1
6169,aug_6169,0
6170,aug_6170,0
6171,aug_6171,1
6172,aug_6172,0
6173,aug_6173,0
6174,aug_6174,0
6175,aug_6175,1
6176,aug_6176,1
6177,aug_6177,0
6178,aug_6178,1
6179,aug_6179,0
6180,aug_6180,0
6181,aug_6181,1
6182,aug_6182,1
6183,aug_6183,1
6184,aug_6184,0
6185,aug_6185,0
6186,aug_6186,1
6187,aug_6187,1
6188,aug_6188,0
6189,aug_6189,0
6190,aug_6190,1
6191,aug_6191,0
6192,aug_6192,1
6193,aug_6193,0
6194,aug_6194,0
6195,aug_6195,0
6196,aug_6196,1
6197,aug_6197,1
6198,aug_6198,1
6199,aug_6199,0
6200,aug_6200,0
6201,aug_6201,0
6202,aug_6202,1
6203,aug_6203,1
6204,aug_6204,0
6205,aug_6205,1
6206,aug_6206,1
6207,aug_6207,0
6208,aug_6208,0
6209,aug_6209,1
6210,aug_6210,1
6211,aug_6211,0
6212,aug_6212,1
6213,aug_6213,0
6214,aug_6214,1
6215,aug_6215,0
6216,aug_6216,0
6217,aug_6217,1
6218,aug_6218,0
6219,aug_6219,1
6220,aug_6220,0
6221,aug_6221,1
6222,aug_6222,1
6223,aug_6223,0
6224,aug_6224,1
6225,aug_6225,0
6226,aug_6226,0
6227,aug_6227,1
6228,aug_6228,1
6229,aug_6229,1
6230,aug_6230,1
6231,aug_6231,0
6232,aug_6232,0
6233,aug_6233,0
6234,aug_6234,1
6235,aug_6235,0
6236,aug_6236,1
6237,aug_6237,0
6238,aug_6238,1
6239,aug_6239,1
6240,aug_6240,0
6241,aug_6241,0
6242,aug_6242,0
6243,aug_6243,1
6244,aug_6244,0
6245,aug_6245,0
6246,aug_6246,0
6247,aug_6247,1
6248,aug_6248,0
6249,aug_6249,1
6250,aug_6250,0
6251,aug_6251,0
6252,aug_6252,1
6253,aug_6253,0
6254,aug_6254,0
6255,aug_6255,1
6256,aug_6256,1
6257,aug_6257,0
6258,aug_6258,0
6259,aug_6259,1
6260,aug_6260,0
6261,aug_6261,0
6262,aug_6262,0
6263,aug_6263,1
6264,aug_6264,0
6265,aug_6265,0
6266,aug_6266,0
6267,aug_6267,0
6268,aug_6268,1
6269,aug_6269,0
6270,aug_6270,0
6271,aug_6271,1
6272,aug_6272,1
6273,aug_6273,1
6274,aug_6274,0
6275,aug_6275,0
6276,aug_6276,0
6277,aug_6277,0
6278,aug_6278,0
6279,aug_6279,0
6280,aug_6280,1
6281,aug_6281,1
6282,aug_6282,0
6283,aug_6283,1
6284,aug_6284,0
6285,aug_6285,1
6286,aug_6286,0
6287,aug_6287,0
6288,aug_6288,1
6289,aug_6289,1
6290,aug_6290,0
6291,aug_6291,0
6292,aug_6292,0
6293,aug_6293,0
6294,aug_6294,0
6295,aug_6295,0
6296,aug_6296,0
6297,aug_6297,0
6298,aug_6298,0
6299,aug_6299,0
6300,aug_6300,0
6301,aug_6301,0
6302,aug_6302,0
6303,aug_6303,1
6304,aug_6304,1
6305,aug_6305,0
6306,aug_6306,0
6307,aug_6307,0
6308,aug_6308,0
6309,aug_6309,1
6310,aug_6310,1
6311,aug_6311,1
6312,aug_6312,1
6313,aug_6313,0
6314,aug_6314,0
6315,aug_6315,0
6316,aug_6316,1
6317,aug_6317,0
6318,aug_6318,1
6319,aug_6319,0
6320,aug_6320,0
6321,aug_6321,1
6322,aug_6322,1
6323,aug_6323,0
6324,aug_6324,0
6325,aug_6325,0
6326,aug_6326,0
6327,aug_6327,1
6328,aug_6328,0
6329,aug_6329,0
6330,aug_6330,1
6331,aug_6331,0
6332,aug_6332,0
6333,aug_6333,1
6334,aug_6334,1
6335,aug_6335,0
6336,aug_6336,0
6337,aug_6337,0
6338,aug_6338,1
6339,aug_6339,0
6340,aug_6340,0
6341,aug_6341,0
6342,aug_6342,0
6343,aug_6343,0
6344,aug_6344,0
6345,aug_6345,1
6346,aug_6346,0
6347,aug_6347,0
6348,aug_6348,1
6349,aug_6349,1
6350,aug_6350,1
6351,aug_6351,1
6352,aug_6352,0
6353,aug_6353,1
6354,aug_6354,0
6355,aug_6355,0
6356,aug_6356,0
6357,aug_6357,0
6358,aug_6358,0
6359,aug_6359,0
6360,aug_6360,0
6361,aug_6361,0
6362,aug_6362,0
6363,aug_6363,0
6364,aug_6364,0
6365,aug_6365,0
6366,aug_6366,1
6367,aug_6367,0
6368,aug_6368,1
6369,aug_6369,0
6370,aug_6370,0
6371,aug_6371,0
6372,aug_6372,0
6373,aug_6373,0
6374,aug_6374,0
6375,aug_6375,0
6376,aug_6376,0
6377,aug_6377,0
6378,aug_6378,1
6379,aug_6379,0
6380,aug_6380,1
6381,aug_6381,0
6382,aug_6382,0
6383,aug_6383,0
6384,aug_6384,1
6385,aug_6385,0
6386,aug_6386,1
6387,aug_6387,0
6388,aug_6388,0
6389,aug_6389,1
6390,aug_6390,0
6391,aug_6391,1
6392,aug_6392,0
6393,aug_6393,0
6394,aug_6394,0
6395,aug_6395,0
6396,aug_6396,0
6397,aug_6397,0
6398,aug_6398,0
6399,aug_6399,0
6400,aug_6400,1
6401,aug_6401,0
6402,aug_6402,0
6403,aug_6403,0
6404,aug_6404,0
6405,aug_6405,0
6406,aug_6406,0
6407,aug_6407,0
6408,aug_6408,1
6409,aug_6409,0
6410,aug_6410,1
6411,aug_6411,1
6412,aug_6412,0
6413,aug_6413,1
6414,aug_6414,0
6415,aug_6415,0
6416,aug_6416,1
6417,aug_6417,1
6418,aug_6418,1
6419,aug_6419,1
6420,aug_6420,0
6421,aug_6421,0
6422,aug_6422,0
6423,aug_6423,1
6424,aug_6424,0
6425,aug_6425,1
6426,aug_6426,0
6427,aug_6427,1
6428,aug_6428,1
6429,aug_6429,0
6430,aug_6430,0
6431,aug_6431,0
6432,aug_6432,1
6433,aug_6433,0
6434,aug_6434,0
6435,aug_6435,0
6436,aug_6436,1
6437,aug_6437,0
6438,aug_6438,1
6439,aug_6439,0
6440,aug_6440,0
6441,aug_6441,1
6442,aug_6442,0
6443,aug_6443,0
6444,aug_6444,1
6445,aug_6445,1
6446,aug_6446,0
6447,aug_6447,0
6448,aug_6448,1
6449,aug_6449,0
6450,aug_6450,0
6451,aug_6451,0
6452,aug_6452,1
6453,aug_6453,0
6454,aug_6454,0
6455,aug_6455,0
6456,aug_6456,0
6457,aug_6457,1
6458,aug_6458,0
6459,aug_6459,0
6460,aug_6460,1
6461,aug_6461,1
6462,aug_6462,1
6463,aug_6463,0
6464,aug_6464,0
6465,aug_6465,0
6466,aug_6466,0
6467,aug_6467,0
6468,aug_6468,0
6469,aug_6469,1
6470,aug_6470,1
6471,aug_6471,0
6472,aug_6472,1
6473,aug_6473,0
6474,aug_6474,1
6475,aug_6475,0
6476,aug_6476,0
6477,aug_6477,1
6478,aug_6478,1
6479,aug_6479,0
6480,aug_6480,0
6481,aug_6481,0
6482,aug_6482,0
6483,aug_6483,0
6484,aug_6484,0
6485,aug_6485,0
6486,aug_6486,0
6487,aug_6487,0
6488,aug_6488,0
6489,aug_6489,0
6490,aug_6490,0
6491,aug_6491,0
6492,aug_6492,1
6493,aug_6493,1
6494,aug_6494,0
6495,aug_6495,0
6496,aug_6496,0
6497,aug_6497,0
6498,aug_6498,1
6499,aug_6499,1
6500,aug_6500,1
6501,aug_6501,1
6502,aug_6502,0
6503,aug_6503,0
6504,aug_6504,0
6505,aug_6505,1
6506,aug_6506,0
6507,aug_6507,1
6508,aug_6508,0
6509,aug_6509,0
6510,aug_6510,1
6511,aug_6511,1
6512,aug_6512,0
6513,aug_6513,0
6514,aug_6514,0
6515,aug_6515,0
6516,aug_6516,1
6517,aug_6517,0
6518,aug_6518,0
6519,aug_6519,1
6520,aug_6520,0
6521,aug_6521,0
6522,aug_6522,1
6523,aug_6523,1
6524,aug_6524,0
6525,aug_6525,0
6526,aug_6526,0
6527,aug_6527,1
6528,aug_6528,0
6529,aug_6529,0
6530,aug_6530,0
6531,aug_6531,0
6532,aug_6532,0
6533,aug_6533,0
6534,aug_6534,1
6535,aug_6535,0
6536,aug_6536,0
6537,aug_6537,1
6538,aug_6538,1
6539,aug_6539,1
6540,aug_6540,1
6541,aug_6541,0
6542,aug_6542,1
6543,aug_6543,0
6544,aug_6544,0
6545,aug_6545,0
6546,aug_6546,0
6547,aug_6547,0
6548,aug_6548,0
6549,aug_6549,0
6550,aug_6550,0
6551,aug_6551,0
6552,aug_6552,0
6553,aug_6553,0
6554,aug_6554,0
6555,aug_6555,1
6556,aug_6556,0
6557,aug_6557,1
6558,aug_6558,0
6559,aug_6559,0
6560,aug_6560,0
6561,aug_6561,0
6562,aug_6562,0
6563,aug_6563,0
6564,aug_6564,0
6565,aug_6565,0
6566,aug_6566,0
6567,aug_6567,1
6568,aug_6568,0
6569,aug_6569,1
6570,aug_6570,0
6571,aug_6571,0
6572,aug_6572,0
6573,aug_6573,1
6574,aug_6574,0
6575,aug_6575,1
6576,aug_6576,0
6577,aug_6577,0
6578,aug_6578,1
6579,aug_6579,0
6580,aug_6580,1
6581,aug_6581,0
6582,aug_6582,0
6583,aug_6583,0
6584,aug_6584,0
6585,aug_6585,0
6586,aug_6586,0
6587,aug_6587,0
6588,aug_6588,0
6589,aug_6589,1
6590,aug_6590,0
6591,aug_6591,0
6592,aug_6592,0
6593,aug_6593,0
6594,aug_6594,0
6595,aug_6595,0
6596,aug_6596,1
6597,aug_6597,0
6598,aug_6598,1
6599,aug_6599,1
6600,aug_6600,0
6601,aug_6601,1
6602,aug_6602,1
6603,aug_6603,0
6604,aug_6604,0
6605,aug_6605,1
6606,aug_6606,1
6607,aug_6607,1
6608,aug_6608,1
6609,aug_6609,1
6610,aug_6610,0
6611,aug_6611,1
6612,aug_6612,1
6613,aug_6613,1
6614,aug_6614,0
6615,aug_6615,1
6616,aug_6616,1
6617,aug_6617,1
6618,aug_6618,1
6619,aug_6619,1
6620,aug_6620,1
6621,aug_6621,1
6622,aug_6622,1
6623,aug_6623,0
6624,aug_6624,1
6625,aug_6625,1
6626,aug_6626,1
6627,aug_6627,1
6628,aug_6628,1
6629,aug_6629,1
6630,aug_6630,0
6631,aug_6631,0
6632,aug_6632,0
6633,aug_6633,1
6634,aug_6634,0
6635,aug_6635,1
6636,aug_6636,1
6637,aug_6637,0
6638,aug_6638,0
6639,aug_6639,1
6640,aug_6640,1
6641,aug_6641,1
6642,aug_6642,1
6643,aug_6643,1
6644,aug_6644,1
6645,aug_6645,0
6646,aug_6646,1
6647,aug_6647,0
6648,aug_6648,1
6649,aug_6649,1
6650,aug_6650,0
6651,aug_6651,0
6652,aug_6652,0
6653,aug_6653,0
6654,aug_6654,1
6655,aug_6655,1
6656,aug_6656,0
6657,aug_6657,1
6658,aug_6658,1
6659,aug_6659,1
6660,aug_6660,1
6661,aug_6661,1
6662,aug_6662,0
6663,aug_6663,1
6664,aug_6664,1
6665,aug_6665,1
6666,aug_6666,1
6667,aug_6667,1
6668,aug_6668,1
6669,aug_6669,1
6670,aug_6670,1
6671,aug_6671,0
6672,aug_6672,1
6673,aug_6673,1
6674,aug_6674,1
6675,aug_6675,0
6676,aug_6676,1
6677,aug_6677,1
6678,aug_6678,1
6679,aug_6679,1
6680,aug_6680,1
6681,aug_6681,1
6682,aug_6682,1
6683,aug_6683,1
6684,aug_6684,0
6685,aug_6685,1
6686,aug_6686,0
6687,aug_6687,1
6688,aug_6688,1
6689,aug_6689,1
6690,aug_6690,1
6691,aug_6691,1
6692,aug_6692,1
6693,aug_6693,1
6694,aug_6694,0
6695,aug_6695,0
6696,aug_6696,0
6697,aug_6697,1
6698,aug_6698,1
6699,aug_6699,0
6700,aug_6700,1
6701,aug_6701,0
6702,aug_6702,1
6703,aug_6703,1
6704,aug_6704,0
6705,aug_6705,1
6706,aug_6706,0
6707,aug_6707,1
6708,aug_6708,1
6709,aug_6709,1
6710,aug_6710,1
6711,aug_6711,1
6712,aug_6712,0
6713,aug_6713,1
6714,aug_6714,1
6715,aug_6715,0
6716,aug_6716,1
6717,aug_6717,1
6718,aug_6718,1
6719,aug_6719,0
6720,aug_6720,1
6721,aug_6721,0
6722,aug_6722,1
6723,aug_6723,0
6724,aug_6724,1
6725,aug_6725,1
6726,aug_6726,1
6727,aug_6727,0
6728,aug_6728,0
6729,aug_6729,1
6730,aug_6730,0
6731,aug_6731,0
6732,aug_6732,1
6733,aug_6733,0
6734,aug_6734,1
6735,aug_6735,0
6736,aug_6736,1
6737,aug_6737,0
6738,aug_6738,1
6739,aug_6739,0
6740,aug_6740,1
6741,aug_6741,0
6742,aug_6742,0
6743,aug_6743,1
6744,aug_6744,1
6745,aug_6745,0
6746,aug_6746,0
6747,aug_6747,1
6748,aug_6748,1
6749,aug_6749,1
6750,aug_6750,0
6751,aug_6751,1
6752,aug_6752,1
6753,aug_6753,1
6754,aug_6754,1
6755,aug_6755,1
6756,aug_6756,1
6757,aug_6757,0
6758,aug_6758,0
6759,aug_6759,0
6760,aug_6760,1
6761,aug_6761,1
6762,aug_6762,1
6763,aug_6763,0
6764,aug_6764,1
6765,aug_6765,0
6766,aug_6766,0
6767,aug_6767,0
6768,aug_6768,1
6769,aug_6769,1
6770,aug_6770,1
6771,aug_6771,0
6772,aug_6772,1
6773,aug_6773,1
6774,aug_6774,1
6775,aug_6775,1
6776,aug_6776,0
6777,aug_6777,1
6778,aug_6778,1
6779,aug_6779,0
6780,aug_6780,1
6781,aug_6781,1
6782,aug_6782,0
6783,aug_6783,0
6784,aug_6784,1
6785,aug_6785,1
6786,aug_6786,1
6787,aug_6787,1
6788,aug_6788,1
6789,aug_6789,0
6790,aug_6790,1
6791,aug_6791,1
6792,aug_6792,1
6793,aug_6793,0
6794,aug_6794,1
6795,aug_6795,1
6796,aug_6796,1
6797,aug_6797,1
6798,aug_6798,1
6799,aug_6799,1
6800,aug_6800,1
6801,aug_6801,1
6802,aug_6802,0
6803,aug_6803,1
6804,aug_6804,1
6805,aug_6805,1
6806,aug_6806,1
6807,aug_6807,1
6808,aug_6808,1
6809,aug_6809,0
6810,aug_6810,0
6811,aug_6811,0
6812,aug_6812,1
6813,aug_6813,0
6814,aug_6814,1
6815,aug_6815,1
6816,aug_6816,0
6817,aug_6817,0
6818,aug_6818,1
6819,aug_6819,1
6820,aug_6820,1
6821,aug_6821,1
6822,aug_6822,1
6823,aug_6823,1
6824,aug_6824,0
6825,aug_6825,1
6826,aug_6826,0
6827,aug_6827,1
6828,aug_6828,1
6829,aug_6829,0
6830,aug_6830,0
6831,aug_6831,0
6832,aug_6832,0
6833,aug_6833,1
6834,aug_6834,1
6835,aug_6835,0
6836,aug_6836,1
6837,aug_6837,1
6838,aug_6838,1
6839,aug_6839,1
6840,aug_6840,1
6841,aug_6841,0
6842,aug_6842,1
6843,aug_6843,1
6844,aug_6844,1
6845,aug_6845,1
6846,aug_6846,1
6847,aug_6847,1
6848,aug_6848,1
6849,aug_6849,1
6850,aug_6850,0
6851,aug_6851,1
6852,aug_6852,1
6853,aug_6853,1
6854,aug_6854,0
6855,aug_6855,1
6856,aug_6856,1
6857,aug_6857,1
6858,aug_6858,1
6859,aug_6859,1
6860,aug_6860,1
6861,aug_6861,1
6862,aug_6862,1
6863,aug_6863,0
6864,aug_6864,1
6865,aug_6865,0
6866,aug_6866,1
6867,aug_6867,1
6868,aug_6868,1
6869,aug_6869,1
6870,aug_6870,1
6871,aug_6871,1
6872,aug_6872,1
6873,aug_6873,0
6874,aug_6874,0
6875,aug_6875,0
6876,aug_6876,1
6877,aug_6877,1
6878,aug_6878,0
6879,aug_6879,1
6880,aug_6880,0
6881,aug_6881,1
6882,aug_6882,1
6883,aug_6883,0
6884,aug_6884,1
6885,aug_6885,0
6886,aug_6886,1
6887,aug_6887,1
6888,aug_6888,1
6889,aug_6889,1
6890,aug_6890,1
6891,aug_6891,0
6892,aug_6892,1
6893,aug_6893,1
6894,aug_6894,0
6895,aug_6895,1
6896,aug_6896,1
6897,aug_6897,1
6898,aug_6898,0
6899,aug_6899,1
6900,aug_6900,0
6901,aug_6901,1
6902,aug_6902,0
6903,aug_6903,1
6904,aug_6904,1
6905,aug_6905,1
6906,aug_6906,0
6907,aug_6907,0
6908,aug_6908,1
6909,aug_6909,0
6910,aug_6910,0
6911,aug_6911,1
6912,aug_6912,0
6913,aug_6913,1
6914,aug_6914,0
6915,aug_6915,1
6916,aug_6916,0
6917,aug_6917,1
6918,aug_6918,0
6919,aug_6919,1
6920,aug_6920,0
6921,aug_6921,0
6922,aug_6922,1
6923,aug_6923,1
6924,aug_6924,0
6925,aug_6925,0
6926,aug_6926,1
6927,aug_6927,1
6928,aug_6928,1
6929,aug_6929,0
6930,aug_6930,1
6931,aug_6931,1
6932,aug_6932,1
6933,aug_6933,1
6934,aug_6934,1
6935,aug_6935,1
6936,aug_6936,0
6937,aug_6937,0
6938,aug_6938,0
6939,aug_6939,1
6940,aug_6940,1
6941,aug_6941,1
6942,aug_6942,0
6943,aug_6943,1
6944,aug_6944,0
6945,aug_6945,0
6946,aug_6946,0
6947,aug_6947,1
6948,aug_6948,1
6949,aug_6949,1
6950,aug_6950,0
6951,aug_6951,1
6952,aug_6952,1
6953,aug_6953,1
6954,aug_6954,0
6955,aug_6955,0
6956,aug_6956,1
6957,aug_6957,0
6958,aug_6958,0
6959,aug_6959,1
6960,aug_6960,1
6961,aug_6961,0
6962,aug_6962,0
6963,aug_6963,0
6964,aug_6964,0
6965,aug_6965,0
6966,aug_6966,0
6967,aug_6967,0
6968,aug_6968,1
6969,aug_6969,0
6970,aug_6970,0
6971,aug_6971,0
6972,aug_6972,0
6973,aug_6973,0
6974,aug_6974,1
6975,aug_6975,1
6976,aug_6976,0
6977,aug_6977,0
6978,aug_6978,0
6979,aug_6979,1
6980,aug_6980,0
6981,aug_6981,0
6982,aug_6982,0
6983,aug_6983,0
6984,aug_6984,0
6985,aug_6985,1
6986,aug_6986,0
6987,aug_6987,0
6988,aug_6988,0
6989,aug_6989,0
6990,aug_6990,1
6991,aug_6991,0
6992,aug_6992,0
6993,aug_6993,0
6994,aug_6994,0
6995,aug_6995,0
6996,aug_6996,1
6997,aug_6997,1
6998,aug_6998,0
6999,aug_6999,1
7000,aug_7000,0
7001,aug_7001,1
7002,aug_7002,0
7003,aug_7003,0
7004,aug_7004,0
7005,aug_7005,1
7006,aug_7006,0
7007,aug_7007,0
7008,aug_7008,1
7009,aug_7009,0
7010,aug_7010,0
7011,aug_7011,1
7012,aug_7012,1
7013,aug_7013,0
7014,aug_7014,0
7015,aug_7015,1
7016,aug_7016,0
7017,aug_7017,0
7018,aug_7018,0
7019,aug_7019,0
7020,aug_7020,1
7021,aug_7021,0
7022,aug_7022,0
7023,aug_7023,1
7024,aug_7024,0
7025,aug_7025,1
7026,aug_7026,1
7027,aug_7027,0
7028,aug_7028,1
7029,aug_7029,0
7030,aug_7030,1
7031,aug_7031,1
7032,aug_7032,0
7033,aug_7033,0
7034,aug_7034,0
7035,aug_7035,1
7036,aug_7036,1
7037,aug_7037,0
7038,aug_7038,1
7039,aug_7039,0
7040,aug_7040,0
7041,aug_7041,0
7042,aug_7042,0
7043,aug_7043,1
7044,aug_7044,0
7045,aug_7045,0
7046,aug_7046,0
7047,aug_7047,0
7048,aug_7048,0
7049,aug_7049,1
7050,aug_7050,0
7051,aug_7051,0
7052,aug_7052,0
7053,aug_7053,0
7054,aug_7054,0
7055,aug_7055,1
7056,aug_7056,0
7057,aug_7057,0
7058,aug_7058,1
7059,aug_7059,1
7060,aug_7060,0
7061,aug_7061,0
7062,aug_7062,0
7063,aug_7063,0
7064,aug_7064,0
7065,aug_7065,0
7066,aug_7066,0
7067,aug_7067,1
7068,aug_7068,0
7069,aug_7069,0
7070,aug_7070,0
7071,aug_7071,0
7072,aug_7072,0
7073,aug_7073,1
7074,aug_7074,1
7075,aug_7075,0
7076,aug_7076,0
7077,aug_7077,0
7078,aug_7078,1
7079,aug_7079,0
7080,aug_7080,0
7081,aug_7081,0
7082,aug_7082,0
7083,aug_7083,0
7084,aug_7084,1
7085,aug_7085,0
7086,aug_7086,0
7087,aug_7087,0
7088,aug_7088,0
7089,aug_7089,1
7090,aug_7090,0
7091,aug_7091,0
7092,aug_7092,0
7093,aug_7093,0
7094,aug_7094,0
7095,aug_7095,1
7096,aug_7096,1
7097,aug_7097,0
7098,aug_7098,1
7099,aug_7099,0
7100,aug_7100,1
7101,aug_7101,0
7102,aug_7102,0
7103,aug_7103,0
7104,aug_7104,1
7105,aug_7105,0
7106,aug_7106,0
7107,aug_7107,1
7108,aug_7108,0
7109,aug_7109,0
7110,aug_7110,1
7111,aug_7111,1
7112,aug_7112,0
7113,aug_7113,0
7114,aug_7114,1
7115,aug_7115,0
7116,aug_7116,0
7117,aug_7117,0
7118,aug_7118,0
7119,aug_7119,1
7120,aug_7120,0
7121,aug_7121,0
7122,aug_7122,1
7123,aug_7123,0
7124,aug_7124,1
7125,aug_7125,1
7126,aug_7126,0
7127,aug_7127,1
7128,aug_7128,0
7129,aug_7129,1
7130,aug_7130,1
7131,aug_7131,0
7132,aug_7132,0
7133,aug_7133,0
7134,aug_7134,1
7135,aug_7135,1
7136,aug_7136,0
7137,aug_7137,1
7138,aug_7138,0
7139,aug_7139,0
7140,aug_7140,0
7141,aug_7141,0
7142,aug_7142,1
7143,aug_7143,0
7144,aug_7144,0
7145,aug_7145,0
7146,aug_7146,0
7147,aug_7147,0
7148,aug_7148,1
7149,aug_7149,0
7150,aug_7150,0
7151,aug_7151,0
7152,aug_7152,1
7153,aug_7153,0
7154,aug_7154,1
7155,aug_7155,1
7156,aug_7156,0
7157,aug_7157,0
7158,aug_7158,0
7159,aug_7159,0
7160,aug_7160,1
7161,aug_7161,0
7162,aug_7162,1
7163,aug_7163,1
7164,aug_7164,1
7165,aug_7165,1
7166,aug_7166,0
7167,aug_7167,0
7168,aug_7168,1
7169,aug_7169,1
7170,aug_7170,1
7171,aug_7171,0
7172,aug_7172,0
7173,aug_7173,0
7174,aug_7174,1
7175,aug_7175,1
7176,aug_7176,0
7177,aug_7177,0
7178,aug_7178,0
7179,aug_7179,1
7180,aug_7180,0
7181,aug_7181,0
7182,aug_7182,0
7183,aug_7183,1
7184,aug_7184,1
7185,aug_7185,1
7186,aug_7186,1
7187,aug_7187,1
7188,aug_7188,1
7189,aug_7189,1
7190,aug_7190,1
7191,aug_7191,0
7192,aug_7192,0
7193,aug_7193,1
7194,aug_7194,0
7195,aug_7195,0
7196,aug_7196,0
7197,aug_7197,1
7198,aug_7198,1
7199,aug_7199,1
7200,aug_7200,1
7201,aug_7201,0
7202,aug_7202,1
7203,aug_7203,1
7204,aug_7204,1
7205,aug_7205,0
7206,aug_7206,0
7207,aug_7207,1
7208,aug_7208,0
7209,aug_7209,1
7210,aug_7210,0
7211,aug_7211,1
7212,aug_7212,0
7213,aug_7213,1
7214,aug_7214,0
7215,aug_7215,1
7216,aug_7216,1
7217,aug_7217,1
7218,aug_7218,1
7219,aug_7219,1
7220,aug_7220,1
7221,aug_7221,1
7222,aug_7222,1
7223,aug_7223,0
7224,aug_7224,1
7225,aug_7225,0
7226,aug_7226,0
7227,aug_7227,0
7228,aug_7228,0
7229,aug_7229,1
7230,aug_7230,0
7231,aug_7231,1
7232,aug_7232,0
7233,aug_7233,0
7234,aug_7234,1
7235,aug_7235,1
7236,aug_7236,1
7237,aug_7237,0
7238,aug_7238,1
7239,aug_7239,1
7240,aug_7240,0
7241,aug_7241,1
7242,aug_7242,0
7243,aug_7243,1
7244,aug_7244,1
7245,aug_7245,1
7246,aug_7246,1
7247,aug_7247,1
7248,aug_7248,1
7249,aug_7249,1
7250,aug_7250,0
7251,aug_7251,0
7252,aug_7252,1
7253,aug_7253,0
7254,aug_7254,1
7255,aug_7255,1
7256,aug_7256,0
7257,aug_7257,0
7258,aug_7258,0
7259,aug_7259,0
7260,aug_7260,1
7261,aug_7261,0
7262,aug_7262,1
7263,aug_7263,1
7264,aug_7264,1
7265,aug_7265,1
7266,aug_7266,0
7267,aug_7267,0
7268,aug_7268,1
7269,aug_7269,1
7270,aug_7270,1
7271,aug_7271,0
7272,aug_7272,0
7273,aug_7273,0
7274,aug_7274,1
7275,aug_7275,1
7276,aug_7276,0
7277,aug_7277,0
7278,aug_7278,0
7279,aug_7279,1
7280,aug_7280,0
7281,aug_7281,0
7282,aug_7282,0
7283,aug_7283,1
7284,aug_7284,1
7285,aug_7285,1
7286,aug_7286,1
7287,aug_7287,1
7288,aug_7288,1
7289,aug_7289,1
7290,aug_7290,1
7291,aug_7291,0
7292,aug_7292,0
7293,aug_7293,1
7294,aug_7294,0
7295,aug_7295,0
7296,aug_7296,0
7297,aug_7297,1
7298,aug_7298,1
7299,aug_7299,1
7300,aug_7300,1
7301,aug_7301,0
7302,aug_7302,1
7303,aug_7303,1
7304,aug_7304,1
7305,aug_7305,0
7306,aug_7306,0
7307,aug_7307,1
7308,aug_7308,0
7309,aug_7309,1
7310,aug_7310,0
7311,aug_7311,1
7312,aug_7312,0
7313,aug_7313,1
7314,aug_7314,0
7315,aug_7315,1
7316,aug_7316,1
7317,aug_7317,1
7318,aug_7318,1
7319,aug_7319,1
7320,aug_7320,1
7321,aug_7321,1
7322,aug_7322,1
7323,aug_7323,0
7324,aug_7324,1
7325,aug_7325,0
7326,aug_7326,0
7327,aug_7327,0
7328,aug_7328,0
7329,aug_7329,1
7330,aug_7330,0
7331,aug_7331,1
7332,aug_7332,0
7333,aug_7333,0
7334,aug_7334,1
7335,aug_7335,1
7336,aug_7336,1
7337,aug_7337,0
7338,aug_7338,1
7339,aug_7339,1
7340,aug_7340,0
7341,aug_7341,1
7342,aug_7342,0
7343,aug_7343,1
7344,aug_7344,1
7345,aug_7345,1
7346,aug_7346,1
7347,aug_7347,1
7348,aug_7348,1
7349,aug_7349,1
7350,aug_7350,0
7351,aug_7351,0
7352,aug_7352,0
7353,aug_7353,1
7354,aug_7354,1
7355,aug_7355,1
7356,aug_7356,1
7357,aug_7357,1
7358,aug_7358,1
7359,aug_7359,1
7360,aug_7360,1
7361,aug_7361,0
7362,aug_7362,1
7363,aug_7363,0
7364,aug_7364,1
7365,aug_7365,1
7366,aug_7366,1
7367,aug_7367,1
7368,aug_7368,1
7369,aug_7369,1
7370,aug_7370,1
7371,aug_7371,0
7372,aug_7372,0
7373,aug_7373,1
7374,aug_7374,0
7375,aug_7375,1
7376,aug_7376,1
7377,aug_7377,1
7378,aug_7378,1
7379,aug_7379,1
7380,aug_7380,1
7381,aug_7381,0
7382,aug_7382,1
7383,aug_7383,0
7384,aug_7384,1
7385,aug_7385,1
7386,aug_7386,0
7387,aug_7387,1
7388,aug_7388,1
7389,aug_7389,1
7390,aug_7390,1
7391,aug_7391,1
7392,aug_7392,1
7393,aug_7393,1
7394,aug_7394,1
7395,aug_7395,0
7396,aug_7396,1
7397,aug_7397,0
7398,aug_7398,0
7399,aug_7399,1
7400,aug_7400,0
7401,aug_7401,1
7402,aug_7402,1
7403,aug_7403,1
7404,aug_7404,1
7405,aug_7405,0
7406,aug_7406,1
7407,aug_7407,1
7408,aug_7408,1
7409,aug_7409,1
7410,aug_7410,1
7411,aug_7411,1
7412,aug_7412,1
7413,aug_7413,0
7414,aug_7414,1
7415,aug_7415,1
7416,aug_7416,1
7417,aug_7417,1
7418,aug_7418,1
7419,aug_7419,1
7420,aug_7420,0
7421,aug_7421,1
7422,aug_7422,1
7423,aug_7423,1
7424,aug_7424,0
7425,aug_7425,0
7426,aug_7426,1
7427,aug_7427,0
7428,aug_7428,1
7429,aug_7429,1
7430,aug_7430,0
7431,aug_7431,1
7432,aug_7432,0
7433,aug_7433,0
7434,aug_7434,1
7435,aug_7435,1
7436,aug_7436,1
7437,aug_7437,1
7438,aug_7438,1
7439,aug_7439,1
7440,aug_7440,1
7441,aug_7441,0
7442,aug_7442,0
7443,aug_7443,0
7444,aug_7444,1
7445,aug_7445,0
7446,aug_7446,1
7447,aug_7447,1
7448,aug_7448,0
7449,aug_7449,1
7450,aug_7450,1
7451,aug_7451,1
7452,aug_7452,1
7453,aug_7453,1
7454,aug_7454,1
7455,aug_7455,0
7456,aug_7456,1
7457,aug_7457,1
7458,aug_7458,1
7459,aug_7459,1
7460,aug_7460,1
7461,aug_7461,1
7462,aug_7462,0
7463,aug_7463,0
7464,aug_7464,0
7465,aug_7465,1
7466,aug_7466,0
7467,aug_7467,1
7468,aug_7468,0
7469,aug_7469,0
7470,aug_7470,1
7471,aug_7471,0
7472,aug_7472,0
7473,aug_7473,0
7474,aug_7474,1
7475,aug_7475,1
7476,aug_7476,0
7477,aug_7477,1
7478,aug_7478,1
7479,aug_7479,1
7480,aug_7480,0
7481,aug_7481,0
7482,aug_7482,1
7483,aug_7483,1
7484,aug_7484,1
7485,aug_7485,0
7486,aug_7486,1
7487,aug_7487,1
7488,aug_7488,0
7489,aug_7489,1
7490,aug_7490,1
7491,aug_7491,1
7492,aug_7492,0
7493,aug_7493,1
7494,aug_7494,0
7495,aug_7495,1
7496,aug_7496,1
7497,aug_7497,1
7498,aug_7498,1
7499,aug_7499,0
7500,aug_7500,1
7501,aug_7501,1
7502,aug_7502,1
7503,aug_7503,1
7504,aug_7504,0
7505,aug_7505,0
7506,aug_7506,1
7507,aug_7507,1
7508,aug_7508,1
7509,aug_7509,1
7510,aug_7510,0
7511,aug_7511,1
7512,aug_7512,0
7513,aug_7513,1
7514,aug_7514,0
7515,aug_7515,1
7516,aug_7516,0
7517,aug_7517,1
7518,aug_7518,0
7519,aug_7519,1
7520,aug_7520,1
7521,aug_7521,0
7522,aug_7522,0
7523,aug_7523,1
7524,aug_7524,0
7525,aug_7525,0
7526,aug_7526,1
7527,aug_7527,0
7528,aug_7528,0
7529,aug_7529,1
7530,aug_7530,1
7531,aug_7531,1
7532,aug_7532,1
7533,aug_7533,1
7534,aug_7534,0
7535,aug_7535,1
7536,aug_7536,0
7537,aug_7537,1
7538,aug_7538,1
7539,aug_7539,1
7540,aug_7540,1
7541,aug_7541,1
7542,aug_7542,1
7543,aug_7543,1
7544,aug_7544,1
7545,aug_7545,0
7546,aug_7546,1
7547,aug_7547,0
7548,aug_7548,1
7549,aug_7549,1
7550,aug_7550,1
7551,aug_7551,1
7552,aug_7552,1
7553,aug_7553,1
7554,aug_7554,1
7555,aug_7555,0
7556,aug_7556,0
7557,aug_7557,1
7558,aug_7558,0
7559,aug_7559,1
7560,aug_7560,1
7561,aug_7561,1
7562,aug_7562,1
7563,aug_7563,1
7564,aug_7564,1
7565,aug_7565,0
7566,aug_7566,1
7567,aug_7567,0
7568,aug_7568,1
7569,aug_7569,1
7570,aug_7570,0
7571,aug_7571,1
7572,aug_7572,1
7573,aug_7573,1
7574,aug_7574,1
7575,aug_7575,1
7576,aug_7576,1
7577,aug_7577,1
7578,aug_7578,1
7579,aug_7579,0
7580,aug_7580,1
7581,aug_7581,0
7582,aug_7582,0
7583,aug_7583,1
7584,aug_7584,0
7585,aug_7585,1
7586,aug_7586,1
7587,aug_7587,1
7588,aug_7588,1
7589,aug_7589,0
7590,aug_7590,1
7591,aug_7591,1
7592,aug_7592,1
7593,aug_7593,1
7594,aug_7594,1
7595,aug_7595,1
7596,aug_7596,1
7597,aug_7597,0
7598,aug_7598,1
7599,aug_7599,1
7600,aug_7600,1
7601,aug_7601,1
7602,aug_7602,1
7603,aug_7603,1
7604,aug_7604,0
7605,aug_7605,1
7606,aug_7606,1
7607,aug_7607,1
7608,aug_7608,0
7609,aug_7609,0
7610,aug_7610,1
7611,aug_7611,0
7612,aug_7612,1
7613,aug_7613,1
7614,aug_7614,0
7615,aug_7615,1
7616,aug_7616,0
7617,aug_7617,0
7618,aug_7618,1
7619,aug_7619,1
7620,aug_7620,1
7621,aug_7621,1
7622,aug_7622,1
7623,aug_7623,1
7624,aug_7624,1
7625,aug_7625,0
7626,aug_7626,0
7627,aug_7627,0
7628,aug_7628,1
7629,aug_7629,0
7630,aug_7630,1
7631,aug_7631,1
7632,aug_7632,0
7633,aug_7633,1
7634,aug_7634,1
7635,aug_7635,1
7636,aug_7636,1
7637,aug_7637,1
7638,aug_7638,1
7639,aug_7639,0
7640,aug_7640,1
7641,aug_7641,1
7642,aug_7642,1
7643,aug_7643,1
7644,aug_7644,1
7645,aug_7645,1
7646,aug_7646,0
7647,aug_7647,0
7648,aug_7648,0
7649,aug_7649,1
7650,aug_7650,0
7651,aug_7651,1
7652,aug_7652,0
7653,aug_7653,0
7654,aug_7654,1
7655,aug_7655,0
7656,aug_7656,0
7657,aug_7657,0
7658,aug_7658,1
7659,aug_7659,1
7660,aug_7660,0
7661,aug_7661,1
7662,aug_7662,1
7663,aug_7663,1
7664,aug_7664,0
7665,aug_7665,0
7666,aug_7666,1
7667,aug_7667,1
7668,aug_7668,1
7669,aug_7669,0
7670,aug_7670,1
7671,aug_7671,1
7672,aug_7672,0
7673,aug_7673,1
7674,aug_7674,1
7675,aug_7675,1
7676,aug_7676,0
7677,aug_7677,1
7678,aug_7678,0
7679,aug_7679,1
7680,aug_7680,1
7681,aug_7681,1
7682,aug_7682,1
7683,aug_7683,0
7684,aug_7684,1
7685,aug_7685,1
7686,aug_7686,1
7687,aug_7687,1
7688,aug_7688,0
7689,aug_7689,0
7690,aug_7690,1
7691,aug_7691,1
7692,aug_7692,1
7693,aug_7693,1
7694,aug_7694,0
7695,aug_7695,1
7696,aug_7696,0
7697,aug_7697,1
7698,aug_7698,0
7699,aug_7699,1
7700,aug_7700,0
7701,aug_7701,1
7702,aug_7702,0
7703,aug_7703,1
7704,aug_7704,1
7705,aug_7705,0
7706,aug_7706,0
7707,aug_7707,1
7708,aug_7708,0
7709,aug_7709,0
7710,aug_7710,1
7711,aug_7711,0
7712,aug_7712,0
7713,aug_7713,1
7714,aug_7714,1
7715,aug_7715,1
7716,aug_7716,1
7717,aug_7717,1
7718,aug_7718,0
7719,aug_7719,1
7720,aug_7720,1
7721,aug_7721,1
7722,aug_7722,1
7723,aug_7723,0
7724,aug_7724,0
7725,aug_7725,1
7726,aug_7726,1
7727,aug_7727,0
7728,aug_7728,0
7729,aug_7729,1
7730,aug_7730,0
7731,aug_7731,1
7732,aug_7732,1
7733,aug_7733,0
7734,aug_7734,1
7735,aug_7735,0
7736,aug_7736,1
7737,aug_7737,1
7738,aug_7738,0
7739,aug_7739,1
7740,aug_7740,0
7741,aug_7741,1
7742,aug_7742,1
7743,aug_7743,0
7744,aug_7744,1
7745,aug_7745,0
7746,aug_7746,1
7747,aug_7747,1
7748,aug_7748,1
7749,aug_7749,1
7750,aug_7750,1
7751,aug_7751,1
7752,aug_7752,0
7753,aug_7753,1
7754,aug_7754,0
7755,aug_7755,0
7756,aug_7756,1
7757,aug_7757,1
7758,aug_7758,0
7759,aug_7759,0
7760,aug_7760,0
7761,aug_7761,1
7762,aug_7762,1
7763,aug_7763,0
7764,aug_7764,0
7765,aug_7765,1
7766,aug_7766,1
7767,aug_7767,0
7768,aug_7768,1
7769,aug_7769,1
7770,aug_7770,0
7771,aug_7771,0
7772,aug_7772,1
7773,aug_7773,0
7774,aug_7774,1
7775,aug_7775,1
7776,aug_7776,0
7777,aug_7777,1
7778,aug_7778,0
7779,aug_7779,1
7780,aug_7780,0
7781,aug_7781,0
7782,aug_7782,1
7783,aug_7783,1
7784,aug_7784,0
7785,aug_7785,0
7786,aug_7786,0
7787,aug_7787,1
7788,aug_7788,0
7789,aug_7789,1
7790,aug_7790,1
7791,aug_7791,1
7792,aug_7792,1
7793,aug_7793,1
7794,aug_7794,1
7795,aug_7795,0
7796,aug_7796,0
7797,aug_7797,1
7798,aug_7798,1
7799,aug_7799,1
7800,aug_7800,1
7801,aug_7801,0
7802,aug_7802,0
7803,aug_7803,0
7804,aug_7804,1
7805,aug_7805,1
7806,aug_7806,0
7807,aug_7807,0
7808,aug_7808,1
7809,aug_7809,0
7810,aug_7810,0
7811,aug_7811,0
7812,aug_7812,1
7813,aug_7813,0
7814,aug_7814,0
7815,aug_7815,1
7816,aug_7816,1
7817,aug_7817,1
7818,aug_7818,0
7819,aug_7819,0
7820,aug_7820,0
7821,aug_7821,0
7822,aug_7822,0
7823,aug_7823,0
7824,aug_7824,1
7825,aug_7825,0
7826,aug_7826,1
7827,aug_7827,1
7828,aug_7828,0
7829,aug_7829,0
7830,aug_7830,0
7831,aug_7831,0
7832,aug_7832,1
7833,aug_7833,1
7834,aug_7834,1
7835,aug_7835,0
7836,aug_7836,0
7837,aug_7837,1
7838,aug_7838,1
7839,aug_7839,0
7840,aug_7840,0
7841,aug_7841,1
7842,aug_7842,0
7843,aug_7843,0
7844,aug_7844,0
7845,aug_7845,1
7846,aug_7846,1
7847,aug_7847,0
7848,aug_7848,1
7849,aug_7849,0
7850,aug_7850,0
7851,aug_7851,1
7852,aug_7852,1
7853,aug_7853,1
7854,aug_7854,0
7855,aug_7855,0
7856,aug_7856,1
7857,aug_7857,1
7858,aug_7858,0
7859,aug_7859,0
7860,aug_7860,1
7861,aug_7861,0
7862,aug_7862,1
7863,aug_7863,0
7864,aug_7864,0
7865,aug_7865,0
7866,aug_7866,1
7867,aug_7867,1
7868,aug_7868,1
7869,aug_7869,0
7870,aug_7870,0
7871,aug_7871,0
7872,aug_7872,1
7873,aug_7873,1
7874,aug_7874,0
7875,aug_7875,1
7876,aug_7876,1
7877,aug_7877,0
7878,aug_7878,0
7879,aug_7879,1
7880,aug_7880,1
7881,aug_7881,0
7882,aug_7882,1
7883,aug_7883,0
7884,aug_7884,1
7885,aug_7885,0
7886,aug_7886,0
7887,aug_7887,1
7888,aug_7888,1
7889,aug_7889,1
7890,aug_7890,1
7891,aug_7891,0
7892,aug_7892,0
7893,aug_7893,1
7894,aug_7894,1
7895,aug_7895,0
7896,aug_7896,0
7897,aug_7897,1
7898,aug_7898,0
7899,aug_7899,1
7900,aug_7900,1
7901,aug_7901,0
7902,aug_7902,1
7903,aug_7903,0
7904,aug_7904,1
7905,aug_7905,1
7906,aug_7906,0
7907,aug_7907,1
7908,aug_7908,0
7909,aug_7909,1
7910,aug_7910,1
7911,aug_7911,0
7912,aug_7912,1
7913,aug_7913,0
7914,aug_7914,1
7915,aug_7915,1
7916,aug_7916,1
7917,aug_7917,1
7918,aug_7918,1
7919,aug_7919,1
7920,aug_7920,0
7921,aug_7921,1
7922,aug_7922,0
7923,aug_7923,0
7924,aug_7924,1
7925,aug_7925,1
7926,aug_7926,0
7927,aug_7927,0
7928,aug_7928,0
7929,aug_7929,1
7930,aug_7930,1
7931,aug_7931,0
7932,aug_7932,0
7933,aug_7933,1
7934,aug_7934,1
7935,aug_7935,0
7936,aug_7936,1
7937,aug_7937,1
7938,aug_7938,0
7939,aug_7939,0
7940,aug_7940,1
7941,aug_7941,0
7942,aug_7942,1
7943,aug_7943,1
7944,aug_7944,0
7945,aug_7945,1
7946,aug_7946,0
7947,aug_7947,1
7948,aug_7948,0
7949,aug_7949,0
7950,aug_7950,1
7951,aug_7951,1
7952,aug_7952,0
7953,aug_7953,0
7954,aug_7954,0
7955,aug_7955,1
7956,aug_7956,0
7957,aug_7957,1
7958,aug_7958,1
7959,aug_7959,1
7960,aug_7960,1
7961,aug_7961,1
7962,aug_7962,1
7963,aug_7963,0
7964,aug_7964,0
7965,aug_7965,1
7966,aug_7966,1
7967,aug_7967,1
7968,aug_7968,1
7969,aug_7969,0
7970,aug_7970,0
7971,aug_7971,0
7972,aug_7972,1
7973,aug_7973,1
7974,aug_7974,0
7975,aug_7975,0
7976,aug_7976,1
7977,aug_7977,0
7978,aug_7978,0
7979,aug_7979,0
7980,aug_7980,1
7981,aug_7981,0
7982,aug_7982,0
7983,aug_7983,1
7984,aug_7984,1
7985,aug_7985,1
7986,aug_7986,0
7987,aug_7987,0
7988,aug_7988,0
7989,aug_7989,0
7990,aug_7990,0
7991,aug_7991,0
7992,aug_7992,1
7993,aug_7993,0
7994,aug_7994,1
7995,aug_7995,1
7996,aug_7996,0
7997,aug_7997,0
7998,aug_7998,0
7999,aug_7999,0
8000,aug_8000,1
8001,aug_8001,1
8002,aug_8002,1
8003,aug_8003,0
8004,aug_8004,0
8005,aug_8005,1
8006,aug_8006,1
8007,aug_8007,0
8008,aug_8008,0
8009,aug_8009,1
8010,aug_8010,0
8011,aug_8011,0
8012,aug_8012,0
8013,aug_8013,1
8014,aug_8014,1
8015,aug_8015,0
8016,aug_8016,1
8017,aug_8017,0
8018,aug_8018,0
8019,aug_8019,1
8020,aug_8020,1
8021,aug_8021,1
8022,aug_8022,0
8023,aug_8023,0
8024,aug_8024,1
8025,aug_8025,1
8026,aug_8026,0
8027,aug_8027,0
8028,aug_8028,1
8029,aug_8029,0
8030,aug_8030,1
8031,aug_8031,0
8032,aug_8032,0
8033,aug_8033,0
8034,aug_8034,1
8035,aug_8035,1
8036,aug_8036,1
8037,aug_8037,0
8038,aug_8038,0
8039,aug_8039,0
8040,aug_8040,1
8041,aug_8041,1
8042,aug_8042,0
8043,aug_8043,1
8044,aug_8044,1
8045,aug_8045,0
8046,aug_8046,0
8047,aug_8047,1
8048,aug_8048,1
8049,aug_8049,0
8050,aug_8050,1
8051,aug_8051,0
8052,aug_8052,1
8053,aug_8053,0
8054,aug_8054,0
8055,aug_8055,1
8056,aug_8056,0
8057,aug_8057,1
8058,aug_8058,0
8059,aug_8059,1
8060,aug_8060,1
8061,aug_8061,0
8062,aug_8062,1
8063,aug_8063,0
8064,aug_8064,0
8065,aug_8065,1
8066,aug_8066,1
8067,aug_8067,1
8068,aug_8068,1
8069,aug_8069,0
8070,aug_8070,0
8071,aug_8071,0
8072,aug_8072,1
8073,aug_8073,0
8074,aug_8074,1
8075,aug_8075,0
8076,aug_8076,1
8077,aug_8077,1
8078,aug_8078,0
8079,aug_8079,0
8080,aug_8080,0
8081,aug_8081,1
8082,aug_8082,0
8083,aug_8083,0
8084,aug_8084,0
8085,aug_8085,1
8086,aug_8086,0
8087,aug_8087,1
8088,aug_8088,0
8089,aug_8089,0
8090,aug_8090,1
8091,aug_8091,0
8092,aug_8092,0
8093,aug_8093,1
8094,aug_8094,1
8095,aug_8095,0
8096,aug_8096,0
8097,aug_8097,1
8098,aug_8098,0
8099,aug_8099,0
8100,aug_8100,0
8101,aug_8101,1
8102,aug_8102,0
8103,aug_8103,0
8104,aug_8104,0
8105,aug_8105,0
8106,aug_8106,1
8107,aug_8107,0
8108,aug_8108,0
8109,aug_8109,1
8110,aug_8110,1
8111,aug_8111,1
8112,aug_8112,0
8113,aug_8113,0
8114,aug_8114,0
8115,aug_8115,0
8116,aug_8116,0
8117,aug_8117,0
8118,aug_8118,1
8119,aug_8119,1
8120,aug_8120,0
8121,aug_8121,1
8122,aug_8122,0
8123,aug_8123,1
8124,aug_8124,0
8125,aug_8125,0
8126,aug_8126,1
8127,aug_8127,1
8128,aug_8128,0
8129,aug_8129,0
8130,aug_8130,0
8131,aug_8131,0
8132,aug_8132,0
8133,aug_8133,0
8134,aug_8134,0
8135,aug_8135,0
8136,aug_8136,0
8137,aug_8137,0
8138,aug_8138,0
8139,aug_8139,0
8140,aug_8140,0
8141,aug_8141,1
8142,aug_8142,1
8143,aug_8143,0
8144,aug_8144,0
8145,aug_8145,0
8146,aug_8146,0
8147,aug_8147,1
8148,aug_8148,1
8149,aug_8149,1
8150,aug_8150,1
8151,aug_8151,0
8152,aug_8152,0
8153,aug_8153,0
8154,aug_8154,1
8155,aug_8155,0
8156,aug_8156,1
8157,aug_8157,0
8158,aug_8158,0
8159,aug_8159,1
8160,aug_8160,1
8161,aug_8161,0
8162,aug_8162,0
8163,aug_8163,0
8164,aug_8164,0
8165,aug_8165,1
8166,aug_8166,0
8167,aug_8167,0
8168,aug_8168,1
8169,aug_8169,0
8170,aug_8170,0
8171,aug_8171,1
8172,aug_8172,1
8173,aug_8173,0
8174,aug_8174,0
8175,aug_8175,0
8176,aug_8176,1
8177,aug_8177,0
8178,aug_8178,0
8179,aug_8179,0
8180,aug_8180,0
8181,aug_8181,0
8182,aug_8182,0
8183,aug_8183,1
8184,aug_8184,0
8185,aug_8185,0
8186,aug_8186,1
8187,aug_8187,1
8188,aug_8188,1
8189,aug_8189,1
8190,aug_8190,0
8191,aug_8191,1
8192,aug_8192,0
8193,aug_8193,0
8194,aug_8194,0
8195,aug_8195,0
8196,aug_8196,0
8197,aug_8197,0
8198,aug_8198,0
8199,aug_8199,0
8200,aug_8200,0
8201,aug_8201,0
8202,aug_8202,0
8203,aug_8203,0
8204,aug_8204,1
8205,aug_8205,0
8206,aug_8206,1
8207,aug_8207,0
8208,aug_8208,0
8209,aug_8209,0
8210,aug_8210,0
8211,aug_8211,0
8212,aug_8212,0
8213,aug_8213,0
8214,aug_8214,0
8215,aug_8215,0
8216,aug_8216,1
8217,aug_8217,0
8218,aug_8218,1
8219,aug_8219,0
8220,aug_8220,0
8221,aug_8221,0
8222,aug_8222,1
8223,aug_8223,0
8224,aug_8224,1
8225,aug_8225,0
8226,aug_8226,0
8227,aug_8227,1
8228,aug_8228,0
8229,aug_8229,1
8230,aug_8230,0
8231,aug_8231,0
8232,aug_8232,0
8233,aug_8233,0
8234,aug_8234,0
8235,aug_8235,0
8236,aug_8236,0
8237,aug_8237,0
8238,aug_8238,1
8239,aug_8239,0
8240,aug_8240,0
8241,aug_8241,0
8242,aug_8242,0
8243,aug_8243,0
8244,aug_8244,0
8245,aug_8245,0
8246,aug_8246,1
8247,aug_8247,0
8248,aug_8248,1
8249,aug_8249,1
8250,aug_8250,0
8251,aug_8251,1
8252,aug_8252,0
8253,aug_8253,0
8254,aug_8254,1
8255,aug_8255,1
8256,aug_8256,1
8257,aug_8257,1
8258,aug_8258,0
8259,aug_8259,0
8260,aug_8260,0
8261,aug_8261,1
8262,aug_8262,0
8263,aug_8263,1
8264,aug_8264,0
8265,aug_8265,1
8266,aug_8266,1
8267,aug_8267,0
8268,aug_8268,0
8269,aug_8269,0
8270,aug_8270,1
8271,aug_8271,0
8272,aug_8272,0
8273,aug_8273,0
8274,aug_8274,1
8275,aug_8275,0
8276,aug_8276,1
8277,aug_8277,0
8278,aug_8278,0
8279,aug_8279,1
8280,aug_8280,0
8281,aug_8281,0
8282,aug_8282,1
8283,aug_8283,1
8284,aug_8284,0
8285,aug_8285,0
8286,aug_8286,1
8287,aug_8287,0
8288,aug_8288,0
8289,aug_8289,0
8290,aug_8290,1
8291,aug_8291,0
8292,aug_8292,0
8293,aug_8293,0
8294,aug_8294,0
8295,aug_8295,1
8296,aug_8296,0
8297,aug_8297,0
8298,aug_8298,1
8299,aug_8299,1
8300,aug_8300,1
8301,aug_8301,0
8302,aug_8302,0
8303,aug_8303,0
8304,aug_8304,0
8305,aug_8305,0
8306,aug_8306,0
8307,aug_8307,1
8308,aug_8308,1
8309,aug_8309,0
8310,aug_8310,1
8311,aug_8311,0
8312,aug_8312,1
8313,aug_8313,0
8314,aug_8314,0
8315,aug_8315,1
8316,aug_8316,1
8317,aug_8317,0
8318,aug_8318,0
8319,aug_8319,0
8320,aug_8320,0
8321,aug_8321,0
8322,aug_8322,0
8323,aug_8323,0
8324,aug_8324,0
8325,aug_8325,0
8326,aug_8326,0
8327,aug_8327,0
8328,aug_8328,0
8329,aug_8329,0
8330,aug_8330,1
8331,aug_8331,1
8332,aug_8332,0
8333,aug_8333,0
8334,aug_8334,0
8335,aug_8335,0
8336,aug_8336,1
8337,aug_8337,1
8338,aug_8338,1
8339,aug_8339,1
8340,aug_8340,0
8341,aug_8341,0
8342,aug_8342,0
8343,aug_8343,1
8344,aug_8344,0
8345,aug_8345,1
8346,aug_8346,0
8347,aug_8347,0
8348,aug_8348,1
8349,aug_8349,1
8350,aug_8350,0
8351,aug_8351,0
8352,aug_8352,0
8353,aug_8353,0
8354,aug_8354,1
8355,aug_8355,0
8356,aug_8356,0
8357,aug_8357,1
8358,aug_8358,0
8359,aug_8359,0
8360,aug_8360,1
8361,aug_8361,1
8362,aug_8362,0
8363,aug_8363,0
8364,aug_8364,0
8365,aug_8365,1
8366,aug_8366,0
8367,aug_8367,0
8368,aug_8368,0
8369,aug_8369,0
8370,aug_8370,0
8371,aug_8371,0
8372,aug_8372,1
8373,aug_8373,0
8374,aug_8374,0
8375,aug_8375,1
8376,aug_8376,1
8377,aug_8377,1
8378,aug_8378,1
8379,aug_8379,0
8380,aug_8380,1
8381,aug_8381,0
8382,aug_8382,0
8383,aug_8383,0
8384,aug_8384,0
8385,aug_8385,0
8386,aug_8386,0
8387,aug_8387,0
8388,aug_8388,0
8389,aug_8389,0
8390,aug_8390,0
8391,aug_8391,0
8392,aug_8392,0
8393,aug_8393,1
8394,aug_8394,0
8395,aug_8395,1
8396,aug_8396,0
8397,aug_8397,0
8398,aug_8398,0
8399,aug_8399,0
8400,aug_8400,0
8401,aug_8401,0
8402,aug_8402,0
8403,aug_8403,0
8404,aug_8404,0
8405,aug_8405,1
8406,aug_8406,0
8407,aug_8407,1
8408,aug_8408,0
8409,aug_8409,0
8410,aug_8410,0
8411,aug_8411,1
8412,aug_8412,0
8413,aug_8413,1
8414,aug_8414,0
8415,aug_8415,0
8416,aug_8416,1
8417,aug_8417,0
8418,aug_8418,1
8419,aug_8419,0
8420,aug_8420,0
8421,aug_8421,0
8422,aug_8422,0
8423,aug_8423,0
8424,aug_8424,0
8425,aug_8425,0
8426,aug_8426,0
8427,aug_8427,1
8428,aug_8428,0
8429,aug_8429,0
8430,aug_8430,0
8431,aug_8431,0
8432,aug_8432,0
8433,aug_8433,0
8434,aug_8434,1
8435,aug_8435,0
8436,aug_8436,1
8437,aug_8437,1
8438,aug_8438,0
8439,aug_8439,1
8440,aug_8440,1
8441,aug_8441,0
8442,aug_8442,0
8443,aug_8443,1
8444,aug_8444,1
8445,aug_8445,1
8446,aug_8446,1
8447,aug_8447,1
8448,aug_8448,0
8449,aug_8449,1
8450,aug_8450,1
8451,aug_8451,1
8452,aug_8452,0
8453,aug_8453,1
8454,aug_8454,1
8455,aug_8455,1
8456,aug_8456,1
8457,aug_8457,1
8458,aug_8458,1
8459,aug_8459,1
8460,aug_8460,1
8461,aug_8461,0
8462,aug_8462,1
8463,aug_8463,1
8464,aug_8464,1
8465,aug_8465,1
8466,aug_8466,1
8467,aug_8467,1
8468,aug_8468,0
8469,aug_8469,0
8470,aug_8470,0
8471,aug_8471,1
8472,aug_8472,0
8473,aug_8473,1
8474,aug_8474,1
8475,aug_8475,0
8476,aug_8476,0
8477,aug_8477,1
8478,aug_8478,1
8479,aug_8479,1
8480,aug_8480,1
8481,aug_8481,1
8482,aug_8482,1
8483,aug_8483,0
8484,aug_8484,1
8485,aug_8485,0
8486,aug_8486,1
8487,aug_8487,1
8488,aug_8488,0
8489,aug_8489,0
8490,aug_8490,0
8491,aug_8491,0
8492,aug_8492,1
8493,aug_8493,1
8494,aug_8494,0
8495,aug_8495,1
8496,aug_8496,1
8497,aug_8497,1
8498,aug_8498,1
8499,aug_8499,1
8500,aug_8500,0
8501,aug_8501,1
8502,aug_8502,1
8503,aug_8503,1
8504,aug_8504,1
8505,aug_8505,1
8506,aug_8506,1
8507,aug_8507,1
8508,aug_8508,1
8509,aug_8509,0
8510,aug_8510,1
8511,aug_8511,1
8512,aug_8512,1
8513,aug_8513,0
8514,aug_8514,1
8515,aug_8515,1
8516,aug_8516,1
8517,aug_8517,1
8518,aug_8518,1
8519,aug_8519,1
8520,aug_8520,1
8521,aug_8521,1
8522,aug_8522,0
8523,aug_8523,1
8524,aug_8524,0
8525,aug_8525,1
8526,aug_8526,1
8527,aug_8527,1
8528,aug_8528,1
8529,aug_8529,1
8530,aug_8530,1
8531,aug_8531,1
8532,aug_8532,0
8533,aug_8533,0
8534,aug_8534,0
8535,aug_8535,1
8536,aug_8536,1
8537,aug_8537,0
8538,aug_8538,1
8539,aug_8539,0
8540,aug_8540,1
8541,aug_8541,1
8542,aug_8542,0
8543,aug_8543,1
8544,aug_8544,0
8545,aug_8545,1
8546,aug_8546,1
8547,aug_8547,1
8548,aug_8548,1
8549,aug_8549,1
8550,aug_8550,0
8551,aug_8551,1
8552,aug_8552,1
8553,aug_8553,0
8554,aug_8554,1
8555,aug_8555,1
8556,aug_8556,1
8557,aug_8557,0
8558,aug_8558,1
8559,aug_8559,0
8560,aug_8560,1
8561,aug_8561,0
8562,aug_8562,1
8563,aug_8563,1
8564,aug_8564,1
8565,aug_8565,0
8566,aug_8566,0
8567,aug_8567,1
8568,aug_8568,0
8569,aug_8569,0
8570,aug_8570,1
8571,aug_8571,0
8572,aug_8572,1
8573,aug_8573,0
8574,aug_8574,1
8575,aug_8575,0
8576,aug_8576,1
8577,aug_8577,0
8578,aug_8578,1
8579,aug_8579,0
8580,aug_8580,0
8581,aug_8581,1
8582,aug_8582,1
8583,aug_8583,0
8584,aug_8584,0
8585,aug_8585,1
8586,aug_8586,1
8587,aug_8587,1
8588,aug_8588,0
8589,aug_8589,1
8590,aug_8590,1
8591,aug_8591,1
8592,aug_8592,1
8593,aug_8593,1
8594,aug_8594,1
8595,aug_8595,0
8596,aug_8596,0
8597,aug_8597,0
8598,aug_8598,1
8599,aug_8599,1
8600,aug_8600,1
8601,aug_8601,0
8602,aug_8602,1
8603,aug_8603,0
8604,aug_8604,0
8605,aug_8605,0
8606,aug_8606,1
8607,aug_8607,1
8608,aug_8608,1
8609,aug_8609,0
8610,aug_8610,1
8611,aug_8611,1
8612,aug_8612,1
8613,aug_8613,1
8614,aug_8614,0
8615,aug_8615,1
8616,aug_8616,1
8617,aug_8617,0
8618,aug_8618,1
8619,aug_8619,1
8620,aug_8620,0
8621,aug_8621,0
8622,aug_8622,1
8623,aug_8623,1
8624,aug_8624,1
8625,aug_8625,1
8626,aug_8626,1
8627,aug_8627,0
8628,aug_8628,1
8629,aug_8629,1
8630,aug_8630,1
8631,aug_8631,0
8632,aug_8632,1
8633,aug_8633,1
8634,aug_8634,1
8635,aug_8635,1
8636,aug_8636,1
8637,aug_8637,1
8638,aug_8638,1
8639,aug_8639,1
8640,aug_8640,0
8641,aug_8641,1
8642,aug_8642,1
8643,aug_8643,1
8644,aug_8644,1
8645,aug_8645,1
8646,aug_8646,1
8647,aug_8647,0
8648,aug_8648,0
8649,aug_8649,0
8650,aug_8650,1
8651,aug_8651,0
8652,aug_8652,1
8653,aug_8653,1
8654,aug_8654,0
8655,aug_8655,0
8656,aug_8656,1
8657,aug_8657,1
8658,aug_8658,1
8659,aug_8659,1
8660,aug_8660,1
8661,aug_8661,1
8662,aug_8662,0
8663,aug_8663,1
8664,aug_8664,0
8665,aug_8665,1
8666,aug_8666,1
8667,aug_8667,0
8668,aug_8668,0
8669,aug_8669,0
8670,aug_8670,0
8671,aug_8671,1
8672,aug_8672,1
8673,aug_8673,0
8674,aug_8674,1
8675,aug_8675,1
8676,aug_8676,1
8677,aug_8677,1
8678,aug_8678,1
8679,aug_8679,0
8680,aug_8680,1
8681,aug_8681,1
8682,aug_8682,1
8683,aug_8683,1
8684,aug_8684,1
8685,aug_8685,1
8686,aug_8686,1
8687,aug_8687,1
8688,aug_8688,0
8689,aug_8689,1
8690,aug_8690,1
8691,aug_8691,1
8692,aug_8692,0
8693,aug_8693,1
8694,aug_8694,1
8695,aug_8695,1
8696,aug_8696,1
8697,aug_8697,1
8698,aug_8698,1
8699,aug_8699,1
8700,aug_8700,1
8701,aug_8701,0
8702,aug_8702,1
8703,aug_8703,0
8704,aug_8704,1
8705,aug_8705,1
8706,aug_8706,1
8707,aug_8707,1
8708,aug_8708,1
8709,aug_8709,1
8710,aug_8710,1
8711,aug_8711,0
8712,aug_8712,0
8713,aug_8713,0
8714,aug_8714,1
8715,aug_8715,1
8716,aug_8716,0
8717,aug_8717,1
8718,aug_8718,0
8719,aug_8719,1
8720,aug_8720,1
8721,aug_8721,0
8722,aug_8722,1
8723,aug_8723,0
8724,aug_8724,1
8725,aug_8725,1
8726,aug_8726,1
8727,aug_8727,1
8728,aug_8728,1
8729,aug_8729,0
8730,aug_8730,1
8731,aug_8731,1
8732,aug_8732,0
8733,aug_8733,1
8734,aug_8734,1
8735,aug_8735,1
8736,aug_8736,0
8737,aug_8737,1
8738,aug_8738,0
8739,aug_8739,1
8740,aug_8740,0
8741,aug_8741,1
8742,aug_8742,1
8743,aug_8743,1
8744,aug_8744,0
8745,aug_8745,0
8746,aug_8746,1
8747,aug_8747,0
8748,aug_8748,0
8749,aug_8749,1
8750,aug_8750,0
8751,aug_8751,1
8752,aug_8752,0
8753,aug_8753,1
8754,aug_8754,0
8755,aug_8755,1
8756,aug_8756,0
8757,aug_8757,1
8758,aug_8758,0
8759,aug_8759,0
8760,aug_8760,1
8761,aug_8761,1
8762,aug_8762,0
8763,aug_8763,0
8764,aug_8764,1
8765,aug_8765,1
8766,aug_8766,1
8767,aug_8767,0
8768,aug_8768,1
8769,aug_8769,1
8770,aug_8770,1
8771,aug_8771,1
8772,aug_8772,1
8773,aug_8773,1
8774,aug_8774,0
8775,aug_8775,0
8776,aug_8776,0
8777,aug_8777,1
8778,aug_8778,1
8779,aug_8779,1
8780,aug_8780,0
8781,aug_8781,1
8782,aug_8782,0
8783,aug_8783,0
8784,aug_8784,0
8785,aug_8785,1
8786,aug_8786,1
8787,aug_8787,1
8788,aug_8788,0
8789,aug_8789,1
8790,aug_8790,1
8791,aug_8791,1
8792,aug_8792,0
8793,aug_8793,0
8794,aug_8794,1
8795,aug_8795,0
8796,aug_8796,0
8797,aug_8797,1
8798,aug_8798,1
8799,aug_8799,0
8800,aug_8800,0
8801,aug_8801,0
8802,aug_8802,0
8803,aug_8803,0
8804,aug_8804,0
8805,aug_8805,0
8806,aug_8806,1
8807,aug_8807,0
8808,aug_8808,0
8809,aug_8809,0
8810,aug_8810,0
8811,aug_8811,0
8812,aug_8812,1
8813,aug_8813,1
8814,aug_8814,0
8815,aug_8815,0
8816,aug_8816,0
8817,aug_8817,1
8818,aug_8818,0
8819,aug_8819,0
8820,aug_8820,0
8821,aug_8821,0
8822,aug_8822,0
8823,aug_8823,1
8824,aug_8824,0
8825,aug_8825,0
8826,aug_8826,0
8827,aug_8827,0
8828,aug_8828,1
8829,aug_8829,0
8830,aug_8830,0
8831,aug_8831,0
8832,aug_8832,0
8833,aug_8833,0
8834,aug_8834,1
8835,aug_8835,1
8836,aug_8836,0
8837,aug_8837,1
8838,aug_8838,0
8839,aug_8839,1
8840,aug_8840,0
8841,aug_8841,0
8842,aug_8842,0
8843,aug_8843,1
8844,aug_8844,0
8845,aug_8845,0
8846,aug_8846,1
8847,aug_8847,0
8848,aug_8848,0
8849,aug_8849,1
8850,aug_8850,1
8851,aug_8851,0
8852,aug_8852,0
8853,aug_8853,1
8854,aug_8854,0
8855,aug_8855,0
8856,aug_8856,0
8857,aug_8857,0
8858,aug_8858,1
8859,aug_8859,0
8860,aug_8860,0
8861,aug_8861,1
8862,aug_8862,0
8863,aug_8863,1
8864,aug_8864,1
8865,aug_8865,0
8866,aug_8866,1
8867,aug_8867,0
8868,aug_8868,1
8869,aug_8869,1
8870,aug_8870,0
8871,aug_8871,0
8872,aug_8872,0
8873,aug_8873,1
8874,aug_8874,1
8875,aug_8875,0
8876,aug_8876,1
8877,aug_8877,0
8878,aug_8878,0
8879,aug_8879,0
8880,aug_8880,0
8881,aug_8881,1
8882,aug_8882,0
8883,aug_8883,0
8884,aug_8884,0
8885,aug_8885,0
8886,aug_8886,0
8887,aug_8887,1
8888,aug_8888,0
8889,aug_8889,0
8890,aug_8890,0
8891,aug_8891,0
8892,aug_8892,0
8893,aug_8893,1
8894,aug_8894,0
8895,aug_8895,0
8896,aug_8896,1
8897,aug_8897,1
8898,aug_8898,0
8899,aug_8899,0
8900,aug_8900,0
8901,aug_8901,0
8902,aug_8902,0
8903,aug_8903,0
8904,aug_8904,0
8905,aug_8905,1
8906,aug_8906,0
8907,aug_8907,0
8908,aug_8908,0
8909,aug_8909,0
8910,aug_8910,0
8911,aug_8911,1
8912,aug_8912,1
8913,aug_8913,0
8914,aug_8914,0
8915,aug_8915,0
8916,aug_8916,1
8917,aug_8917,0
8918,aug_8918,0
8919,aug_8919,0
8920,aug_8920,0
8921,aug_8921,0
8922,aug_8922,1
8923,aug_8923,0
8924,aug_8924,0
8925,aug_8925,0
8926,aug_8926,0
8927,aug_8927,1
8928,aug_8928,0
8929,aug_8929,0
8930,aug_8930,0
8931,aug_8931,0
8932,aug_8932,0
8933,aug_8933,1
8934,aug_8934,1
8935,aug_8935,0
8936,aug_8936,1
8937,aug_8937,0
8938,aug_8938,1
8939,aug_8939,0
8940,aug_8940,0
8941,aug_8941,0
8942,aug_8942,1
8943,aug_8943,0
8944,aug_8944,0
8945,aug_8945,1
8946,aug_8946,0
8947,aug_8947,0
8948,aug_8948,1
8949,aug_8949,1
8950,aug_8950,0
8951,aug_8951,0
8952,aug_8952,1
8953,aug_8953,0
8954,aug_8954,0
8955,aug_8955,0
8956,aug_8956,0
8957,aug_8957,1
8958,aug_8958,0
8959,aug_8959,0
8960,aug_8960,1
8961,aug_8961,0
8962,aug_8962,1
8963,aug_8963,1
8964,aug_8964,0
8965,aug_8965,1
8966,aug_8966,0
8967,aug_8967,1
8968,aug_8968,1
8969,aug_8969,0
8970,aug_8970,0
8971,aug_8971,0
8972,aug_8972,1
8973,aug_8973,1
8974,aug_8974,0
8975,aug_8975,1
8976,aug_8976,0
8977,aug_8977,0
8978,aug_8978,0
8979,aug_8979,0
8980,aug_8980,1
8981,aug_8981,0
8982,aug_8982,0
8983,aug_8983,0
8984,aug_8984,0
8985,aug_8985,0
8986,aug_8986,1
8987,aug_8987,0
8988,aug_8988,0
8989,aug_8989,0
8990,aug_8990,1
8991,aug_8991,0
8992,aug_8992,1
8993,aug_8993,1
8994,aug_8994,0
8995,aug_8995,0
8996,aug_8996,0
8997,aug_8997,0
8998,aug_8998,1
8999,aug_8999,0
9000,aug_9000,1
9001,aug_9001,1
9002,aug_9002,1
9003,aug_9003,1
9004,aug_9004,0
9005,aug_9005,0
9006,aug_9006,1
9007,aug_9007,1
9008,aug_9008,1
9009,aug_9009,0
9010,aug_9010,0
9011,aug_9011,0
9012,aug_9012,1
9013,aug_9013,1
9014,aug_9014,0
9015,aug_9015,0
9016,aug_9016,0
9017,aug_9017,1
9018,aug_9018,0
9019,aug_9019,0
9020,aug_9020,0
9021,aug_9021,1
9022,aug_9022,1
9023,aug_9023,1
9024,aug_9024,1
9025,aug_9025,1
9026,aug_9026,1
9027,aug_9027,1
9028,aug_9028,1
9029,aug_9029,0
9030,aug_9030,0
9031,aug_9031,1
9032,aug_9032,0
9033,aug_9033,0
9034,aug_9034,0
9035,aug_9035,1
9036,aug_9036,1
9037,aug_9037,1
9038,aug_9038,1
9039,aug_9039,0
9040,aug_9040,1
9041,aug_9041,1
9042,aug_9042,1
9043,aug_9043,0
9044,aug_9044,0
9045,aug_9045,1
9046,aug_9046,0
9047,aug_9047,1
9048,aug_9048,0
9049,aug_9049,1
9050,aug_9050,0
9051,aug_9051,1
9052,aug_9052,0
9053,aug_9053,1
9054,aug_9054,1
9055,aug_9055,1
9056,aug_9056,1
9057,aug_9057,1
9058,aug_9058,1
9059,aug_9059,1
9060,aug_9060,1
9061,aug_9061,0
9062,aug_9062,1
9063,aug_9063,0
9064,aug_9064,0
9065,aug_9065,0
9066,aug_9066,0
9067,aug_9067,1
9068,aug_9068,0
9069,aug_9069,1
9070,aug_9070,0
9071,aug_9071,0
9072,aug_9072,1
9073,aug_9073,1
9074,aug_9074,1
9075,aug_9075,0
9076,aug_9076,1
9077,aug_9077,1
9078,aug_9078,0
9079,aug_9079,1
9080,aug_9080,0
9081,aug_9081,1
9082,aug_9082,1
9083,aug_9083,1
9084,aug_9084,1
9085,aug_9085,1
9086,aug_9086,1
9087,aug_9087,1
9088,aug_9088,0
9089,aug_9089,0
9090,aug_9090,1
9091,aug_9091,0
9092,aug_9092,1
9093,aug_9093,1
9094,aug_9094,0
9095,aug_9095,0
9096,aug_9096,0
9097,aug_9097,0
9098,aug_9098,1
9099,aug_9099,0
9100,aug_9100,1
9101,aug_9101,1
9102,aug_9102,1
9103,aug_9103,1
9104,aug_9104,0
9105,aug_9105,0
9106,aug_9106,1
9107,aug_9107,1
9108,aug_9108,1
9109,aug_9109,0
9110,aug_9110,0
9111,aug_9111,0
9112,aug_9112,1
9113,aug_9113,1
9114,aug_9114,0
9115,aug_9115,0
9116,aug_9116,0
9117,aug_9117,1
9118,aug_9118,0
9119,aug_9119,0
9120,aug_9120,0
9121,aug_9121,1
9122,aug_9122,1
9123,aug_9123,1
9124,aug_9124,1
9125,aug_9125,1
9126,aug_9126,1
9127,aug_9127,1
9128,aug_9128,1
9129,aug_9129,0
9130,aug_9130,0
9131,aug_9131,1
9132,aug_9132,0
9133,aug_9133,0
9134,aug_9134,0
9135,aug_9135,1
9136,aug_9136,1
9137,aug_9137,1
9138,aug_9138,1
9139,aug_9139,0
9140,aug_9140,1
9141,aug_9141,1
9142,aug_9142,1
9143,aug_9143,0
9144,aug_9144,0
9145,aug_9145,1
9146,aug_9146,0
9147,aug_9147,1
9148,aug_9148,0
9149,aug_9149,1
9150,aug_9150,0
9151,aug_9151,1
9152,aug_9152,0
9153,aug_9153,1
9154,aug_9154,1
9155,aug_9155,1
9156,aug_9156,1
9157,aug_9157,1
9158,aug_9158,1
9159,aug_9159,1
9160,aug_9160,1
9161,aug_9161,0
9162,aug_9162,1
9163,aug_9163,0
9164,aug_9164,0
9165,aug_9165,0
9166,aug_9166,0
9167,aug_9167,1
9168,aug_9168,0
9169,aug_9169,1
9170,aug_9170,0
9171,aug_9171,0
9172,aug_9172,1
9173,aug_9173,1
9174,aug_9174,1
9175,aug_9175,0
9176,aug_9176,1
9177,aug_9177,1
9178,aug_9178,0
9179,aug_9179,1
9180,aug_9180,0
9181,aug_9181,1
9182,aug_9182,1
9183,aug_9183,1
9184,aug_9184,1
9185,aug_9185,1
9186,aug_9186,1
9187,aug_9187,1
9188,aug_9188,0
9189,aug_9189,0
9190,aug_9190,0
9191,aug_9191,1
9192,aug_9192,1
9193,aug_9193,1
9194,aug_9194,1
9195,aug_9195,1
9196,aug_9196,1
9197,aug_9197,1
9198,aug_9198,1
9199,aug_9199,0
9200,aug_9200,1
9201,aug_9201,0
9202,aug_9202,1
9203,aug_9203,1
9204,aug_9204,1
9205,aug_9205,1
9206,aug_9206,1
9207,aug_9207,1
9208,aug_9208,1
9209,aug_9209,0
9210,aug_9210,0
9211,aug_9211,1
9212,aug_9212,0
9213,aug_9213,1
9214,aug_9214,1
9215,aug_9215,1
9216,aug_9216,1
9217,aug_9217,1
9218,aug_9218,1
9219,aug_9219,0
9220,aug_9220,1
9221,aug_9221,0
9222,aug_9222,1
9223,aug_9223,1
9224,aug_9224,0
9225,aug_9225,1
9226,aug_9226,1
9227,aug_9227,1
9228,aug_9228,1
9229,aug_9229,1
9230,aug_9230,1
9231,aug_9231,1
9232,aug_9232,1
9233,aug_9233,0
9234,aug_9234,1
9235,aug_9235,0
9236,aug_9236,0
9237,aug_9237,1
9238,aug_9238,0
9239,aug_9239,1
9240,aug_9240,1
9241,aug_9241,1
9242,aug_9242,1
9243,aug_9243,0
9244,aug_9244,1
9245,aug_9245,1
9246,aug_9246,1
9247,aug_9247,1
9248,aug_9248,1
9249,aug_9249,1
9250,aug_9250,1
9251,aug_9251,0
9252,aug_9252,1
9253,aug_9253,1
9254,aug_9254,1
9255,aug_9255,1
9256,aug_9256,1
9257,aug_9257,1
9258,aug_9258,0
9259,aug_9259,1
9260,aug_9260,1
9261,aug_9261,1
9262,aug_9262,0
9263,aug_9263,0
9264,aug_9264,1
9265,aug_9265,0
9266,aug_9266,1
9267,aug_9267,1
9268,aug_9268,0
9269,aug_9269,1
9270,aug_9270,0
9271,aug_9271,0
9272,aug_9272,1
9273,aug_9273,1
9274,aug_9274,1
9275,aug_9275,1
9276,aug_9276,1
9277,aug_9277,1
9278,aug_9278,1
9279,aug_9279,0
9280,aug_9280,0
9281,aug_9281,0
9282,aug_9282,1
9283,aug_9283,0
9284,aug_9284,1
9285,aug_9285,1
9286,aug_9286,0
9287,aug_9287,1
9288,aug_9288,1
9289,aug_9289,1
9290,aug_9290,1
9291,aug_9291,1
9292,aug_9292,1
9293,aug_9293,0
9294,aug_9294,1
9295,aug_9295,1
9296,aug_9296,1
9297,aug_9297,1
9298,aug_9298,1
9299,aug_9299,1
9300,aug_9300,0
9301,aug_9301,0
9302,aug_9302,0
9303,aug_9303,1
9304,aug_9304,0
9305,aug_9305,1
9306,aug_9306,0
9307,aug_9307,0
9308,aug_9308,1
9309,aug_9309,0
9310,aug_9310,0
9311,aug_9311,0
9312,aug_9312,1
9313,aug_9313,1
9314,aug_9314,0
9315,aug_9315,1
9316,aug_9316,1
9317,aug_9317,1
9318,aug_9318,0
9319,aug_9319,0
9320,aug_9320,1
9321,aug_9321,1
9322,aug_9322,1
9323,aug_9323,0
9324,aug_9324,1
9325,aug_9325,1
9326,aug_9326,0
9327,aug_9327,1
9328,aug_9328,1
9329,aug_9329,1
9330,aug_9330,0
9331,aug_9331,1
9332,aug_9332,0
9333,aug_9333,1
9334,aug_9334,1
9335,aug_9335,1
9336,aug_9336,1
9337,aug_9337,0
9338,aug_9338,1
9339,aug_9339,1
9340,aug_9340,1
9341,aug_9341,1
9342,aug_9342,0
9343,aug_9343,0
9344,aug_9344,1
9345,aug_9345,1
9346,aug_9346,1
9347,aug_9347,1
9348,aug_9348,0
9349,aug_9349,1
9350,aug_9350,0
9351,aug_9351,1
9352,aug_9352,0
9353,aug_9353,1
9354,aug_9354,0
9355,aug_9355,1
9356,aug_9356,0
9357,aug_9357,1
9358,aug_9358,1
9359,aug_9359,0
9360,aug_9360,0
9361,aug_9361,1
9362,aug_9362,0
9363,aug_9363,0
9364,aug_9364,1
9365,aug_9365,0
9366,aug_9366,0
9367,aug_9367,1
9368,aug_9368,1
9369,aug_9369,1
9370,aug_9370,1
9371,aug_9371,1
9372,aug_9372,0
9373,aug_9373,1
9374,aug_9374,0
9375,aug_9375,1
9376,aug_9376,1
9377,aug_9377,1
9378,aug_9378,1
9379,aug_9379,1
9380,aug_9380,1
9381,aug_9381,1
9382,aug_9382,1
9383,aug_9383,0
9384,aug_9384,1
9385,aug_9385,0
9386,aug_9386,1
9387,aug_9387,1
9388,aug_9388,1
9389,aug_9389,1
9390,aug_9390,1
9391,aug_9391,1
9392,aug_9392,1
9393,aug_9393,0
9394,aug_9394,0
9395,aug_9395,1
9396,aug_9396,0
9397,aug_9397,1
9398,aug_9398,1
9399,aug_9399,1
9400,aug_9400,1
9401,aug_9401,1
9402,aug_9402,1
9403,aug_9403,0
9404,aug_9404,1
9405,aug_9405,0
9406,aug_9406,1
9407,aug_9407,1
9408,aug_9408,0
9409,aug_9409,1
9410,aug_9410,1
9411,aug_9411,1
9412,aug_9412,1
9413,aug_9413,1
9414,aug_9414,1
9415,aug_9415,1
9416,aug_9416,1
9417,aug_9417,0
9418,aug_9418,1
9419,aug_9419,0
9420,aug_9420,0
9421,aug_9421,1
9422,aug_9422,0
9423,aug_9423,1
9424,aug_9424,1
9425,aug_9425,1
9426,aug_9426,1
9427,aug_9427,0
9428,aug_9428,1
9429,aug_9429,1
9430,aug_9430,1
9431,aug_9431,1
9432,aug_9432,1
9433,aug_9433,1
9434,aug_9434,1
9435,aug_9435,0
9436,aug_9436,1
9437,aug_9437,1
9438,aug_9438,1
9439,aug_9439,1
9440,aug_9440,1
9441,aug_9441,1
9442,aug_9442,0
9443,aug_9443,1
9444,aug_9444,1
9445,aug_9445,1
9446,aug_9446,0
9447,aug_9447,0
9448,aug_9448,1
9449,aug_9449,0
9450,aug_9450,1
9451,aug_9451,1
9452,aug_9452,0
9453,aug_9453,1
9454,aug_9454,0
9455,aug_9455,0
9456,aug_9456,1
9457,aug_9457,1
9458,aug_9458,1
9459,aug_9459,1
9460,aug_9460,1
9461,aug_9461,1
9462,aug_9462,1
9463,aug_9463,0
9464,aug_9464,0
9465,aug_9465,0
9466,aug_9466,1
9467,aug_9467,0
9468,aug_9468,1
9469,aug_9469,1
9470,aug_9470,0
9471,aug_9471,1
9472,aug_9472,1
9473,aug_9473,1
9474,aug_9474,1
9475,aug_9475,1
9476,aug_9476,1
9477,aug_9477,0
9478,aug_9478,1
9479,aug_9479,1
9480,aug_9480,1
9481,aug_9481,1
9482,aug_9482,1
9483,aug_9483,1
9484,aug_9484,0
9485,aug_9485,0
9486,aug_9486,0
9487,aug_9487,1
9488,aug_9488,0
9489,aug_9489,1
9490,aug_9490,0
9491,aug_9491,0
9492,aug_9492,1
9493,aug_9493,0
9494,aug_9494,0
9495,aug_9495,0
9496,aug_9496,1
9497,aug_9497,1
9498,aug_9498,0
9499,aug_9499,1
9500,aug_9500,1
9501,aug_9501,1
9502,aug_9502,0
9503,aug_9503,0
9504,aug_9504,1
9505,aug_9505,1
9506,aug_9506,1
9507,aug_9507,0
9508,aug_9508,1
9509,aug_9509,1
9510,aug_9510,0
9511,aug_9511,1
9512,aug_9512,1
9513,aug_9513,1
9514,aug_9514,0
9515,aug_9515,1
9516,aug_9516,0
9517,aug_9517,1
9518,aug_9518,1
9519,aug_9519,1
9520,aug_9520,1
9521,aug_9521,0
9522,aug_9522,1
9523,aug_9523,1
9524,aug_9524,1
9525,aug_9525,1
9526,aug_9526,0
9527,aug_9527,0
9528,aug_9528,1
9529,aug_9529,1
9530,aug_9530,1
9531,aug_9531,1
9532,aug_9532,0
9533,aug_9533,1
9534,aug_9534,0
9535,aug_9535,1
9536,aug_9536,0
9537,aug_9537,1
9538,aug_9538,0
9539,aug_9539,1
9540,aug_9540,0
9541,aug_9541,1
9542,aug_9542,1
9543,aug_9543,0
9544,aug_9544,0
9545,aug_9545,1
9546,aug_9546,0
9547,aug_9547,0
9548,aug_9548,1
9549,aug_9549,0
9550,aug_9550,0
9551,aug_9551,1
9552,aug_9552,1
9553,aug_9553,1
9554,aug_9554,1
9555,aug_9555,1
9556,aug_9556,0
9557,aug_9557,1
9558,aug_9558,1
9559,aug_9559,1
9560,aug_9560,1
9561,aug_9561,0
9562,aug_9562,0
9563,aug_9563,1
9564,aug_9564,1
9565,aug_9565,0
9566,aug_9566,0
9567,aug_9567,1
9568,aug_9568,0
9569,aug_9569,1
9570,aug_9570,1
9571,aug_9571,0
9572,aug_9572,1
9573,aug_9573,0
9574,aug_9574,1
9575,aug_9575,1
9576,aug_9576,0
9577,aug_9577,1
9578,aug_9578,0
9579,aug_9579,1
9580,aug_9580,1
9581,aug_9581,0
9582,aug_9582,1
9583,aug_9583,0
9584,aug_9584,1
9585,aug_9585,1
9586,aug_9586,1
9587,aug_9587,1
9588,aug_9588,1
9589,aug_9589,1
9590,aug_9590,0
9591,aug_9591,1
9592,aug_9592,0
9593,aug_9593,0
9594,aug_9594,1
9595,aug_9595,1
9596,aug_9596,0
9597,aug_9597,0
9598,aug_9598,0
9599,aug_9599,1
9600,aug_9600,1
9601,aug_9601,0
9602,aug_9602,0
9603,aug_9603,1
9604,aug_9604,1
9605,aug_9605,0
9606,aug_9606,1
9607,aug_9607,1
9608,aug_9608,0
9609,aug_9609,0
9610,aug_9610,1
9611,aug_9611,0
9612,aug_9612,1
9613,aug_9613,1
9614,aug_9614,0
9615,aug_9615,1
9616,aug_9616,0
9617,aug_9617,1
9618,aug_9618,0
9619,aug_9619,0
9620,aug_9620,1
9621,aug_9621,1
9622,aug_9622,0
9623,aug_9623,0
9624,aug_9624,0
9625,aug_9625,1
9626,aug_9626,0
9627,aug_9627,1
9628,aug_9628,1
9629,aug_9629,1
9630,aug_9630,1
9631,aug_9631,1
9632,aug_9632,1
9633,aug_9633,0
9634,aug_9634,0
9635,aug_9635,1
9636,aug_9636,1
9637,aug_9637,1
9638,aug_9638,1
9639,aug_9639,0
9640,aug_9640,0
9641,aug_9641,0
9642,aug_9642,1
9643,aug_9643,1
9644,aug_9644,0
9645,aug_9645,0
9646,aug_9646,1
9647,aug_9647,0
9648,aug_9648,0
9649,aug_9649,0
9650,aug_9650,1
9651,aug_9651,0
9652,aug_9652,0
9653,aug_9653,1
9654,aug_9654,1
9655,aug_9655,1
9656,aug_9656,0
9657,aug_9657,0
9658,aug_9658,0
9659,aug_9659,0
9660,aug_9660,0
9661,aug_9661,0
9662,aug_9662,1
9663,aug_9663,0
9664,aug_9664,1
9665,aug_9665,1
9666,aug_9666,0
9667,aug_9667,0
9668,aug_9668,0
9669,aug_9669,0
9670,aug_9670,1
9671,aug_9671,1
9672,aug_9672,1
9673,aug_9673,0
9674,aug_9674,0
9675,aug_9675,1
9676,aug_9676,1
9677,aug_9677,0
9678,aug_9678,0
9679,aug_9679,1
9680,aug_9680,0
9681,aug_9681,0
9682,aug_9682,0
9683,aug_9683,1
9684,aug_9684,1
9685,aug_9685,0
9686,aug_9686,1
9687,aug_9687,0
9688,aug_9688,0
9689,aug_9689,1
9690,aug_9690,1
9691,aug_9691,1
9692,aug_9692,0
9693,aug_9693,0
9694,aug_9694,1
9695,aug_9695,1
9696,aug_9696,0
9697,aug_9697,0
9698,aug_9698,1
9699,aug_9699,0
9700,aug_9700,1
9701,aug_9701,0
9702,aug_9702,0
9703,aug_9703,0
9704,aug_9704,1
9705,aug_9705,1
9706,aug_9706,1
9707,aug_9707,0
9708,aug_9708,0
9709,aug_9709,0
9710,aug_9710,1
9711,aug_9711,1
9712,aug_9712,0
9713,aug_9713,1
9714,aug_9714,1
9715,aug_9715,0
9716,aug_9716,0
9717,aug_9717,1
9718,aug_9718,1
9719,aug_9719,0
9720,aug_9720,1
9721,aug_9721,0
9722,aug_9722,1
9723,aug_9723,0
9724,aug_9724,0
9725,aug_9725,1
9726,aug_9726,1
9727,aug_9727,1
9728,aug_9728,1
9729,aug_9729,0
9730,aug_9730,0
9731,aug_9731,1
9732,aug_9732,1
9733,aug_9733,0
9734,aug_9734,0
9735,aug_9735,1
9736,aug_9736,0
9737,aug_9737,1
9738,aug_9738,1
9739,aug_9739,0
9740,aug_9740,1
9741,aug_9741,0
9742,aug_9742,1
9743,aug_9743,1
9744,aug_9744,0
9745,aug_9745,1
9746,aug_9746,0
9747,aug_9747,1
9748,aug_9748,1
9749,aug_9749,0
9750,aug_9750,1
9751,aug_9751,0
9752,aug_9752,1
9753,aug_9753,1
9754,aug_9754,1
9755,aug_9755,1
9756,aug_9756,1
9757,aug_9757,1
9758,aug_9758,0
9759,aug_9759,1
9760,aug_9760,0
9761,aug_9761,0
9762,aug_9762,1
9763,aug_9763,1
9764,aug_9764,0
9765,aug_9765,0
9766,aug_9766,0
9767,aug_9767,1
9768,aug_9768,1
9769,aug_9769,0
9770,aug_9770,0
9771,aug_9771,1
9772,aug_9772,1
9773,aug_9773,0
9774,aug_9774,1
9775,aug_9775,1
9776,aug_9776,0
9777,aug_9777,0
9778,aug_9778,1
9779,aug_9779,0
9780,aug_9780,1
9781,aug_9781,1
9782,aug_9782,0
9783,aug_9783,1
9784,aug_9784,0
9785,aug_9785,1
9786,aug_9786,0
9787,aug_9787,0
9788,aug_9788,1
9789,aug_9789,1
9790,aug_9790,0
9791,aug_9791,0
9792,aug_9792,0
9793,aug_9793,1
9794,aug_9794,0
9795,aug_9795,1
9796,aug_9796,1
9797,aug_9797,1
9798,aug_9798,1
9799,aug_9799,1
9800,aug_9800,1
9801,aug_9801,0
9802,aug_9802,0
9803,aug_9803,1
9804,aug_9804,1
9805,aug_9805,1
9806,aug_9806,1
9807,aug_9807,0
9808,aug_9808,0
9809,aug_9809,0
9810,aug_9810,1
9811,aug_9811,1
9812,aug_9812,0
9813,aug_9813,0
9814,aug_9814,1
9815,aug_9815,0
9816,aug_9816,0
9817,aug_9817,0
9818,aug_9818,1
9819,aug_9819,0
9820,aug_9820,0
9821,aug_9821,1
9822,aug_9822,1
9823,aug_9823,1
9824,aug_9824,0
9825,aug_9825,0
9826,aug_9826,0
9827,aug_9827,0
9828,aug_9828,0
9829,aug_9829,0
9830,aug_9830,1
9831,aug_9831,0
9832,aug_9832,1
9833,aug_9833,1
9834,aug_9834,0
9835,aug_9835,0
9836,aug_9836,0
9837,aug_9837,0
9838,aug_9838,1
9839,aug_9839,1
9840,aug_9840,1
9841,aug_9841,0
9842,aug_9842,0
9843,aug_9843,1
9844,aug_9844,1
9845,aug_9845,0
9846,aug_9846,0
9847,aug_9847,1
9848,aug_9848,0
9849,aug_9849,0
9850,aug_9850,0
9851,aug_9851,1
9852,aug_9852,1
9853,aug_9853,0
9854,aug_9854,1
9855,aug_9855,0
9856,aug_9856,0
9857,aug_9857,1
9858,aug_9858,1
9859,aug_9859,1
9860,aug_9860,0
9861,aug_9861,0
9862,aug_9862,1
9863,aug_9863,1
9864,aug_9864,0
9865,aug_9865,0
9866,aug_9866,1
9867,aug_9867,0
9868,aug_9868,1
9869,aug_9869,0
9870,aug_9870,0
9871,aug_9871,0
9872,aug_9872,1
9873,aug_9873,1
9874,aug_9874,1
9875,aug_9875,0
9876,aug_9876,0
9877,aug_9877,0
9878,aug_9878,1
9879,aug_9879,1
9880,aug_9880,0
9881,aug_9881,1
9882,aug_9882,1
9883,aug_9883,0
9884,aug_9884,0
9885,aug_9885,1
9886,aug_9886,1
9887,aug_9887,0
9888,aug_9888,1
9889,aug_9889,0
9890,aug_9890,1
9891,aug_9891,0
9892,aug_9892,0
9893,aug_9893,1
9894,aug_9894,0
9895,aug_9895,1
9896,aug_9896,0
9897,aug_9897,1
9898,aug_9898,1
9899,aug_9899,0
9900,aug_9900,1
9901,aug_9901,0
9902,aug_9902,0
9903,aug_9903,1
9904,aug_9904,1
9905,aug_9905,1
9906,aug_9906,1
9907,aug_9907,0
9908,aug_9908,0
9909,aug_9909,0
9910,aug_9910,1
9911,aug_9911,0
9912,aug_9912,1
9913,aug_9913,0
9914,aug_9914,1
9915,aug_9915,1
9916,aug_9916,0
9917,aug_9917,0
9918,aug_9918,0
9919,aug_9919,1
9920,aug_9920,0
9921,aug_9921,0
9922,aug_9922,0
9923,aug_9923,1
9924,aug_9924,0
9925,aug_9925,1
9926,aug_9926,0
9927,aug_9927,0
9928,aug_9928,1
9929,aug_9929,0
9930,aug_9930,0
9931,aug_9931,1
9932,aug_9932,1
9933,aug_9933,0
9934,aug_9934,0
9935,aug_9935,1
9936,aug_9936,0
9937,aug_9937,0
9938,aug_9938,0
9939,aug_9939,1
9940,aug_9940,0
9941,aug_9941,0
9942,aug_9942,0
9943,aug_9943,0
9944,aug_9944,1
9945,aug_9945,0
9946,aug_9946,0
9947,aug_9947,1
9948,aug_9948,1
9949,aug_9949,1
9950,aug_9950,0
9951,aug_9951,0
9952,aug_9952,0
9953,aug_9953,0
9954,aug_9954,0
9955,aug_9955,0
9956,aug_9956,1
9957,aug_9957,1
9958,aug_9958,0
9959,aug_9959,1
9960,aug_9960,0
9961,aug_9961,1
9962,aug_9962,0
9963,aug_9963,0
9964,aug_9964,1
9965,aug_9965,1
9966,aug_9966,0
9967,aug_9967,0
9968,aug_9968,0
9969,aug_9969,0
9970,aug_9970,0
9971,aug_9971,0
9972,aug_9972,0
9973,aug_9973,0
9974,aug_9974,0
9975,aug_9975,0
9976,aug_9976,0
9977,aug_9977,0
9978,aug_9978,0
9979,aug_9979,1
9980,aug_9980,1
9981,aug_9981,0
9982,aug_9982,0
9983,aug_9983,0
9984,aug_9984,0
9985,aug_9985,1
9986,aug_9986,1
9987,aug_9987,1
9988,aug_9988,1
9989,aug_9989,0
9990,aug_9990,0
9991,aug_9991,0
9992,aug_9992,1
9993,aug_9993,0
9994,aug_9994,1
9995,aug_9995,0
9996,aug_9996,0
9997,aug_9997,1
9998,aug_9998,1
9999,aug_9999,0
10000,aug_10000,0
10001,aug_10001,0
10002,aug_10002,0
10003,aug_10003,1
10004,aug_10004,0
10005,aug_10005,0
10006,aug_10006,1
10007,aug_10007,0
10008,aug_10008,0
10009,aug_10009,1
10010,aug_10010,1
10011,aug_10011,0
10012,aug_10012,0
10013,aug_10013,0
10014,aug_10014,1
10015,aug_10015,0
10016,aug_10016,0
10017,aug_10017,0
10018,aug_10018,0
10019,aug_10019,0
10020,aug_10020,0
10021,aug_10021,1
10022,aug_10022,0
10023,aug_10023,0
10024,aug_10024,1
10025,aug_10025,1
10026,aug_10026,1
10027,aug_10027,1
10028,aug_10028,0
10029,aug_10029,1
10030,aug_10030,0
10031,aug_10031,0
10032,aug_10032,0
10033,aug_10033,0
10034,aug_10034,0
10035,aug_10035,0
10036,aug_10036,0
10037,aug_10037,0
10038,aug_10038,0
10039,aug_10039,0
10040,aug_10040,0
10041,aug_10041,0
10042,aug_10042,1
10043,aug_10043,0
10044,aug_10044,1
10045,aug_10045,0
10046,aug_10046,0
10047,aug_10047,0
10048,aug_10048,0
10049,aug_10049,0
10050,aug_10050,0
10051,aug_10051,0
10052,aug_10052,0
10053,aug_10053,0
10054,aug_10054,1
10055,aug_10055,0
10056,aug_10056,1
10057,aug_10057,0
10058,aug_10058,0
10059,aug_10059,0
10060,aug_10060,1
10061,aug_10061,0
10062,aug_10062,1
10063,aug_10063,0
10064,aug_10064,0
10065,aug_10065,1
10066,aug_10066,0
10067,aug_10067,1
10068,aug_10068,0
10069,aug_10069,0
10070,aug_10070,0
10071,aug_10071,0
10072,aug_10072,0
10073,aug_10073,0
10074,aug_10074,0
10075,aug_10075,0
10076,aug_10076,1
10077,aug_10077,0
10078,aug_10078,0
10079,aug_10079,0
10080,aug_10080,0
10081,aug_10081,0
10082,aug_10082,0
10083,aug_10083,0
10084,aug_10084,1
10085,aug_10085,0
10086,aug_10086,1
10087,aug_10087,1
10088,aug_10088,0
10089,aug_10089,1
10090,aug_10090,0
10091,aug_10091,0
10092,aug_10092,1
10093,aug_10093,1
10094,aug_10094,1
10095,aug_10095,1
10096,aug_10096,0
10097,aug_10097,0
10098,aug_10098,0
10099,aug_10099,1
10100,aug_10100,0
10101,aug_10101,1
10102,aug_10102,0
10103,aug_10103,1
10104,aug_10104,1
10105,aug_10105,0
10106,aug_10106,0
10107,aug_10107,0
10108,aug_10108,1
10109,aug_10109,0
10110,aug_10110,0
10111,aug_10111,0
10112,aug_10112,1
10113,aug_10113,0
10114,aug_10114,1
10115,aug_10115,0
10116,aug_10116,0
10117,aug_10117,1
10118,aug_10118,0
10119,aug_10119,0
10120,aug_10120,1
10121,aug_10121,1
10122,aug_10122,0
10123,aug_10123,0
10124,aug_10124,1
10125,aug_10125,0
10126,aug_10126,0
10127,aug_10127,0
10128,aug_10128,1
10129,aug_10129,0
10130,aug_10130,0
10131,aug_10131,0
10132,aug_10132,0
10133,aug_10133,1
10134,aug_10134,0
10135,aug_10135,0
10136,aug_10136,1
10137,aug_10137,1
10138,aug_10138,1
10139,aug_10139,0
10140,aug_10140,0
10141,aug_10141,0
10142,aug_10142,0
10143,aug_10143,0
10144,aug_10144,0
10145,aug_10145,1
10146,aug_10146,1
10147,aug_10147,0
10148,aug_10148,1
10149,aug_10149,0
10150,aug_10150,1
10151,aug_10151,0
10152,aug_10152,0
10153,aug_10153,1
10154,aug_10154,1
10155,aug_10155,0
10156,aug_10156,0
10157,aug_10157,0
10158,aug_10158,0
10159,aug_10159,0
10160,aug_10160,0
10161,aug_10161,0
10162,aug_10162,0
10163,aug_10163,0
10164,aug_10164,0
10165,aug_10165,0
10166,aug_10166,0
10167,aug_10167,0
10168,aug_10168,1
10169,aug_10169,1
10170,aug_10170,0
10171,aug_10171,0
10172,aug_10172,0
10173,aug_10173,0
10174,aug_10174,1
10175,aug_10175,1
10176,aug_10176,1
10177,aug_10177,1
10178,aug_10178,0
10179,aug_10179,0
10180,aug_10180,0
10181,aug_10181,1
10182,aug_10182,0
10183,aug_10183,1
10184,aug_10184,0
10185,aug_10185,0
10186,aug_10186,1
10187,aug_10187,1
10188,aug_10188,0
10189,aug_10189,0
10190,aug_10190,0
10191,aug_10191,0
10192,aug_10192,1
10193,aug_10193,0
10194,aug_10194,0
10195,aug_10195,1
10196,aug_10196,0
10197,aug_10197,0
10198,aug_10198,1
10199,aug_10199,1
10200,aug_10200,0
10201,aug_10201,0
10202,aug_10202,0
10203,aug_10203,1
10204,aug_10204,0
10205,aug_10205,0
10206,aug_10206,0
10207,aug_10207,0
10208,aug_10208,0
10209,aug_10209,0
10210,aug_10210,1
10211,aug_10211,0
10212,aug_10212,0
10213,aug_10213,1
10214,aug_10214,1
10215,aug_10215,1
10216,aug_10216,1
10217,aug_10217,0
10218,aug_10218,1
10219,aug_10219,0
10220,aug_10220,0
10221,aug_10221,0
10222,aug_10222,0
10223,aug_10223,0
10224,aug_10224,0
10225,aug_10225,0
10226,aug_10226,0
10227,aug_10227,0
10228,aug_10228,0
10229,aug_10229,0
10230,aug_10230,0
10231,aug_10231,1
10232,aug_10232,0
10233,aug_10233,1
10234,aug_10234,0
10235,aug_10235,0
10236,aug_10236,0
10237,aug_10237,0
10238,aug_10238,0
10239,aug_10239,0
10240,aug_10240,0
10241,aug_10241,0
10242,aug_10242,0
10243,aug_10243,1
10244,aug_10244,0
10245,aug_10245,1
10246,aug_10246,0
10247,aug_10247,0
10248,aug_10248,0
10249,aug_10249,1
10250,aug_10250,0
10251,aug_10251,1
10252,aug_10252,0
10253,aug_10253,0
10254,aug_10254,1
10255,aug_10255,0
10256,aug_10256,1
10257,aug_10257,0
10258,aug_10258,0
10259,aug_10259,0
10260,aug_10260,0
10261,aug_10261,0
10262,aug_10262,0
10263,aug_10263,0
10264,aug_10264,0
10265,aug_10265,1
10266,aug_10266,0
10267,aug_10267,0
10268,aug_10268,0
10269,aug_10269,0
10270,aug_10270,0
10271,aug_10271,0
10272,aug_10272,1
10273,aug_10273,0
10274,aug_10274,1
10275,aug_10275,1
10276,aug_10276,0
10277,aug_10277,1
10278,aug_10278,1
10279,aug_10279,0
10280,aug_10280,0
10281,aug_10281,1
10282,aug_10282,1
10283,aug_10283,1
10284,aug_10284,1
10285,aug_10285,1
10286,aug_10286,0
10287,aug_10287,1
10288,aug_10288,1
10289,aug_10289,1
10290,aug_10290,0
10291,aug_10291,1
10292,aug_10292,1
10293,aug_10293,1
10294,aug_10294,1
10295,aug_10295,1
10296,aug_10296,1
10297,aug_10297,1
10298,aug_10298,1
10299,aug_10299,0
10300,aug_10300,1
10301,aug_10301,1
10302,aug_10302,1
10303,aug_10303,1
10304,aug_10304,1
10305,aug_10305,1
10306,aug_10306,0
10307,aug_10307,0
10308,aug_10308,0
10309,aug_10309,1
10310,aug_10310,0
10311,aug_10311,1
10312,aug_10312,1
10313,aug_10313,0
10314,aug_10314,0
10315,aug_10315,1
10316,aug_10316,1
10317,aug_10317,1
10318,aug_10318,1
10319,aug_10319,1
10320,aug_10320,1
10321,aug_10321,0
10322,aug_10322,1
10323,aug_10323,0
10324,aug_10324,1
10325,aug_10325,1
10326,aug_10326,0
10327,aug_10327,0
10328,aug_10328,0
10329,aug_10329,0
10330,aug_10330,1
10331,aug_10331,1
10332,aug_10332,0
10333,aug_10333,1
10334,aug_10334,1
10335,aug_10335,1
10336,aug_10336,1
10337,aug_10337,1
10338,aug_10338,0
10339,aug_10339,1
10340,aug_10340,1
10341,aug_10341,1
10342,aug_10342,1
10343,aug_10343,1
10344,aug_10344,1
10345,aug_10345,1
10346,aug_10346,1
10347,aug_10347,0
10348,aug_10348,1
10349,aug_10349,1
10350,aug_10350,1
10351,aug_10351,0
10352,aug_10352,1
10353,aug_10353,1
10354,aug_10354,1
10355,aug_10355,1
10356,aug_10356,1
10357,aug_10357,1
10358,aug_10358,1
10359,aug_10359,1
10360,aug_10360,0
10361,aug_10361,1
10362,aug_10362,0
10363,aug_10363,1
10364,aug_10364,1
10365,aug_10365,1
10366,aug_10366,1
10367,aug_10367,1
10368,aug_10368,1
10369,aug_10369,1
10370,aug_10370,0
10371,aug_10371,0
10372,aug_10372,0
10373,aug_10373,1
10374,aug_10374,1
10375,aug_10375,0
10376,aug_10376,1
10377,aug_10377,0
10378,aug_10378,1
10379,aug_10379,1
10380,aug_10380,0
10381,aug_10381,1
10382,aug_10382,0
10383,aug_10383,1
10384,aug_10384,1
10385,aug_10385,1
10386,aug_10386,1
10387,aug_10387,1
10388,aug_10388,0
10389,aug_10389,1
10390,aug_10390,1
10391,aug_10391,0
10392,aug_10392,1
10393,aug_10393,1
10394,aug_10394,1
10395,aug_10395,0
10396,aug_10396,1
10397,aug_10397,0
10398,aug_10398,1
10399,aug_10399,0
10400,aug_10400,1
10401,aug_10401,1
10402,aug_10402,1
10403,aug_10403,0
10404,aug_10404,0
10405,aug_10405,1
10406,aug_10406,0
10407,aug_10407,0
10408,aug_10408,1
10409,aug_10409,0
10410,aug_10410,1
10411,aug_10411,0
10412,aug_10412,1
10413,aug_10413,0
10414,aug_10414,1
10415,aug_10415,0
10416,aug_10416,1
10417,aug_10417,0
10418,aug_10418,0
10419,aug_10419,1
10420,aug_10420,1
10421,aug_10421,0
10422,aug_10422,0
10423,aug_10423,1
10424,aug_10424,1
10425,aug_10425,1
10426,aug_10426,0
10427,aug_10427,1
10428,aug_10428,1
10429,aug_10429,1
10430,aug_10430,1
10431,aug_10431,1
10432,aug_10432,1
10433,aug_10433,0
10434,aug_10434,0
10435,aug_10435,0
10436,aug_10436,1
10437,aug_10437,1
10438,aug_10438,1
10439,aug_10439,0
10440,aug_10440,1
10441,aug_10441,0
10442,aug_10442,0
10443,aug_10443,0
10444,aug_10444,1
10445,aug_10445,1
10446,aug_10446,1
10447,aug_10447,0
10448,aug_10448,1
10449,aug_10449,1
10450,aug_10450,1
10451,aug_10451,1
10452,aug_10452,0
10453,aug_10453,1
10454,aug_10454,1
10455,aug_10455,0
10456,aug_10456,1
10457,aug_10457,1
10458,aug_10458,0
10459,aug_10459,0
10460,aug_10460,1
10461,aug_10461,1
10462,aug_10462,1
10463,aug_10463,1
10464,aug_10464,1
10465,aug_10465,0
10466,aug_10466,1
10467,aug_10467,1
10468,aug_10468,1
10469,aug_10469,0
10470,aug_10470,1
10471,aug_10471,1
10472,aug_10472,1
10473,aug_10473,1
10474,aug_10474,1
10475,aug_10475,1
10476,aug_10476,1
10477,aug_10477,1
10478,aug_10478,0
10479,aug_10479,1
10480,aug_10480,1
10481,aug_10481,1
10482,aug_10482,1
10483,aug_10483,1
10484,aug_10484,1
10485,aug_10485,0
10486,aug_10486,0
10487,aug_10487,0
10488,aug_10488,1
10489,aug_10489,0
10490,aug_10490,1
10491,aug_10491,1
10492,aug_10492,0
10493,aug_10493,0
10494,aug_10494,1
10495,aug_10495,1
10496,aug_10496,1
10497,aug_10497,1
10498,aug_10498,1
10499,aug_10499,1
10500,aug_10500,0
10501,aug_10501,1
10502,aug_10502,0
10503,aug_10503,1
10504,aug_10504,1
10505,aug_10505,0
10506,aug_10506,0
10507,aug_10507,0
10508,aug_10508,0
10509,aug_10509,1
10510,aug_10510,1
10511,aug_10511,0
10512,aug_10512,1
10513,aug_10513,1
10514,aug_10514,1
10515,aug_10515,1
10516,aug_10516,1
10517,aug_10517,0
10518,aug_10518,1
10519,aug_10519,1
10520,aug_10520,1
10521,aug_10521,1
10522,aug_10522,1
10523,aug_10523,1
10524,aug_10524,1
10525,aug_10525,1
10526,aug_10526,0
10527,aug_10527,1
10528,aug_10528,1
10529,aug_10529,1
10530,aug_10530,0
10531,aug_10531,1
10532,aug_10532,1
10533,aug_10533,1
10534,aug_10534,1
10535,aug_10535,1
10536,aug_10536,1
10537,aug_10537,1
10538,aug_10538,1
10539,aug_10539,0
10540,aug_10540,1
10541,aug_10541,0
10542,aug_10542,1
10543,aug_10543,1
10544,aug_10544,1
10545,aug_10545,1
10546,aug_10546,1
10547,aug_10547,1
10548,aug_10548,1
10549,aug_10549,0
10550,aug_10550,0
10551,aug_10551,0
10552,aug_10552,1
10553,aug_10553,1
10554,aug_10554,0
10555,aug_10555,1
10556,aug_10556,0
10557,aug_10557,1
10558,aug_10558,1
10559,aug_10559,0
10560,aug_10560,1
10561,aug_10561,0
10562,aug_10562,1
10563,aug_10563,1
10564,aug_10564,1
10565,aug_10565,1
10566,aug_10566,1
10567,aug_10567,0
10568,aug_10568,1
10569,aug_10569,1
10570,aug_10570,0
10571,aug_10571,1
10572,aug_10572,1
10573,aug_10573,1
10574,aug_10574,0
10575,aug_10575,1
10576,aug_10576,0
10577,aug_10577,1
10578,aug_10578,0
10579,aug_10579,1
10580,aug_10580,1
10581,aug_10581,1
10582,aug_10582,0
10583,aug_10583,0
10584,aug_10584,1
10585,aug_10585,0
10586,aug_10586,0
10587,aug_10587,1
10588,aug_10588,0
10589,aug_10589,1
10590,aug_10590,0
10591,aug_10591,1
10592,aug_10592,0
10593,aug_10593,1
10594,aug_10594,0
10595,aug_10595,1
10596,aug_10596,0
10597,aug_10597,0
10598,aug_10598,1
10599,aug_10599,1
10600,aug_10600,0
10601,aug_10601,0
10602,aug_10602,1
10603,aug_10603,1
10604,aug_10604,1
10605,aug_10605,0
10606,aug_10606,1
10607,aug_10607,1
10608,aug_10608,1
10609,aug_10609,1
10610,aug_10610,1
10611,aug_10611,1
10612,aug_10612,0
10613,aug_10613,0
10614,aug_10614,0
10615,aug_10615,1
10616,aug_10616,1
10617,aug_10617,1
10618,aug_10618,0
10619,aug_10619,1
10620,aug_10620,0
10621,aug_10621,0
10622,aug_10622,0
10623,aug_10623,1
10624,aug_10624,1
10625,aug_10625,1
10626,aug_10626,0
10627,aug_10627,1
10628,aug_10628,1
10629,aug_10629,1
10630,aug_10630,0
10631,aug_10631,0
10632,aug_10632,1
10633,aug_10633,0
10634,aug_10634,0
10635,aug_10635,1
10636,aug_10636,1
10637,aug_10637,0
10638,aug_10638,0
10639,aug_10639,0
10640,aug_10640,0
10641,aug_10641,0
10642,aug_10642,0
10643,aug_10643,0
10644,aug_10644,1
10645,aug_10645,0
10646,aug_10646,0
10647,aug_10647,0
10648,aug_10648,0
10649,aug_10649,0
10650,aug_10650,1
10651,aug_10651,1
10652,aug_10652,0
10653,aug_10653,0
10654,aug_10654,0
10655,aug_10655,1
10656,aug_10656,0
10657,aug_10657,0
10658,aug_10658,0
10659,aug_10659,0
10660,aug_10660,0
10661,aug_10661,1
10662,aug_10662,0
10663,aug_10663,0
10664,aug_10664,0
10665,aug_10665,0
10666,aug_10666,1
10667,aug_10667,0
10668,aug_10668,0
10669,aug_10669,0
10670,aug_10670,0
10671,aug_10671,0
10672,aug_10672,1
10673,aug_10673,1
10674,aug_10674,0
10675,aug_10675,1
10676,aug_10676,0
10677,aug_10677,1
10678,aug_10678,0
10679,aug_10679,0
10680,aug_10680,0
10681,aug_10681,1
10682,aug_10682,0
10683,aug_10683,0
10684,aug_10684,1
10685,aug_10685,0
10686,aug_10686,0
10687,aug_10687,1
10688,aug_10688,1
10689,aug_10689,0
10690,aug_10690,0
10691,aug_10691,1
10692,aug_10692,0
10693,aug_10693,0
10694,aug_10694,0
10695,aug_10695,0
10696,aug_10696,1
10697,aug_10697,0
10698,aug_10698,0
10699,aug_10699,1
10700,aug_10700,0
10701,aug_10701,1
10702,aug_10702,1
10703,aug_10703,0
10704,aug_10704,1
10705,aug_10705,0
10706,aug_10706,1
10707,aug_10707,1
10708,aug_10708,0
10709,aug_10709,0
10710,aug_10710,0
10711,aug_10711,1
10712,aug_10712,1
10713,aug_10713,0
10714,aug_10714,1
10715,aug_10715,0
10716,aug_10716,0
10717,aug_10717,0
10718,aug_10718,0
10719,aug_10719,1
10720,aug_10720,0
10721,aug_10721,0
10722,aug_10722,0
10723,aug_10723,0
10724,aug_10724,0
10725,aug_10725,1
10726,aug_10726,0
10727,aug_10727,0
10728,aug_10728,0
10729,aug_10729,0
10730,aug_10730,0
10731,aug_10731,1
10732,aug_10732,0
10733,aug_10733,0
10734,aug_10734,1
10735,aug_10735,1
10736,aug_10736,0
10737,aug_10737,0
10738,aug_10738,0
10739,aug_10739,0
10740,aug_10740,0
10741,aug_10741,0
10742,aug_10742,0
10743,aug_10743,1
10744,aug_10744,0
10745,aug_10745,0
10746,aug_10746,0
10747,aug_10747,0
10748,aug_10748,0
10749,aug_10749,1
10750,aug_10750,1
10751,aug_10751,0
10752,aug_10752,0
10753,aug_10753,0
10754,aug_10754,1
10755,aug_10755,0
10756,aug_10756,0
10757,aug_10757,0
10758,aug_10758,0
10759,aug_10759,0
10760,aug_10760,1
10761,aug_10761,0
10762,aug_10762,0
10763,aug_10763,0
10764,aug_10764,0
10765,aug_10765,1
10766,aug_10766,0
10767,aug_10767,0
10768,aug_10768,0
10769,aug_10769,0
10770,aug_10770,0
10771,aug_10771,1
10772,aug_10772,1
10773,aug_10773,0
10774,aug_10774,1
10775,aug_10775,0
10776,aug_10776,1
10777,aug_10777,0
10778,aug_10778,0
10779,aug_10779,0
10780,aug_10780,1
10781,aug_10781,0
10782,aug_10782,0
10783,aug_10783,1
10784,aug_10784,0
10785,aug_10785,0
10786,aug_10786,1
10787,aug_10787,1
10788,aug_10788,0
10789,aug_10789,0
10790,aug_10790,1
10791,aug_10791,0
10792,aug_10792,0
10793,aug_10793,0
10794,aug_10794,0
10795,aug_10795,1
10796,aug_10796,0
10797,aug_10797,0
10798,aug_10798,1
10799,aug_10799,0
10800,aug_10800,1
10801,aug_10801,1
10802,aug_10802,0
10803,aug_10803,1
10804,aug_10804,0
10805,aug_10805,1
10806,aug_10806,1
10807,aug_10807,0
10808,aug_10808,0
10809,aug_10809,0
10810,aug_10810,1
10811,aug_10811,1
10812,aug_10812,0
10813,aug_10813,1
10814,aug_10814,0
10815,aug_10815,0
10816,aug_10816,0
10817,aug_10817,0
10818,aug_10818,1
10819,aug_10819,0
10820,aug_10820,0
10821,aug_10821,0
10822,aug_10822,0
10823,aug_10823,0
10824,aug_10824,1
10825,aug_10825,0
10826,aug_10826,0
10827,aug_10827,0
10828,aug_10828,1
10829,aug_10829,0
10830,aug_10830,1
10831,aug_10831,1
10832,aug_10832,0
10833,aug_10833,0
10834,aug_10834,0
10835,aug_10835,0
10836,aug_10836,1
10837,aug_10837,0
10838,aug_10838,1
10839,aug_10839,1
10840,aug_10840,1
10841,aug_10841,1
10842,aug_10842,0
10843,aug_10843,0
10844,aug_10844,1
10845,aug_10845,1
10846,aug_10846,1
10847,aug_10847,0
10848,aug_10848,0
10849,aug_10849,0
10850,aug_10850,1
10851,aug_10851,1
10852,aug_10852,0
10853,aug_10853,0
10854,aug_10854,0
10855,aug_10855,1
10856,aug_10856,0
10857,aug_10857,0
10858,aug_10858,0
10859,aug_10859,1
10860,aug_10860,1
10861,aug_10861,1
10862,aug_10862,1
10863,aug_10863,1
10864,aug_10864,1
10865,aug_10865,1
10866,aug_10866,1
10867,aug_10867,0
10868,aug_10868,0
10869,aug_10869,1
10870,aug_10870,0
10871,aug_10871,0
10872,aug_10872,0
10873,aug_10873,1
10874,aug_10874,1
10875,aug_10875,1
10876,aug_10876,1
10877,aug_10877,0
10878,aug_10878,1
10879,aug_10879,1
10880,aug_10880,1
10881,aug_10881,0
10882,aug_10882,0
10883,aug_10883,1
10884,aug_10884,0
10885,aug_10885,1
10886,aug_10886,0
10887,aug_10887,1
10888,aug_10888,0
10889,aug_10889,1
10890,aug_10890,0
10891,aug_10891,1
10892,aug_10892,1
10893,aug_10893,1
10894,aug_10894,1
10895,aug_10895,1
10896,aug_10896,1
10897,aug_10897,1
10898,aug_10898,1
10899,aug_10899,0
10900,aug_10900,1
10901,aug_10901,0
10902,aug_10902,0
10903,aug_10903,0
10904,aug_10904,0
10905,aug_10905,1
10906,aug_10906,0
10907,aug_10907,1
10908,aug_10908,0
10909,aug_10909,0
10910,aug_10910,1
10911,aug_10911,1
10912,aug_10912,1
10913,aug_10913,0
10914,aug_10914,1
10915,aug_10915,1
10916,aug_10916,0
10917,aug_10917,1
10918,aug_10918,0
10919,aug_10919,1
10920,aug_10920,1
10921,aug_10921,1
10922,aug_10922,1
10923,aug_10923,1
10924,aug_10924,1
10925,aug_10925,1
10926,aug_10926,0
10927,aug_10927,0
10928,aug_10928,1
10929,aug_10929,0
10930,aug_10930,1
10931,aug_10931,1
10932,aug_10932,0
10933,aug_10933,0
10934,aug_10934,0
10935,aug_10935,0
10936,aug_10936,1
10937,aug_10937,0
10938,aug_10938,1
10939,aug_10939,1
10940,aug_10940,1
10941,aug_10941,1
10942,aug_10942,0
10943,aug_10943,0
10944,aug_10944,1
10945,aug_10945,1
10946,aug_10946,1
10947,aug_10947,0
10948,aug_10948,0
10949,aug_10949,0
10950,aug_10950,1
10951,aug_10951,1
10952,aug_10952,0
10953,aug_10953,0
10954,aug_10954,0
10955,aug_10955,1
10956,aug_10956,0
10957,aug_10957,0
10958,aug_10958,0
10959,aug_10959,1
10960,aug_10960,1
10961,aug_10961,1
10962,aug_10962,1
10963,aug_10963,1
10964,aug_10964,1
10965,aug_10965,1
10966,aug_10966,1
10967,aug_10967,0
10968,aug_10968,0
10969,aug_10969,1
10970,aug_10970,0
10971,aug_10971,0
10972,aug_10972,0
10973,aug_10973,1
10974,aug_10974,1
10975,aug_10975,1
10976,aug_10976,1
10977,aug_10977,0
10978,aug_10978,1
10979,aug_10979,1
10980,aug_10980,1
10981,aug_10981,0
10982,aug_10982,0
10983,aug_10983,1
10984,aug_10984,0
10985,aug_10985,1
10986,aug_10986,0
10987,aug_10987,1
10988,aug_10988,0
10989,aug_10989,1
10990,aug_10990,0
10991,aug_10991,1
10992,aug_10992,1
10993,aug_10993,1
10994,aug_10994,1
10995,aug_10995,1
10996,aug_10996,1
10997,aug_10997,1
10998,aug_10998,1
10999,aug_10999,0
11000,aug_11000,1
11001,aug_11001,0
11002,aug_11002,0
11003,aug_11003,0
11004,aug_11004,0
11005,aug_11005,1
11006,aug_11006,0
11007,aug_11007,1
11008,aug_11008,0
11009,aug_11009,0
11010,aug_11010,1
11011,aug_11011,1
11012,aug_11012,1
11013,aug_11013,0
11014,aug_11014,1
11015,aug_11015,1
11016,aug_11016,0
11017,aug_11017,1
11018,aug_11018,0
11019,aug_11019,1
11020,aug_11020,1
11021,aug_11021,1
11022,aug_11022,1
11023,aug_11023,1
11024,aug_11024,1
11025,aug_11025,1
11026,aug_11026,0
11027,aug_11027,0
11028,aug_11028,0
11029,aug_11029,1
11030,aug_11030,1
11031,aug_11031,1
11032,aug_11032,1
11033,aug_11033,1
11034,aug_11034,1
11035,aug_11035,1
11036,aug_11036,1
11037,aug_11037,0
11038,aug_11038,1
11039,aug_11039,0
11040,aug_11040,1
11041,aug_11041,1
11042,aug_11042,1
11043,aug_11043,1
11044,aug_11044,1
11045,aug_11045,1
11046,aug_11046,1
11047,aug_11047,0
11048,aug_11048,0
11049,aug_11049,1
11050,aug_11050,0
11051,aug_11051,1
11052,aug_11052,1
11053,aug_11053,1
11054,aug_11054,1
11055,aug_11055,1
11056,aug_11056,1
11057,aug_11057,0
11058,aug_11058,1
11059,aug_11059,0
11060,aug_11060,1
11061,aug_11061,1
11062,aug_11062,0
11063,aug_11063,1
11064,aug_11064,1
11065,aug_11065,1
11066,aug_11066,1
11067,aug_11067,1
11068,aug_11068,1
11069,aug_11069,1
11070,aug_11070,1
11071,aug_11071,0
11072,aug_11072,1
11073,aug_11073,0
11074,aug_11074,0
11075,aug_11075,1
11076,aug_11076,0
11077,aug_11077,1
11078,aug_11078,1
11079,aug_11079,1
11080,aug_11080,1
11081,aug_11081,0
11082,aug_11082,1
11083,aug_11083,1
11084,aug_11084,1
11085,aug_11085,1
11086,aug_11086,1
11087,aug_11087,1
11088,aug_11088,1
11089,aug_11089,0
11090,aug_11090,1
11091,aug_11091,1
11092,aug_11092,1
11093,aug_11093,1
11094,aug_11094,1
11095,aug_11095,1
11096,aug_11096,0
11097,aug_11097,1
11098,aug_11098,1
11099,aug_11099,1
11100,aug_11100,0
11101,aug_11101,0
11102,aug_11102,1
11103,aug_11103,0
11104,aug_11104,1
11105,aug_11105,1
11106,aug_11106,0
11107,aug_11107,1
11108,aug_11108,0
11109,aug_11109,0
11110,aug_11110,1
11111,aug_11111,1
11112,aug_11112,1
11113,aug_11113,1
11114,aug_11114,1
11115,aug_11115,1
11116,aug_11116,1
11117,aug_11117,0
11118,aug_11118,0
11119,aug_11119,0
11120,aug_11120,1
11121,aug_11121,0
11122,aug_11122,1
11123,aug_11123,1
11124,aug_11124,0
11125,aug_11125,1
11126,aug_11126,1
11127,aug_11127,1
11128,aug_11128,1
11129,aug_11129,1
11130,aug_11130,1
11131,aug_11131,0
11132,aug_11132,1
11133,aug_11133,1
11134,aug_11134,1
11135,aug_11135,1
11136,aug_11136,1
11137,aug_11137,1
11138,aug_11138,0
11139,aug_11139,0
11140,aug_11140,0
11141,aug_11141,1
11142,aug_11142,0
11143,aug_11143,1
11144,aug_11144,0
11145,aug_11145,0
11146,aug_11146,1
11147,aug_11147,0
11148,aug_11148,0
11149,aug_11149,0
11150,aug_11150,1
11151,aug_11151,1
11152,aug_11152,0
11153,aug_11153,1
11154,aug_11154,1
11155,aug_11155,1
11156,aug_11156,0
11157,aug_11157,0
11158,aug_11158,1
11159,aug_11159,1
11160,aug_11160,1
11161,aug_11161,0
11162,aug_11162,1
11163,aug_11163,1
11164,aug_11164,0
11165,aug_11165,1
11166,aug_11166,1
11167,aug_11167,1
11168,aug_11168,0
11169,aug_11169,1
11170,aug_11170,0
11171,aug_11171,1
11172,aug_11172,1
11173,aug_11173,1
11174,aug_11174,1
11175,aug_11175,0
11176,aug_11176,1
11177,aug_11177,1
11178,aug_11178,1
11179,aug_11179,1
11180,aug_11180,0
11181,aug_11181,0
11182,aug_11182,1
11183,aug_11183,1
11184,aug_11184,1
11185,aug_11185,1
11186,aug_11186,0
11187,aug_11187,1
11188,aug_11188,0
11189,aug_11189,1
11190,aug_11190,0
11191,aug_11191,1
11192,aug_11192,0
11193,aug_11193,1
11194,aug_11194,0
11195,aug_11195,1
11196,aug_11196,1
11197,aug_11197,0
11198,aug_11198,0
11199,aug_11199,1
11200,aug_11200,0
11201,aug_11201,0
11202,aug_11202,1
11203,aug_11203,0
11204,aug_11204,0
11205,aug_11205,1
11206,aug_11206,1
11207,aug_11207,1
11208,aug_11208,1
11209,aug_11209,1
11210,aug_11210,0
11211,aug_11211,1
11212,aug_11212,0
11213,aug_11213,1
11214,aug_11214,1
11215,aug_11215,1
11216,aug_11216,1
11217,aug_11217,1
11218,aug_11218,1
11219,aug_11219,1
11220,aug_11220,1
11221,aug_11221,0
11222,aug_11222,1
11223,aug_11223,0
11224,aug_11224,1
11225,aug_11225,1
11226,aug_11226,1
11227,aug_11227,1
11228,aug_11228,1
11229,aug_11229,1
11230,aug_11230,1
11231,aug_11231,0
11232,aug_11232,0
11233,aug_11233,1
11234,aug_11234,0
11235,aug_11235,1
11236,aug_11236,1
11237,aug_11237,1
11238,aug_11238,1
11239,aug_11239,1
11240,aug_11240,1
11241,aug_11241,0
11242,aug_11242,1
11243,aug_11243,0
11244,aug_11244,1
11245,aug_11245,1
11246,aug_11246,0
11247,aug_11247,1
11248,aug_11248,1
11249,aug_11249,1
11250,aug_11250,1
11251,aug_11251,1
11252,aug_11252,1
11253,aug_11253,1
11254,aug_11254,1
11255,aug_11255,0
11256,aug_11256,1
11257,aug_11257,0
11258,aug_11258,0
11259,aug_11259,1
11260,aug_11260,0
11261,aug_11261,1
11262,aug_11262,1
11263,aug_11263,1
11264,aug_11264,1
11265,aug_11265,0
11266,aug_11266,1
11267,aug_11267,1
11268,aug_11268,1
11269,aug_11269,1
11270,aug_11270,1
11271,aug_11271,1
11272,aug_11272,1
11273,aug_11273,0
11274,aug_11274,1
11275,aug_11275,1
11276,aug_11276,1
11277,aug_11277,1
11278,aug_11278,1
11279,aug_11279,1
11280,aug_11280,0
11281,aug_11281,1
11282,aug_11282,1
11283,aug_11283,1
11284,aug_11284,0
11285,aug_11285,0
11286,aug_11286,1
11287,aug_11287,0
11288,aug_11288,1
11289,aug_11289,1
11290,aug_11290,0
11291,aug_11291,1
11292,aug_11292,0
11293,aug_11293,0
11294,aug_11294,1
11295,aug_11295,1
11296,aug_11296,1
11297,aug_11297,1
11298,aug_11298,1
11299,aug_11299,1
11300,aug_11300,1
11301,aug_11301,0
11302,aug_11302,0
11303,aug_11303,0
11304,aug_11304,1
11305,aug_11305,0
11306,aug_11306,1
11307,aug_11307,1
11308,aug_11308,0
11309,aug_11309,1
11310,aug_11310,1
11311,aug_11311,1
11312,aug_11312,1
11313,aug_11313,1
11314,aug_11314,1
11315,aug_11315,0
11316,aug_11316,1
11317,aug_11317,1
11318,aug_11318,1
11319,aug_11319,1
11320,aug_11320,1
11321,aug_11321,1
11322,aug_11322,0
11323,aug_11323,0
11324,aug_11324,0
11325,aug_11325,1
11326,aug_11326,0
11327,aug_11327,1
11328,aug_11328,0
11329,aug_11329,0
11330,aug_11330,1
11331,aug_11331,0
11332,aug_11332,0
11333,aug_11333,0
11334,aug_11334,1
11335,aug_11335,1
11336,aug_11336,0
11337,aug_11337,1
11338,aug_11338,1
11339,aug_11339,1
11340,aug_11340,0
11341,aug_11341,0
11342,aug_11342,1
11343,aug_11343,1
11344,aug_11344,1
11345,aug_11345,0
11346,aug_11346,1
11347,aug_11347,1
11348,aug_11348,0
11349,aug_11349,1
11350,aug_11350,1
11351,aug_11351,1
11352,aug_11352,0
11353,aug_11353,1
11354,aug_11354,0
11355,aug_11355,1
11356,aug_11356,1
11357,aug_11357,1
11358,aug_11358,1
11359,aug_11359,0
11360,aug_11360,1
11361,aug_11361,1
11362,aug_11362,1
11363,aug_11363,1
11364,aug_11364,0
11365,aug_11365,0
11366,aug_11366,1
11367,aug_11367,1
11368,aug_11368,1
11369,aug_11369,1
11370,aug_11370,0
11371,aug_11371,1
11372,aug_11372,0
11373,aug_11373,1
11374,aug_11374,0
11375,aug_11375,1
11376,aug_11376,0
11377,aug_11377,1
11378,aug_11378,0
11379,aug_11379,1
11380,aug_11380,1
11381,aug_11381,0
11382,aug_11382,0
11383,aug_11383,1
11384,aug_11384,0
11385,aug_11385,0
11386,aug_11386,1
11387,aug_11387,0
11388,aug_11388,0
11389,aug_11389,1
11390,aug_11390,1
11391,aug_11391,1
11392,aug_11392,1
11393,aug_11393,1
11394,aug_11394,0
11395,aug_11395,1
11396,aug_11396,1
11397,aug_11397,1
11398,aug_11398,1
11399,aug_11399,0
11400,aug_11400,0
11401,aug_11401,1
11402,aug_11402,1
11403,aug_11403,0
11404,aug_11404,0
11405,aug_11405,1
11406,aug_11406,0
11407,aug_11407,1
11408,aug_11408,1
11409,aug_11409,0
11410,aug_11410,1
11411,aug_11411,0
11412,aug_11412,1
11413,aug_11413,1
11414,aug_11414,0
11415,aug_11415,1
11416,aug_11416,0
11417,aug_11417,1
11418,aug_11418,1
11419,aug_11419,0
11420,aug_11420,1
11421,aug_11421,0
11422,aug_11422,1
11423,aug_11423,1
11424,aug_11424,1
11425,aug_11425,1
11426,aug_11426,1
11427,aug_11427,1
11428,aug_11428,0
11429,aug_11429,1
11430,aug_11430,0
11431,aug_11431,0
11432,aug_11432,1
11433,aug_11433,1
11434,aug_11434,0
11435,aug_11435,0
11436,aug_11436,0
11437,aug_11437,1
11438,aug_11438,1
11439,aug_11439,0
11440,aug_11440,0
11441,aug_11441,1
11442,aug_11442,1
11443,aug_11443,0
11444,aug_11444,1
11445,aug_11445,1
11446,aug_11446,0
11447,aug_11447,0
11448,aug_11448,1
11449,aug_11449,0
11450,aug_11450,1
11451,aug_11451,1
11452,aug_11452,0
11453,aug_11453,1
11454,aug_11454,0
11455,aug_11455,1
11456,aug_11456,0
11457,aug_11457,0
11458,aug_11458,1
11459,aug_11459,1
11460,aug_11460,0
11461,aug_11461,0
11462,aug_11462,0
11463,aug_11463,1
11464,aug_11464,0
11465,aug_11465,1
11466,aug_11466,1
11467,aug_11467,1
11468,aug_11468,1
11469,aug_11469,1
11470,aug_11470,1
11471,aug_11471,0
11472,aug_11472,0
11473,aug_11473,1
11474,aug_11474,1
11475,aug_11475,1
11476,aug_11476,1
11477,aug_11477,0
11478,aug_11478,0
11479,aug_11479,0
11480,aug_11480,1
11481,aug_11481,1
11482,aug_11482,0
11483,aug_11483,0
11484,aug_11484,1
11485,aug_11485,0
11486,aug_11486,0
11487,aug_11487,0
11488,aug_11488,1
11489,aug_11489,0
11490,aug_11490,0
11491,aug_11491,1
11492,aug_11492,1
11493,aug_11493,1
11494,aug_11494,0
11495,aug_11495,0
11496,aug_11496,0
11497,aug_11497,0
11498,aug_11498,0
11499,aug_11499,0
11500,aug_11500,1
11501,aug_11501,0
11502,aug_11502,1
11503,aug_11503,1
11504,aug_11504,0
11505,aug_11505,0
11506,aug_11506,0
11507,aug_11507,0
11508,aug_11508,1
11509,aug_11509,1
11510,aug_11510,1
11511,aug_11511,0
11512,aug_11512,0
11513,aug_11513,1
11514,aug_11514,1
11515,aug_11515,0
11516,aug_11516,0
11517,aug_11517,1
11518,aug_11518,0
11519,aug_11519,0
11520,aug_11520,0
11521,aug_11521,1
11522,aug_11522,1
11523,aug_11523,0
11524,aug_11524,1
11525,aug_11525,0
11526,aug_11526,0
11527,aug_11527,1
11528,aug_11528,1
11529,aug_11529,1
11530,aug_11530,0
11531,aug_11531,0
11532,aug_11532,1
11533,aug_11533,1
11534,aug_11534,0
11535,aug_11535,0
11536,aug_11536,1
11537,aug_11537,0
11538,aug_11538,1
11539,aug_11539,0
11540,aug_11540,0
11541,aug_11541,0
11542,aug_11542,1
11543,aug_11543,1
11544,aug_11544,1
11545,aug_11545,0
11546,aug_11546,0
11547,aug_11547,0
11548,aug_11548,1
11549,aug_11549,1
11550,aug_11550,0
11551,aug_11551,1
11552,aug_11552,1
11553,aug_11553,0
11554,aug_11554,0
11555,aug_11555,1
11556,aug_11556,1
11557,aug_11557,0
11558,aug_11558,1
11559,aug_11559,0
11560,aug_11560,1
11561,aug_11561,0
11562,aug_11562,0
11563,aug_11563,1
11564,aug_11564,1
11565,aug_11565,1
11566,aug_11566,1
11567,aug_11567,0
11568,aug_11568,0
11569,aug_11569,1
11570,aug_11570,1
11571,aug_11571,0
11572,aug_11572,0
11573,aug_11573,1
11574,aug_11574,0
11575,aug_11575,1
11576,aug_11576,1
11577,aug_11577,0
11578,aug_11578,1
11579,aug_11579,0
11580,aug_11580,1
11581,aug_11581,1
11582,aug_11582,0
11583,aug_11583,1
11584,aug_11584,0
11585,aug_11585,1
11586,aug_11586,1
11587,aug_11587,0
11588,aug_11588,1
11589,aug_11589,0
11590,aug_11590,1
11591,aug_11591,1
11592,aug_11592,1
11593,aug_11593,1
11594,aug_11594,1
11595,aug_11595,1
11596,aug_11596,0
11597,aug_11597,1
11598,aug_11598,0
11599,aug_11599,0
11600,aug_11600,1
11601,aug_11601,1
11602,aug_11602,0
11603,aug_11603,0
11604,aug_11604,0
11605,aug_11605,1
11606,aug_11606,1
11607,aug_11607,0
11608,aug_11608,0
11609,aug_11609,1
11610,aug_11610,1
11611,aug_11611,0
11612,aug_11612,1
11613,aug_11613,1
11614,aug_11614,0
11615,aug_11615,0
11616,aug_11616,1
11617,aug_11617,0
11618,aug_11618,1
11619,aug_11619,1
11620,aug_11620,0
11621,aug_11621,1
11622,aug_11622,0
11623,aug_11623,1
11624,aug_11624,0
11625,aug_11625,0
11626,aug_11626,1
11627,aug_11627,1
11628,aug_11628,0
11629,aug_11629,0
11630,aug_11630,0
11631,aug_11631,1
11632,aug_11632,0
11633,aug_11633,1
11634,aug_11634,1
11635,aug_11635,1
11636,aug_11636,1
11637,aug_11637,1
11638,aug_11638,1
11639,aug_11639,0
11640,aug_11640,0
11641,aug_11641,1
11642,aug_11642,1
11643,aug_11643,1
11644,aug_11644,1
11645,aug_11645,0
11646,aug_11646,0
11647,aug_11647,0
11648,aug_11648,1
11649,aug_11649,1
11650,aug_11650,0
11651,aug_11651,0
11652,aug_11652,1
11653,aug_11653,0
11654,aug_11654,0
11655,aug_11655,0
11656,aug_11656,1
11657,aug_11657,0
11658,aug_11658,0
11659,aug_11659,1
11660,aug_11660,1
11661,aug_11661,1
11662,aug_11662,0
11663,aug_11663,0
11664,aug_11664,0
11665,aug_11665,0
11666,aug_11666,0
11667,aug_11667,0
11668,aug_11668,1
11669,aug_11669,0
11670,aug_11670,1
11671,aug_11671,1
11672,aug_11672,0
11673,aug_11673,0
11674,aug_11674,0
11675,aug_11675,0
11676,aug_11676,1
11677,aug_11677,1
11678,aug_11678,1
11679,aug_11679,0
11680,aug_11680,0
11681,aug_11681,1
11682,aug_11682,1
11683,aug_11683,0
11684,aug_11684,0
11685,aug_11685,1
11686,aug_11686,0
11687,aug_11687,0
11688,aug_11688,0
11689,aug_11689,1
11690,aug_11690,1
11691,aug_11691,0
11692,aug_11692,1
11693,aug_11693,0
11694,aug_11694,0
11695,aug_11695,1
11696,aug_11696,1
11697,aug_11697,1
11698,aug_11698,0
11699,aug_11699,0
11700,aug_11700,1
11701,aug_11701,1
11702,aug_11702,0
11703,aug_11703,0
11704,aug_11704,1
11705,aug_11705,0
11706,aug_11706,1
11707,aug_11707,0
11708,aug_11708,0
11709,aug_11709,0
11710,aug_11710,1
11711,aug_11711,1
11712,aug_11712,1
11713,aug_11713,0
11714,aug_11714,0
11715,aug_11715,0
11716,aug_11716,1
11717,aug_11717,1
11718,aug_11718,0
11719,aug_11719,1
11720,aug_11720,1
11721,aug_11721,0
11722,aug_11722,0
11723,aug_11723,1
11724,aug_11724,1
11725,aug_11725,0
11726,aug_11726,1
11727,aug_11727,0
11728,aug_11728,1
11729,aug_11729,0
11730,aug_11730,0
11731,aug_11731,1
11732,aug_11732,0
11733,aug_11733,1
11734,aug_11734,0
11735,aug_11735,1
11736,aug_11736,1
11737,aug_11737,0
11738,aug_11738,1
11739,aug_11739,0
11740,aug_11740,0
11741,aug_11741,1
11742,aug_11742,1
11743,aug_11743,1
11744,aug_11744,1
11745,aug_11745,0
11746,aug_11746,0
11747,aug_11747,0
11748,aug_11748,1
11749,aug_11749,0
11750,aug_11750,1
11751,aug_11751,0
11752,aug_11752,1
11753,aug_11753,1
11754,aug_11754,0
11755,aug_11755,0
11756,aug_11756,0
11757,aug_11757,1
11758,aug_11758,0
11759,aug_11759,0
11760,aug_11760,0
11761,aug_11761,1
11762,aug_11762,0
11763,aug_11763,1
11764,aug_11764,0
11765,aug_11765,0
11766,aug_11766,1
11767,aug_11767,0
11768,aug_11768,0
11769,aug_11769,1
11770,aug_11770,1
11771,aug_11771,0
11772,aug_11772,0
11773,aug_11773,1
11774,aug_11774,0
11775,aug_11775,0
11776,aug_11776,0
11777,aug_11777,1
11778,aug_11778,0
11779,aug_11779,0
11780,aug_11780,0
11781,aug_11781,0
11782,aug_11782,1
11783,aug_11783,0
11784,aug_11784,0
11785,aug_11785,1
11786,aug_11786,1
11787,aug_11787,1
11788,aug_11788,0
11789,aug_11789,0
11790,aug_11790,0
11791,aug_11791,0
11792,aug_11792,0
11793,aug_11793,0
11794,aug_11794,1
11795,aug_11795,1
11796,aug_11796,0
11797,aug_11797,1
11798,aug_11798,0
11799,aug_11799,1
11800,aug_11800,0
11801,aug_11801,0
11802,aug_11802,1
11803,aug_11803,1
11804,aug_11804,0
11805,aug_11805,0
11806,aug_11806,0
11807,aug_11807,0
11808,aug_11808,0
11809,aug_11809,0
11810,aug_11810,0
11811,aug_11811,0
11812,aug_11812,0
11813,aug_11813,0
11814,aug_11814,0
11815,aug_11815,0
11816,aug_11816,0
11817,aug_11817,1
11818,aug_11818,1
11819,aug_11819,0
11820,aug_11820,0
11821,aug_11821,0
11822,aug_11822,0
11823,aug_11823,1
11824,aug_11824,1
11825,aug_11825,1
11826,aug_11826,1
11827,aug_11827,0
11828,aug_11828,0
11829,aug_11829,0
11830,aug_11830,1
11831,aug_11831,0
11832,aug_11832,1
11833,aug_11833,0
11834,aug_11834,0
11835,aug_11835,1
11836,aug_11836,1
11837,aug_11837,0
11838,aug_11838,0
11839,aug_11839,0
11840,aug_11840,0
11841,aug_11841,1
11842,aug_11842,0
11843,aug_11843,0
11844,aug_11844,1
11845,aug_11845,0
11846,aug_11846,0
11847,aug_11847,1
11848,aug_11848,1
11849,aug_11849,0
11850,aug_11850,0
11851,aug_11851,0
11852,aug_11852,1
11853,aug_11853,0
11854,aug_11854,0
11855,aug_11855,0
11856,aug_11856,0
11857,aug_11857,0
11858,aug_11858,0
11859,aug_11859,1
11860,aug_11860,0
11861,aug_11861,0
11862,aug_11862,1
11863,aug_11863,1
11864,aug_11864,1
11865,aug_11865,1
11866,aug_11866,0
11867,aug_11867,1
11868,aug_11868,0
11869,aug_11869,0
11870,aug_11870,0
11871,aug_11871,0
11872,aug_11872,0
11873,aug_11873,0
11874,aug_11874,0
11875,aug_11875,0
11876,aug_11876,0
11877,aug_11877,0
11878,aug_11878,0
11879,aug_11879,0
11880,aug_11880,1
11881,aug_11881,0
11882,aug_11882,1
11883,aug_11883,0
11884,aug_11884,0
11885,aug_11885,0
11886,aug_11886,0
11887,aug_11887,0
11888,aug_11888,0
11889,aug_11889,0
11890,aug_11890,0
11891,aug_11891,0
11892,aug_11892,1
11893,aug_11893,0
11894,aug_11894,1
11895,aug_11895,0
11896,aug_11896,0
11897,aug_11897,0
11898,aug_11898,1
11899,aug_11899,0
11900,aug_11900,1
11901,aug_11901,0
11902,aug_11902,0
11903,aug_11903,1
11904,aug_11904,0
11905,aug_11905,1
11906,aug_11906,0
11907,aug_11907,0
11908,aug_11908,0
11909,aug_11909,0
11910,aug_11910,0
11911,aug_11911,0
11912,aug_11912,0
11913,aug_11913,0
11914,aug_11914,1
11915,aug_11915,0
11916,aug_11916,0
11917,aug_11917,0
11918,aug_11918,0
11919,aug_11919,0
11920,aug_11920,0
11921,aug_11921,0
11922,aug_11922,1
11923,aug_11923,0
11924,aug_11924,1
11925,aug_11925,1
11926,aug_11926,0
11927,aug_11927,1
11928,aug_11928,0
11929,aug_11929,0
11930,aug_11930,1
11931,aug_11931,1
11932,aug_11932,1
11933,aug_11933,1
11934,aug_11934,0
11935,aug_11935,0
11936,aug_11936,0
11937,aug_11937,1
11938,aug_11938,0
11939,aug_11939,1
11940,aug_11940,0
11941,aug_11941,1
11942,aug_11942,1
11943,aug_11943,0
11944,aug_11944,0
11945,aug_11945,0
11946,aug_11946,1
11947,aug_11947,0
11948,aug_11948,0
11949,aug_11949,0
11950,aug_11950,1
11951,aug_11951,0
11952,aug_11952,1
11953,aug_11953,0
11954,aug_11954,0
11955,aug_11955,1
11956,aug_11956,0
11957,aug_11957,0
11958,aug_11958,1
11959,aug_11959,1
11960,aug_11960,0
11961,aug_11961,0
11962,aug_11962,1
11963,aug_11963,0
11964,aug_11964,0
11965,aug_11965,0
11966,aug_11966,1
11967,aug_11967,0
11968,aug_11968,0
11969,aug_11969,0
11970,aug_11970,0
11971,aug_11971,1
11972,aug_11972,0
11973,aug_11973,0
11974,aug_11974,1
11975,aug_11975,1
11976,aug_11976,1
11977,aug_11977,0
11978,aug_11978,0
11979,aug_11979,0
11980,aug_11980,0
11981,aug_11981,0
11982,aug_11982,0
11983,aug_11983,1
11984,aug_11984,1
11985,aug_11985,0
11986,aug_11986,1
11987,aug_11987,0
11988,aug_11988,1
11989,aug_11989,0
11990,aug_11990,0
11991,aug_11991,1
11992,aug_11992,1
11993,aug_11993,0
11994,aug_11994,0
11995,aug_11995,0
11996,aug_11996,0
11997,aug_11997,0
11998,aug_11998,0
11999,aug_11999,0
12000,aug_12000,0
12001,aug_12001,0
12002,aug_12002,0
12003,aug_12003,0
12004,aug_12004,0
12005,aug_12005,0
12006,aug_12006,1
12007,aug_12007,1
12008,aug_12008,0
12009,aug_12009,0
12010,aug_12010,0
12011,aug_12011,0
12012,aug_12012,1
12013,aug_12013,1
12014,aug_12014,1
12015,aug_12015,1
12016,aug_12016,0
12017,aug_12017,0
12018,aug_12018,0
12019,aug_12019,1
12020,aug_12020,0
12021,aug_12021,1
12022,aug_12022,0
12023,aug_12023,0
12024,aug_12024,1
12025,aug_12025,1
12026,aug_12026,0
12027,aug_12027,0
12028,aug_12028,0
12029,aug_12029,0
12030,aug_12030,1
12031,aug_12031,0
12032,aug_12032,0
12033,aug_12033,1
12034,aug_12034,0
12035,aug_12035,0
12036,aug_12036,1
12037,aug_12037,1
12038,aug_12038,0
12039,aug_12039,0
12040,aug_12040,0
12041,aug_12041,1
12042,aug_12042,0
12043,aug_12043,0
12044,aug_12044,0
12045,aug_12045,0
12046,aug_12046,0
12047,aug_12047,0
12048,aug_12048,1
12049,aug_12049,0
12050,aug_12050,0
12051,aug_12051,1
12052,aug_12052,1
12053,aug_12053,1
12054,aug_12054,1
12055,aug_12055,0
12056,aug_12056,1
12057,aug_12057,0
12058,aug_12058,0
12059,aug_12059,0
12060,aug_12060,0
12061,aug_12061,0
12062,aug_12062,0
12063,aug_12063,0
12064,aug_12064,0
12065,aug_12065,0
12066,aug_12066,0
12067,aug_12067,0
12068,aug_12068,0
12069,aug_12069,1
12070,aug_12070,0
12071,aug_12071,1
12072,aug_12072,0
12073,aug_12073,0
12074,aug_12074,0
12075,aug_12075,0
12076,aug_12076,0
12077,aug_12077,0
12078,aug_12078,0
12079,aug_12079,0
12080,aug_12080,0
12081,aug_12081,1
12082,aug_12082,0
12083,aug_12083,1
12084,aug_12084,0
12085,aug_12085,0
12086,aug_12086,0
12087,aug_12087,1
12088,aug_12088,0
12089,aug_12089,1
12090,aug_12090,0
12091,aug_12091,0
12092,aug_12092,1
12093,aug_12093,0
12094,aug_12094,1
12095,aug_12095,0
12096,aug_12096,0
12097,aug_12097,0
12098,aug_12098,0
12099,aug_12099,0
12100,aug_12100,0
12101,aug_12101,0
12102,aug_12102,0
12103,aug_12103,1
12104,aug_12104,0
12105,aug_12105,0
12106,aug_12106,0
12107,aug_12107,0
12108,aug_12108,0
12109,aug_12109,0
12110,aug_12110,1
12111,aug_12111,0
12112,aug_12112,1
12113,aug_12113,1
12114,aug_12114,0
12115,aug_12115,1
12116,aug_12116,1
12117,aug_12117,0
12118,aug_12118,0
12119,aug_12119,1
12120,aug_12120,1
12121,aug_12121,1
12122,aug_12122,1
12123,aug_12123,1
12124,aug_12124,0
12125,aug_12125,1
12126,aug_12126,1
12127,aug_12127,1
12128,aug_12128,0
12129,aug_12129,1
12130,aug_12130,1
12131,aug_12131,1
12132,aug_12132,1
12133,aug_12133,1
12134,aug_12134,1
12135,aug_12135,1
12136,aug_12136,1
12137,aug_12137,0
12138,aug_12138,1
12139,aug_12139,1
12140,aug_12140,1
12141,aug_12141,1
12142,aug_12142,1
12143,aug_12143,1
12144,aug_12144,0
12145,aug_12145,0
12146,aug_12146,0
12147,aug_12147,1
12148,aug_12148,0
12149,aug_12149,1
12150,aug_12150,1
12151,aug_12151,0
12152,aug_12152,0
12153,aug_12153,1
12154,aug_12154,1
12155,aug_12155,1
12156,aug_12156,1
12157,aug_12157,1
12158,aug_12158,1
12159,aug_12159,0
12160,aug_12160,1
12161,aug_12161,0
12162,aug_12162,1
12163,aug_12163,1
12164,aug_12164,0
12165,aug_12165,0
12166,aug_12166,0
12167,aug_12167,0
12168,aug_12168,1
12169,aug_12169,1
12170,aug_12170,0
12171,aug_12171,1
12172,aug_12172,1
12173,aug_12173,1
12174,aug_12174,1
12175,aug_12175,1
12176,aug_12176,0
12177,aug_12177,1
12178,aug_12178,1
12179,aug_12179,1
12180,aug_12180,1
12181,aug_12181,1
12182,aug_12182,1
12183,aug_12183,1
12184,aug_12184,1
12185,aug_12185,0
12186,aug_12186,1
12187,aug_12187,1
12188,aug_12188,1
12189,aug_12189,0
12190,aug_12190,1
12191,aug_12191,1
12192,aug_12192,1
12193,aug_12193,1
12194,aug_12194,1
12195,aug_12195,1
12196,aug_12196,1
12197,aug_12197,1
12198,aug_12198,0
12199,aug_12199,1
12200,aug_12200,0
12201,aug_12201,1
12202,aug_12202,1
12203,aug_12203,1
12204,aug_12204,1
12205,aug_12205,1
12206,aug_12206,1
12207,aug_12207,1
12208,aug_12208,0
12209,aug_12209,0
12210,aug_12210,0
12211,aug_12211,1
12212,aug_12212,1
12213,aug_12213,0
12214,aug_12214,1
12215,aug_12215,0
12216,aug_12216,1
12217,aug_12217,1
12218,aug_12218,0
12219,aug_12219,1
12220,aug_12220,0
12221,aug_12221,1
12222,aug_12222,1
12223,aug_12223,1
12224,aug_12224,1
12225,aug_12225,1
12226,aug_12226,0
12227,aug_12227,1
12228,aug_12228,1
12229,aug_12229,0
12230,aug_12230,1
12231,aug_12231,1
12232,aug_12232,1
12233,aug_12233,0
12234,aug_12234,1
12235,aug_12235,0
12236,aug_12236,1
12237,aug_12237,0
12238,aug_12238,1
12239,aug_12239,1
12240,aug_12240,1
12241,aug_12241,0
12242,aug_12242,0
12243,aug_12243,1
12244,aug_12244,0
12245,aug_12245,0
12246,aug_12246,1
12247,aug_12247,0
12248,aug_12248,1
12249,aug_12249,0
12250,aug_12250,1
12251,aug_12251,0
12252,aug_12252,1
12253,aug_12253,0
12254,aug_12254,1
12255,aug_12255,0
12256,aug_12256,0
12257,aug_12257,1
12258,aug_12258,1
12259,aug_12259,0
12260,aug_12260,0
12261,aug_12261,1
12262,aug_12262,1
12263,aug_12263,1
12264,aug_12264,0
12265,aug_12265,1
12266,aug_12266,1
12267,aug_12267,1
12268,aug_12268,1
12269,aug_12269,1
12270,aug_12270,1
12271,aug_12271,0
12272,aug_12272,0
12273,aug_12273,0
12274,aug_12274,1
12275,aug_12275,1
12276,aug_12276,1
12277,aug_12277,0
12278,aug_12278,1
12279,aug_12279,0
12280,aug_12280,0
12281,aug_12281,0
12282,aug_12282,1
12283,aug_12283,1
12284,aug_12284,1
12285,aug_12285,0
12286,aug_12286,1
12287,aug_12287,1
12288,aug_12288,1
12289,aug_12289,1
12290,aug_12290,0
12291,aug_12291,1
12292,aug_12292,1
12293,aug_12293,0
12294,aug_12294,1
12295,aug_12295,1
12296,aug_12296,0
12297,aug_12297,0
12298,aug_12298,1
12299,aug_12299,1
12300,aug_12300,1
12301,aug_12301,1
12302,aug_12302,1
12303,aug_12303,0
12304,aug_12304,1
12305,aug_12305,1
12306,aug_12306,1
12307,aug_12307,0
12308,aug_12308,1
12309,aug_12309,1
12310,aug_12310,1
12311,aug_12311,1
12312,aug_12312,1
12313,aug_12313,1
12314,aug_12314,1
12315,aug_12315,1
12316,aug_12316,0
12317,aug_12317,1
12318,aug_12318,1
12319,aug_12319,1
12320,aug_12320,1
12321,aug_12321,1
12322,aug_12322,1
12323,aug_12323,0
12324,aug_12324,0
12325,aug_12325,0
12326,aug_12326,1
12327,aug_12327,0
12328,aug_12328,1
12329,aug_12329,1
12330,aug_12330,0
12331,aug_12331,0
12332,aug_12332,1
12333,aug_12333,1
12334,aug_12334,1
12335,aug_12335,1
12336,aug_12336,1
12337,aug_12337,1
12338,aug_12338,0
12339,aug_12339,1
12340,aug_12340,0
12341,aug_12341,1
12342,aug_12342,1
12343,aug_12343,0
12344,aug_12344,0
12345,aug_12345,0
12346,aug_12346,0
12347,aug_12347,1
12348,aug_12348,1
12349,aug_12349,0
12350,aug_12350,1
12351,aug_12351,1
12352,aug_12352,1
12353,aug_12353,1
12354,aug_12354,1
12355,aug_12355,0
12356,aug_12356,1
12357,aug_12357,1
12358,aug_12358,1
12359,aug_12359,1
12360,aug_12360,1
12361,aug_12361,1
12362,aug_12362,1
12363,aug_12363,1
12364,aug_12364,0
12365,aug_12365,1
12366,aug_12366,1
12367,aug_12367,1
12368,aug_12368,0
12369,aug_12369,1
12370,aug_12370,1
12371,aug_12371,1
12372,aug_12372,1
12373,aug_12373,1
12374,aug_12374,1
12375,aug_12375,1
12376,aug_12376,1
12377,aug_12377,0
12378,aug_12378,1
12379,aug_12379,0
12380,aug_12380,1
12381,aug_12381,1
12382,aug_12382,1
12383,aug_12383,1
12384,aug_12384,1
12385,aug_12385,1
12386,aug_12386,1
12387,aug_12387,0
12388,aug_12388,0
12389,aug_12389,0
12390,aug_12390,1
12391,aug_12391,1
12392,aug_12392,0
12393,aug_12393,1
12394,aug_12394,0
12395,aug_12395,1
12396,aug_12396,1
12397,aug_12397,0
12398,aug_12398,1
12399,aug_12399,0
12400,aug_12400,1
12401,aug_12401,1
12402,aug_12402,1
12403,aug_12403,1
12404,aug_12404,1
12405,aug_12405,0
12406,aug_12406,1
12407,aug_12407,1
12408,aug_12408,0
12409,aug_12409,1
12410,aug_12410,1
12411,aug_12411,1
12412,aug_12412,0
12413,aug_12413,1
12414,aug_12414,0
12415,aug_12415,1
12416,aug_12416,0
12417,aug_12417,1
12418,aug_12418,1
12419,aug_12419,1
12420,aug_12420,0
12421,aug_12421,0
12422,aug_12422,1
12423,aug_12423,0
12424,aug_12424,0
12425,aug_12425,1
12426,aug_12426,0
12427,aug_12427,1
12428,aug_12428,0
12429,aug_12429,1
12430,aug_12430,0
12431,aug_12431,1
12432,aug_12432,0
12433,aug_12433,1
12434,aug_12434,0
12435,aug_12435,0
12436,aug_12436,1
12437,aug_12437,1
12438,aug_12438,0
12439,aug_12439,0
12440,aug_12440,1
12441,aug_12441,1
12442,aug_12442,1
12443,aug_12443,0
12444,aug_12444,1
12445,aug_12445,1
12446,aug_12446,1
12447,aug_12447,1
12448,aug_12448,1
12449,aug_12449,1
12450,aug_12450,0
12451,aug_12451,0
12452,aug_12452,0
12453,aug_12453,1
12454,aug_12454,1
12455,aug_12455,1
12456,aug_12456,0
12457,aug_12457,1
12458,aug_12458,0
12459,aug_12459,0
12460,aug_12460,0
12461,aug_12461,1
12462,aug_12462,1
12463,aug_12463,1
12464,aug_12464,0
12465,aug_12465,1
12466,aug_12466,1
12467,aug_12467,1
12468,aug_12468,0
12469,aug_12469,0
12470,aug_12470,1
12471,aug_12471,0
12472,aug_12472,0
12473,aug_12473,1
12474,aug_12474,1
12475,aug_12475,0
12476,aug_12476,0
12477,aug_12477,0
12478,aug_12478,0
12479,aug_12479,0
12480,aug_12480,0
12481,aug_12481,0
12482,aug_12482,1
12483,aug_12483,0
12484,aug_12484,0
12485,aug_12485,0
12486,aug_12486,0
12487,aug_12487,0
12488,aug_12488,1
12489,aug_12489,1
12490,aug_12490,0
12491,aug_12491,0
12492,aug_12492,0
12493,aug_12493,1
12494,aug_12494,0
12495,aug_12495,0
12496,aug_12496,0
12497,aug_12497,0
12498,aug_12498,0
12499,aug_12499,1
12500,aug_12500,0
12501,aug_12501,0
12502,aug_12502,0
12503,aug_12503,0
12504,aug_12504,1
12505,aug_12505,0
12506,aug_12506,0
12507,aug_12507,0
12508,aug_12508,0
12509,aug_12509,0
12510,aug_12510,1
12511,aug_12511,1
12512,aug_12512,0
12513,aug_12513,1
12514,aug_12514,0
12515,aug_12515,1
12516,aug_12516,0
12517,aug_12517,0
12518,aug_12518,0
12519,aug_12519,1
12520,aug_12520,0
12521,aug_12521,0
12522,aug_12522,1
12523,aug_12523,0
12524,aug_12524,0
12525,aug_12525,1
12526,aug_12526,1
12527,aug_12527,0
12528,aug_12528,0
12529,aug_12529,1
12530,aug_12530,0
12531,aug_12531,0
12532,aug_12532,0
12533,aug_12533,0
12534,aug_12534,1
12535,aug_12535,0
12536,aug_12536,0
12537,aug_12537,1
12538,aug_12538,0
12539,aug_12539,1
12540,aug_12540,1
12541,aug_12541,0
12542,aug_12542,1
12543,aug_12543,0
12544,aug_12544,1
12545,aug_12545,1
12546,aug_12546,0
12547,aug_12547,0
12548,aug_12548,0
12549,aug_12549,1
12550,aug_12550,1
12551,aug_12551,0
12552,aug_12552,1
12553,aug_12553,0
12554,aug_12554,0
12555,aug_12555,0
12556,aug_12556,0
12557,aug_12557,1
12558,aug_12558,0
12559,aug_12559,0
12560,aug_12560,0
12561,aug_12561,0
12562,aug_12562,0
12563,aug_12563,1
12564,aug_12564,0
12565,aug_12565,0
12566,aug_12566,0
12567,aug_12567,0
12568,aug_12568,0
12569,aug_12569,1
12570,aug_12570,0
12571,aug_12571,0
12572,aug_12572,1
12573,aug_12573,1
12574,aug_12574,0
12575,aug_12575,0
12576,aug_12576,0
12577,aug_12577,0
12578,aug_12578,0
12579,aug_12579,0
12580,aug_12580,0
12581,aug_12581,1
12582,aug_12582,0
12583,aug_12583,0
12584,aug_12584,0
12585,aug_12585,0
12586,aug_12586,0
12587,aug_12587,1
12588,aug_12588,1
12589,aug_12589,0
12590,aug_12590,0
12591,aug_12591,0
12592,aug_12592,1
12593,aug_12593,0
12594,aug_12594,0
12595,aug_12595,0
12596,aug_12596,0
12597,aug_12597,0
12598,aug_12598,1
12599,aug_12599,0
12600,aug_12600,0
12601,aug_12601,0
12602,aug_12602,0
12603,aug_12603,1
12604,aug_12604,0
12605,aug_12605,0
12606,aug_12606,0
12607,aug_12607,0
12608,aug_12608,0
12609,aug_12609,1
12610,aug_12610,1
12611,aug_12611,0
12612,aug_12612,1
12613,aug_12613,0
12614,aug_12614,1
12615,aug_12615,0
12616,aug_12616,0
12617,aug_12617,0
12618,aug_12618,1
12619,aug_12619,0
12620,aug_12620,0
12621,aug_12621,1
12622,aug_12622,0
12623,aug_12623,0
12624,aug_12624,1
12625,aug_12625,1
12626,aug_12626,0
12627,aug_12627,0
12628,aug_12628,1
12629,aug_12629,0
12630,aug_12630,0
12631,aug_12631,0
12632,aug_12632,0
12633,aug_12633,1
12634,aug_12634,0
12635,aug_12635,0
12636,aug_12636,1
12637,aug_12637,0
12638,aug_12638,1
12639,aug_12639,1
12640,aug_12640,0
12641,aug_12641,1
12642,aug_12642,0
12643,aug_12643,1
12644,aug_12644,1
12645,aug_12645,0
12646,aug_12646,0
12647,aug_12647,0
12648,aug_12648,1
12649,aug_12649,1
12650,aug_12650,0
12651,aug_12651,1
12652,aug_12652,0
12653,aug_12653,0
12654,aug_12654,0
12655,aug_12655,0
12656,aug_12656,1
12657,aug_12657,0
12658,aug_12658,0
12659,aug_12659,0
12660,aug_12660,0
12661,aug_12661,0
12662,aug_12662,1
12663,aug_12663,0
12664,aug_12664,0
12665,aug_12665,0
12666,aug_12666,1
12667,aug_12667,0
12668,aug_12668,1
12669,aug_12669,1
12670,aug_12670,0
12671,aug_12671,0
12672,aug_12672,0
12673,aug_12673,0
12674,aug_12674,1
12675,aug_12675,0
12676,aug_12676,1
12677,aug_12677,1
12678,aug_12678,1
12679,aug_12679,1
12680,aug_12680,0
12681,aug_12681,0
12682,aug_12682,1
12683,aug_12683,1
12684,aug_12684,1
12685,aug_12685,0
12686,aug_12686,0
12687,aug_12687,0
12688,aug_12688,1
12689,aug_12689,1
12690,aug_12690,0
12691,aug_12691,0
12692,aug_12692,0
12693,aug_12693,1
12694,aug_12694,0
12695,aug_12695,0
12696,aug_12696,0
12697,aug_12697,1
12698,aug_12698,1
12699,aug_12699,1
12700,aug_12700,1
12701,aug_12701,1
12702,aug_12702,1
12703,aug_12703,1
12704,aug_12704,1
12705,aug_12705,0
12706,aug_12706,0
12707,aug_12707,1
12708,aug_12708,0
12709,aug_12709,0
12710,aug_12710,0
12711,aug_12711,1
12712,aug_12712,1
12713,aug_12713,1
12714,aug_12714,1
12715,aug_12715,0
12716,aug_12716,1
12717,aug_12717,1
12718,aug_12718,1
12719,aug_12719,0
12720,aug_12720,0
12721,aug_12721,1
12722,aug_12722,0
12723,aug_12723,1
12724,aug_12724,0
12725,aug_12725,1
12726,aug_12726,0
12727,aug_12727,1
12728,aug_12728,0
12729,aug_12729,1
12730,aug_12730,1
12731,aug_12731,1
12732,aug_12732,1
12733,aug_12733,1
12734,aug_12734,1
12735,aug_12735,1
12736,aug_12736,1
12737,aug_12737,0
12738,aug_12738,1
12739,aug_12739,0
12740,aug_12740,0
12741,aug_12741,0
12742,aug_12742,0
12743,aug_12743,1
12744,aug_12744,0
12745,aug_12745,1
12746,aug_12746,0
12747,aug_12747,0
12748,aug_12748,1
12749,aug_12749,1
12750,aug_12750,1
12751,aug_12751,0
12752,aug_12752,1
12753,aug_12753,1
12754,aug_12754,0
12755,aug_12755,1
12756,aug_12756,0
12757,aug_12757,1
12758,aug_12758,1
12759,aug_12759,1
12760,aug_12760,1
12761,aug_12761,1
12762,aug_12762,1
12763,aug_12763,1
12764,aug_12764,0
12765,aug_12765,0
12766,aug_12766,1
12767,aug_12767,0
12768,aug_12768,1
12769,aug_12769,1
12770,aug_12770,0
12771,aug_12771,0
12772,aug_12772,0
12773,aug_12773,0
12774,aug_12774,1
12775,aug_12775,0
12776,aug_12776,1
12777,aug_12777,1
12778,aug_12778,1
12779,aug_12779,1
12780,aug_12780,0
12781,aug_12781,0
12782,aug_12782,1
12783,aug_12783,1
12784,aug_12784,1
12785,aug_12785,0
12786,aug_12786,0
12787,aug_12787,0
12788,aug_12788,1
12789,aug_12789,1
12790,aug_12790,0
12791,aug_12791,0
12792,aug_12792,0
12793,aug_12793,1
12794,aug_12794,0
12795,aug_12795,0
12796,aug_12796,0
12797,aug_12797,1
12798,aug_12798,1
12799,aug_12799,1
12800,aug_12800,1
12801,aug_12801,1
12802,aug_12802,1
12803,aug_12803,1
12804,aug_12804,1
12805,aug_12805,0
12806,aug_12806,0
12807,aug_12807,1
12808,aug_12808,0
12809,aug_12809,0
12810,aug_12810,0
12811,aug_12811,1
12812,aug_12812,1
12813,aug_12813,1
12814,aug_12814,1
12815,aug_12815,0
12816,aug_12816,1
12817,aug_12817,1
12818,aug_12818,1
12819,aug_12819,0
12820,aug_12820,0
12821,aug_12821,1
12822,aug_12822,0
12823,aug_12823,1
12824,aug_12824,0
12825,aug_12825,1
12826,aug_12826,0
12827,aug_12827,1
12828,aug_12828,0
12829,aug_12829,1
12830,aug_12830,1
12831,aug_12831,1
12832,aug_12832,1
12833,aug_12833,1
12834,aug_12834,1
12835,aug_12835,1
12836,aug_12836,1
12837,aug_12837,0
12838,aug_12838,1
12839,aug_12839,0
12840,aug_12840,0
12841,aug_12841,0
12842,aug_12842,0
12843,aug_12843,1
12844,aug_12844,0
12845,aug_12845,1
12846,aug_12846,0
12847,aug_12847,0
12848,aug_12848,1
12849,aug_12849,1
12850,aug_12850,1
12851,aug_12851,0
12852,aug_12852,1
12853,aug_12853,1
12854,aug_12854,0
12855,aug_12855,1
12856,aug_12856,0
12857,aug_12857,1
12858,aug_12858,1
12859,aug_12859,1
12860,aug_12860,1
12861,aug_12861,1
12862,aug_12862,1
12863,aug_12863,1
12864,aug_12864,0
12865,aug_12865,0
12866,aug_12866,0
12867,aug_12867,1
12868,aug_12868,1
12869,aug_12869,1
12870,aug_12870,1
12871,aug_12871,1
12872,aug_12872,1
12873,aug_12873,1
12874,aug_12874,1
12875,aug_12875,0
12876,aug_12876,1
12877,aug_12877,0
12878,aug_12878,1
12879,aug_12879,1
12880,aug_12880,1
12881,aug_12881,1
12882,aug_12882,1
12883,aug_12883,1
12884,aug_12884,1
12885,aug_12885,0
12886,aug_12886,0
12887,aug_12887,1
12888,aug_12888,0
12889,aug_12889,1
12890,aug_12890,1
12891,aug_12891,1
12892,aug_12892,1
12893,aug_12893,1
12894,aug_12894,1
12895,aug_12895,0
12896,aug_12896,1
12897,aug_12897,0
12898,aug_12898,1
12899,aug_12899,1
12900,aug_12900,0
12901,aug_12901,1
12902,aug_12902,1
12903,aug_12903,1
12904,aug_12904,1
12905,aug_12905,1
12906,aug_12906,1
12907,aug_12907,1
12908,aug_12908,1
12909,aug_12909,0
12910,aug_12910,1
12911,aug_12911,0
12912,aug_12912,0
12913,aug_12913,1
12914,aug_12914,0
12915,aug_12915,1
12916,aug_12916,1
12917,aug_12917,1
12918,aug_12918,1
12919,aug_12919,0
12920,aug_12920,1
12921,aug_12921,1
12922,aug_12922,1
12923,aug_12923,1
12924,aug_12924,1
12925,aug_12925,1
12926,aug_12926,1
12927,aug_12927,0
12928,aug_12928,1
12929,aug_12929,1
12930,aug_12930,1
12931,aug_12931,1
12932,aug_12932,1
12933,aug_12933,1
12934,aug_12934,0
12935,aug_12935,1
12936,aug_12936,1
12937,aug_12937,1
12938,aug_12938,0
12939,aug_12939,0
12940,aug_12940,1
12941,aug_12941,0
12942,aug_12942,1
12943,aug_12943,1
12944,aug_12944,0
12945,aug_12945,1
12946,aug_12946,0
12947,aug_12947,0
12948,aug_12948,1
12949,aug_12949,1
12950,aug_12950,1
12951,aug_12951,1
12952,aug_12952,1
12953,aug_12953,1
12954,aug_12954,1
12955,aug_12955,0
12956,aug_12956,0
12957,aug_12957,0
12958,aug_12958,1
12959,aug_12959,0
12960,aug_12960,1
12961,aug_12961,1
12962,aug_12962,0
12963,aug_12963,1
12964,aug_12964,1
12965,aug_12965,1
12966,aug_12966,1
12967,aug_12967,1
12968,aug_12968,1
12969,aug_12969,0
12970,aug_12970,1
12971,aug_12971,1
12972,aug_12972,1
12973,aug_12973,1
12974,aug_12974,1
12975,aug_12975,1
12976,aug_12976,0
12977,aug_12977,0
12978,aug_12978,0
12979,aug_12979,1
12980,aug_12980,0
12981,aug_12981,1
12982,aug_12982,0
12983,aug_12983,0
12984,aug_12984,1
12985,aug_12985,0
12986,aug_12986,0
12987,aug_12987,0
12988,aug_12988,1
12989,aug_12989,1
12990,aug_12990,0
12991,aug_12991,1
12992,aug_12992,1
12993,aug_12993,1
12994,aug_12994,0
12995,aug_12995,0
12996,aug_12996,1
12997,aug_12997,1
12998,aug_12998,1
12999,aug_12999,0
13000,aug_13000,1
13001,aug_13001,1
13002,aug_13002,0
13003,aug_13003,1
13004,aug_13004,1
13005,aug_13005,1
13006,aug_13006,0
13007,aug_13007,1
13008,aug_13008,0
13009,aug_13009,1
13010,aug_13010,1
13011,aug_13011,1
13012,aug_13012,1
13013,aug_13013,0
13014,aug_13014,1
13015,aug_13015,1
13016,aug_13016,1
13017,aug_13017,1
13018,aug_13018,0
13019,aug_13019,0
13020,aug_13020,1
13021,aug_13021,1
13022,aug_13022,1
13023,aug_13023,1
13024,aug_13024,0
13025,aug_13025,1
13026,aug_13026,0
13027,aug_13027,1
13028,aug_13028,0
13029,aug_13029,1
13030,aug_13030,0
13031,aug_13031,1
13032,aug_13032,0
13033,aug_13033,1
13034,aug_13034,1
13035,aug_13035,0
13036,aug_13036,0
13037,aug_13037,1
13038,aug_13038,0
13039,aug_13039,0
13040,aug_13040,1
13041,aug_13041,0
13042,aug_13042,0
13043,aug_13043,1
13044,aug_13044,1
13045,aug_13045,1
13046,aug_13046,1
13047,aug_13047,1
13048,aug_13048,0
13049,aug_13049,1
13050,aug_13050,0
13051,aug_13051,1
13052,aug_13052,1
13053,aug_13053,1
13054,aug_13054,1
13055,aug_13055,1
13056,aug_13056,1
13057,aug_13057,1
13058,aug_13058,1
13059,aug_13059,0
13060,aug_13060,1
13061,aug_13061,0
13062,aug_13062,1
13063,aug_13063,1
13064,aug_13064,1
13065,aug_13065,1
13066,aug_13066,1
13067,aug_13067,1
13068,aug_13068,1
13069,aug_13069,0
13070,aug_13070,0
13071,aug_13071,1
13072,aug_13072,0
13073,aug_13073,1
13074,aug_13074,1
13075,aug_13075,1
13076,aug_13076,1
13077,aug_13077,1
13078,aug_13078,1
13079,aug_13079,0
13080,aug_13080,1
13081,aug_13081,0
13082,aug_13082,1
13083,aug_13083,1
13084,aug_13084,0
13085,aug_13085,1
13086,aug_13086,1
13087,aug_13087,1
13088,aug_13088,1
13089,aug_13089,1
13090,aug_13090,1
13091,aug_13091,1
13092,aug_13092,1
13093,aug_13093,0
13094,aug_13094,1
13095,aug_13095,0
13096,aug_13096,0
13097,aug_13097,1
13098,aug_13098,0
13099,aug_13099,1
13100,aug_13100,1
13101,aug_13101,1
13102,aug_13102,1
13103,aug_13103,0
13104,aug_13104,1
13105,aug_13105,1
13106,aug_13106,1
13107,aug_13107,1
13108,aug_13108,1
13109,aug_13109,1
13110,aug_13110,1
13111,aug_13111,0
13112,aug_13112,1
13113,aug_13113,1
13114,aug_13114,1
13115,aug_13115,1
13116,aug_13116,1
13117,aug_13117,1
13118,aug_13118,0
13119,aug_13119,1
13120,aug_13120,1
13121,aug_13121,1
13122,aug_13122,0
13123,aug_13123,0
13124,aug_13124,1
13125,aug_13125,0
13126,aug_13126,1
13127,aug_13127,1
13128,aug_13128,0
13129,aug_13129,1
13130,aug_13130,0
13131,aug_13131,0
13132,aug_13132,1
13133,aug_13133,1
13134,aug_13134,1
13135,aug_13135,1
13136,aug_13136,1
13137,aug_13137,1
13138,aug_13138,1
13139,aug_13139,0
13140,aug_13140,0
13141,aug_13141,0
13142,aug_13142,1
13143,aug_13143,0
13144,aug_13144,1
13145,aug_13145,1
13146,aug_13146,0
13147,aug_13147,1
13148,aug_13148,1
13149,aug_13149,1
13150,aug_13150,1
13151,aug_13151,1
13152,aug_13152,1
13153,aug_13153,0
13154,aug_13154,1
13155,aug_13155,1
13156,aug_13156,1
13157,aug_13157,1
13158,aug_13158,1
13159,aug_13159,1
13160,aug_13160,0
13161,aug_13161,0
13162,aug_13162,0
13163,aug_13163,1
13164,aug_13164,0
13165,aug_13165,1
13166,aug_13166,0
13167,aug_13167,0
13168,aug_13168,1
13169,aug_13169,0
13170,aug_13170,0
13171,aug_13171,0
13172,aug_13172,1
13173,aug_13173,1
13174,aug_13174,0
13175,aug_13175,1
13176,aug_13176,1
13177,aug_13177,1
13178,aug_13178,0
13179,aug_13179,0
13180,aug_13180,1
13181,aug_13181,1
13182,aug_13182,1
13183,aug_13183,0
13184,aug_13184,1
13185,aug_13185,1
13186,aug_13186,0
13187,aug_13187,1
13188,aug_13188,1
13189,aug_13189,1
13190,aug_13190,0
13191,aug_13191,1
13192,aug_13192,0
13193,aug_13193,1
13194,aug_13194,1
13195,aug_13195,1
13196,aug_13196,1
13197,aug_13197,0
13198,aug_13198,1
13199,aug_13199,1
13200,aug_13200,1
13201,aug_13201,1
13202,aug_13202,0
13203,aug_13203,0
13204,aug_13204,1
13205,aug_13205,1
13206,aug_13206,1
13207,aug_13207,1
13208,aug_13208,0
13209,aug_13209,1
13210,aug_13210,0
13211,aug_13211,1
13212,aug_13212,0
13213,aug_13213,1
13214,aug_13214,0
13215,aug_13215,1
13216,aug_13216,0
13217,aug_13217,1
13218,aug_13218,1
13219,aug_13219,0
13220,aug_13220,0
13221,aug_13221,1
13222,aug_13222,0
13223,aug_13223,0
13224,aug_13224,1
13225,aug_13225,0
13226,aug_13226,0
13227,aug_13227,1
13228,aug_13228,1
13229,aug_13229,1
13230,aug_13230,1
13231,aug_13231,1
13232,aug_13232,0
13233,aug_13233,1
13234,aug_13234,1
13235,aug_13235,1
13236,aug_13236,1
13237,aug_13237,0
13238,aug_13238,0
13239,aug_13239,1
13240,aug_13240,1
13241,aug_13241,0
13242,aug_13242,0
13243,aug_13243,1
13244,aug_13244,0
13245,aug_13245,1
13246,aug_13246,1
13247,aug_13247,0
13248,aug_13248,1
13249,aug_13249,0
13250,aug_13250,1
13251,aug_13251,1
13252,aug_13252,0
13253,aug_13253,1
13254,aug_13254,0
13255,aug_13255,1
13256,aug_13256,1
13257,aug_13257,0
13258,aug_13258,1
13259,aug_13259,0
13260,aug_13260,1
13261,aug_13261,1
13262,aug_13262,1
13263,aug_13263,1
13264,aug_13264,1
13265,aug_13265,1
13266,aug_13266,0
13267,aug_13267,1
13268,aug_13268,0
13269,aug_13269,0
13270,aug_13270,1
13271,aug_13271,1
13272,aug_13272,0
13273,aug_13273,0
13274,aug_13274,0
13275,aug_13275,1
13276,aug_13276,1
13277,aug_13277,0
13278,aug_13278,0
13279,aug_13279,1
13280,aug_13280,1
13281,aug_13281,0
13282,aug_13282,1
13283,aug_13283,1
13284,aug_13284,0
13285,aug_13285,0
13286,aug_13286,1
13287,aug_13287,0
13288,aug_13288,1
13289,aug_13289,1
13290,aug_13290,0
13291,aug_13291,1
13292,aug_13292,0
13293,aug_13293,1
13294,aug_13294,0
13295,aug_13295,0
13296,aug_13296,1
13297,aug_13297,1
13298,aug_13298,0
13299,aug_13299,0
13300,aug_13300,0
13301,aug_13301,1
13302,aug_13302,0
13303,aug_13303,1
13304,aug_13304,1
13305,aug_13305,1
13306,aug_13306,1
13307,aug_13307,1
13308,aug_13308,1
13309,aug_13309,0
13310,aug_13310,0
13311,aug_13311,1
13312,aug_13312,1
13313,aug_13313,1
13314,aug_13314,1
13315,aug_13315,0
13316,aug_13316,0
13317,aug_13317,0
13318,aug_13318,1
13319,aug_13319,1
13320,aug_13320,0
13321,aug_13321,0
13322,aug_13322,1
13323,aug_13323,0
13324,aug_13324,0
13325,aug_13325,0
13326,aug_13326,1
13327,aug_13327,0
13328,aug_13328,0
13329,aug_13329,1
13330,aug_13330,1
13331,aug_13331,1
13332,aug_13332,0
13333,aug_13333,0
13334,aug_13334,0
13335,aug_13335,0
13336,aug_13336,0
13337,aug_13337,0
13338,aug_13338,1
13339,aug_13339,0
13340,aug_13340,1
13341,aug_13341,1
13342,aug_13342,0
13343,aug_13343,0
13344,aug_13344,0
13345,aug_13345,0
13346,aug_13346,1
13347,aug_13347,1
13348,aug_13348,1
13349,aug_13349,0
13350,aug_13350,0
13351,aug_13351,1
13352,aug_13352,1
13353,aug_13353,0
13354,aug_13354,0
13355,aug_13355,1
13356,aug_13356,0
13357,aug_13357,0
13358,aug_13358,0
13359,aug_13359,1
13360,aug_13360,1
13361,aug_13361,0
13362,aug_13362,1
13363,aug_13363,0
13364,aug_13364,0
13365,aug_13365,1
13366,aug_13366,1
13367,aug_13367,1
13368,aug_13368,0
13369,aug_13369,0
13370,aug_13370,1
13371,aug_13371,1
13372,aug_13372,0
13373,aug_13373,0
13374,aug_13374,1
13375,aug_13375,0
13376,aug_13376,1
13377,aug_13377,0
13378,aug_13378,0
13379,aug_13379,0
13380,aug_13380,1
13381,aug_13381,1
13382,aug_13382,1
13383,aug_13383,0
13384,aug_13384,0
13385,aug_13385,0
13386,aug_13386,1
13387,aug_13387,1
13388,aug_13388,0
13389,aug_13389,1
13390,aug_13390,1
13391,aug_13391,0
13392,aug_13392,0
13393,aug_13393,1
13394,aug_13394,1
13395,aug_13395,0
13396,aug_13396,1
13397,aug_13397,0
13398,aug_13398,1
13399,aug_13399,0
13400,aug_13400,0
13401,aug_13401,1
13402,aug_13402,1
13403,aug_13403,1
13404,aug_13404,1
13405,aug_13405,0
13406,aug_13406,0
13407,aug_13407,1
13408,aug_13408,1
13409,aug_13409,0
13410,aug_13410,0
13411,aug_13411,1
13412,aug_13412,0
13413,aug_13413,1
13414,aug_13414,1
13415,aug_13415,0
13416,aug_13416,1
13417,aug_13417,0
13418,aug_13418,1
13419,aug_13419,1
13420,aug_13420,0
13421,aug_13421,1
13422,aug_13422,0
13423,aug_13423,1
13424,aug_13424,1
13425,aug_13425,0
13426,aug_13426,1
13427,aug_13427,0
13428,aug_13428,1
13429,aug_13429,1
13430,aug_13430,1
13431,aug_13431,1
13432,aug_13432,1
13433,aug_13433,1
13434,aug_13434,0
13435,aug_13435,1
13436,aug_13436,0
13437,aug_13437,0
13438,aug_13438,1
13439,aug_13439,1
13440,aug_13440,0
13441,aug_13441,0
13442,aug_13442,0
13443,aug_13443,1
13444,aug_13444,1
13445,aug_13445,0
13446,aug_13446,0
13447,aug_13447,1
13448,aug_13448,1
13449,aug_13449,0
13450,aug_13450,1
13451,aug_13451,1
13452,aug_13452,0
13453,aug_13453,0
13454,aug_13454,1
13455,aug_13455,0
13456,aug_13456,1
13457,aug_13457,1
13458,aug_13458,0
13459,aug_13459,1
13460,aug_13460,0
13461,aug_13461,1
13462,aug_13462,0
13463,aug_13463,0
13464,aug_13464,1
13465,aug_13465,1
13466,aug_13466,0
13467,aug_13467,0
13468,aug_13468,0
13469,aug_13469,1
13470,aug_13470,0
13471,aug_13471,1
13472,aug_13472,1
13473,aug_13473,1
13474,aug_13474,1
13475,aug_13475,1
13476,aug_13476,1
13477,aug_13477,0
13478,aug_13478,0
13479,aug_13479,1
13480,aug_13480,1
13481,aug_13481,1
13482,aug_13482,1
13483,aug_13483,0
13484,aug_13484,0
13485,aug_13485,0
13486,aug_13486,1
13487,aug_13487,1
13488,aug_13488,0
13489,aug_13489,0
13490,aug_13490,1
13491,aug_13491,0
13492,aug_13492,0
13493,aug_13493,0
13494,aug_13494,1
13495,aug_13495,0
13496,aug_13496,0
13497,aug_13497,1
13498,aug_13498,1
13499,aug_13499,1
13500,aug_13500,0
13501,aug_13501,0
13502,aug_13502,0
13503,aug_13503,0
13504,aug_13504,0
13505,aug_13505,0
13506,aug_13506,1
13507,aug_13507,0
13508,aug_13508,1
13509,aug_13509,1
13510,aug_13510,0
13511,aug_13511,0
13512,aug_13512,0
13513,aug_13513,0
13514,aug_13514,1
13515,aug_13515,1
13516,aug_13516,1
13517,aug_13517,0
13518,aug_13518,0
13519,aug_13519,1
13520,aug_13520,1
13521,aug_13521,0
13522,aug_13522,0
13523,aug_13523,1
13524,aug_13524,0
13525,aug_13525,0
13526,aug_13526,0
13527,aug_13527,1
13528,aug_13528,1
13529,aug_13529,0
13530,aug_13530,1
13531,aug_13531,0
13532,aug_13532,0
13533,aug_13533,1
13534,aug_13534,1
13535,aug_13535,1
13536,aug_13536,0
13537,aug_13537,0
13538,aug_13538,1
13539,aug_13539,1
13540,aug_13540,0
13541,aug_13541,0
13542,aug_13542,1
13543,aug_13543,0
13544,aug_13544,1
13545,aug_13545,0
13546,aug_13546,0
13547,aug_13547,0
13548,aug_13548,1
13549,aug_13549,1
13550,aug_13550,1
13551,aug_13551,0
13552,aug_13552,0
13553,aug_13553,0
13554,aug_13554,1
13555,aug_13555,1
13556,aug_13556,0
13557,aug_13557,1
13558,aug_13558,1
13559,aug_13559,0
13560,aug_13560,0
13561,aug_13561,1
13562,aug_13562,1
13563,aug_13563,0
13564,aug_13564,1
13565,aug_13565,0
13566,aug_13566,1
13567,aug_13567,0
13568,aug_13568,0
13569,aug_13569,1
13570,aug_13570,0
13571,aug_13571,1
13572,aug_13572,0
13573,aug_13573,1
13574,aug_13574,1
13575,aug_13575,0
13576,aug_13576,1
13577,aug_13577,0
13578,aug_13578,0
13579,aug_13579,1
13580,aug_13580,1
13581,aug_13581,1
13582,aug_13582,1
13583,aug_13583,0
13584,aug_13584,0
13585,aug_13585,0
13586,aug_13586,1
13587,aug_13587,0
13588,aug_13588,1
13589,aug_13589,0
13590,aug_13590,1
13591,aug_13591,1
13592,aug_13592,0
13593,aug_13593,0
13594,aug_13594,0
13595,aug_13595,1
13596,aug_13596,0
13597,aug_13597,0
13598,aug_13598,0
13599,aug_13599,1
13600,aug_13600,0
13601,aug_13601,1
13602,aug_13602,0
13603,aug_13603,0
13604,aug_13604,1
13605,aug_13605,0
13606,aug_13606,0
13607,aug_13607,1
13608,aug_13608,1
13609,aug_13609,0
13610,aug_13610,0
13611,aug_13611,1
13612,aug_13612,0
13613,aug_13613,0
13614,aug_13614,0
13615,aug_13615,1
13616,aug_13616,0
13617,aug_13617,0
13618,aug_13618,0
13619,aug_13619,0
13620,aug_13620,1
13621,aug_13621,0
13622,aug_13622,0
13623,aug_13623,1
13624,aug_13624,1
13625,aug_13625,1
13626,aug_13626,0
13627,aug_13627,0
13628,aug_13628,0
13629,aug_13629,0
13630,aug_13630,0
13631,aug_13631,0
13632,aug_13632,1
13633,aug_13633,1
13634,aug_13634,0
13635,aug_13635,1
13636,aug_13636,0
13637,aug_13637,1
13638,aug_13638,0
13639,aug_13639,0
13640,aug_13640,1
13641,aug_13641,1
13642,aug_13642,0
13643,aug_13643,0
13644,aug_13644,0
13645,aug_13645,0
13646,aug_13646,0
13647,aug_13647,0
13648,aug_13648,0
13649,aug_13649,0
13650,aug_13650,0
13651,aug_13651,0
13652,aug_13652,0
13653,aug_13653,0
13654,aug_13654,0
13655,aug_13655,1
13656,aug_13656,1
13657,aug_13657,0
13658,aug_13658,0
13659,aug_13659,0
13660,aug_13660,0
13661,aug_13661,1
13662,aug_13662,1
13663,aug_13663,1
13664,aug_13664,1
13665,aug_13665,0
13666,aug_13666,0
13667,aug_13667,0
13668,aug_13668,1
13669,aug_13669,0
13670,aug_13670,1
13671,aug_13671,0
13672,aug_13672,0
13673,aug_13673,1
13674,aug_13674,1
13675,aug_13675,0
13676,aug_13676,0
13677,aug_13677,0
13678,aug_13678,0
13679,aug_13679,1
13680,aug_13680,0
13681,aug_13681,0
13682,aug_13682,1
13683,aug_13683,0
13684,aug_13684,0
13685,aug_13685,1
13686,aug_13686,1
13687,aug_13687,0
13688,aug_13688,0
13689,aug_13689,0
13690,aug_13690,1
13691,aug_13691,0
13692,aug_13692,0
13693,aug_13693,0
13694,aug_13694,0
13695,aug_13695,0
13696,aug_13696,0
13697,aug_13697,1
13698,aug_13698,0
13699,aug_13699,0
13700,aug_13700,1
13701,aug_13701,1
13702,aug_13702,1
13703,aug_13703,1
13704,aug_13704,0
13705,aug_13705,1
13706,aug_13706,0
13707,aug_13707,0
13708,aug_13708,0
13709,aug_13709,0
13710,aug_13710,0
13711,aug_13711,0
13712,aug_13712,0
13713,aug_13713,0
13714,aug_13714,0
13715,aug_13715,0
13716,aug_13716,0
13717,aug_13717,0
13718,aug_13718,1
13719,aug_13719,0
13720,aug_13720,1
13721,aug_13721,0
13722,aug_13722,0
13723,aug_13723,0
13724,aug_13724,0
13725,aug_13725,0
13726,aug_13726,0
13727,aug_13727,0
13728,aug_13728,0
13729,aug_13729,0
13730,aug_13730,1
13731,aug_13731,0
13732,aug_13732,1
13733,aug_13733,0
13734,aug_13734,0
13735,aug_13735,0
13736,aug_13736,1
13737,aug_13737,0
13738,aug_13738,1
13739,aug_13739,0
13740,aug_13740,0
13741,aug_13741,1
13742,aug_13742,0
13743,aug_13743,1
13744,aug_13744,0
13745,aug_13745,0
13746,aug_13746,0
13747,aug_13747,0
13748,aug_13748,0
13749,aug_13749,0
13750,aug_13750,0
13751,aug_13751,0
13752,aug_13752,1
13753,aug_13753,0
13754,aug_13754,0
13755,aug_13755,0
13756,aug_13756,0
13757,aug_13757,0
13758,aug_13758,0
13759,aug_13759,0
13760,aug_13760,1
13761,aug_13761,0
13762,aug_13762,1
13763,aug_13763,1
13764,aug_13764,0
13765,aug_13765,1
13766,aug_13766,0
13767,aug_13767,0
13768,aug_13768,1
13769,aug_13769,1
13770,aug_13770,1
13771,aug_13771,1
13772,aug_13772,0
13773,aug_13773,0
13774,aug_13774,0
13775,aug_13775,1
13776,aug_13776,0
13777,aug_13777,1
13778,aug_13778,0
13779,aug_13779,1
13780,aug_13780,1
13781,aug_13781,0
13782,aug_13782,0
13783,aug_13783,0
13784,aug_13784,1
13785,aug_13785,0
13786,aug_13786,0
13787,aug_13787,0
13788,aug_13788,1
13789,aug_13789,0
13790,aug_13790,1
13791,aug_13791,0
13792,aug_13792,0
13793,aug_13793,1
13794,aug_13794,0
13795,aug_13795,0
13796,aug_13796,1
13797,aug_13797,1
13798,aug_13798,0
13799,aug_13799,0
13800,aug_13800,1
13801,aug_13801,0
13802,aug_13802,0
13803,aug_13803,0
13804,aug_13804,1
13805,aug_13805,0
13806,aug_13806,0
13807,aug_13807,0
13808,aug_13808,0
13809,aug_13809,1
13810,aug_13810,0
13811,aug_13811,0
13812,aug_13812,1
13813,aug_13813,1
13814,aug_13814,1
13815,aug_13815,0
13816,aug_13816,0
13817,aug_13817,0
13818,aug_13818,0
13819,aug_13819,0
13820,aug_13820,0
13821,aug_13821,1
13822,aug_13822,1
13823,aug_13823,0
13824,aug_13824,1
13825,aug_13825,0
13826,aug_13826,1
13827,aug_13827,0
13828,aug_13828,0
13829,aug_13829,1
13830,aug_13830,1
13831,aug_13831,0
13832,aug_13832,0
13833,aug_13833,0
13834,aug_13834,0
13835,aug_13835,0
13836,aug_13836,0
13837,aug_13837,0
13838,aug_13838,0
13839,aug_13839,0
13840,aug_13840,0
13841,aug_13841,0
13842,aug_13842,0
13843,aug_13843,0
13844,aug_13844,1
13845,aug_13845,1
13846,aug_13846,0
13847,aug_13847,0
13848,aug_13848,0
13849,aug_13849,0
13850,aug_13850,1
13851,aug_13851,1
13852,aug_13852,1
13853,aug_13853,1
13854,aug_13854,0
13855,aug_13855,0
13856,aug_13856,0
13857,aug_13857,1
13858,aug_13858,0
13859,aug_13859,1
13860,aug_13860,0
13861,aug_13861,0
13862,aug_13862,1
13863,aug_13863,1
13864,aug_13864,0
13865,aug_13865,0
13866,aug_13866,0
13867,aug_13867,0
13868,aug_13868,1
13869,aug_13869,0
13870,aug_13870,0
13871,aug_13871,1
13872,aug_13872,0
13873,aug_13873,0
13874,aug_13874,1
13875,aug_13875,1
13876,aug_13876,0
13877,aug_13877,0
13878,aug_13878,0
13879,aug_13879,1
13880,aug_13880,0
13881,aug_13881,0
13882,aug_13882,0
13883,aug_13883,0
13884,aug_13884,0
13885,aug_13885,0
13886,aug_13886,1
13887,aug_13887,0
13888,aug_13888,0
13889,aug_13889,1
13890,aug_13890,1
13891,aug_13891,1
13892,aug_13892,1
13893,aug_13893,0
13894,aug_13894,1
13895,aug_13895,0
13896,aug_13896,0
13897,aug_13897,0
13898,aug_13898,0
13899,aug_13899,0
13900,aug_13900,0
13901,aug_13901,0
13902,aug_13902,0
13903,aug_13903,0
13904,aug_13904,0
13905,aug_13905,0
13906,aug_13906,0
13907,aug_13907,1
13908,aug_13908,0
13909,aug_13909,1
13910,aug_13910,0
13911,aug_13911,0
13912,aug_13912,0
13913,aug_13913,0
13914,aug_13914,0
13915,aug_13915,0
13916,aug_13916,0
13917,aug_13917,0
13918,aug_13918,0
13919,aug_13919,1
13920,aug_13920,0
13921,aug_13921,1
13922,aug_13922,0
13923,aug_13923,0
13924,aug_13924,0
13925,aug_13925,1
13926,aug_13926,0
13927,aug_13927,1
13928,aug_13928,0
13929,aug_13929,0
13930,aug_13930,1
13931,aug_13931,0
13932,aug_13932,1
13933,aug_13933,0
13934,aug_13934,0
13935,aug_13935,0
13936,aug_13936,0
13937,aug_13937,0
13938,aug_13938,0
13939,aug_13939,0
13940,aug_13940,0
13941,aug_13941,1
13942,aug_13942,0
13943,aug_13943,0
13944,aug_13944,0
13945,aug_13945,0
13946,aug_13946,0
13947,aug_13947,0
13948,aug_13948,1
13949,aug_13949,0
13950,aug_13950,1
13951,aug_13951,1
13952,aug_13952,0
13953,aug_13953,1
13954,aug_13954,1
13955,aug_13955,0
13956,aug_13956,0
13957,aug_13957,1
13958,aug_13958,1
13959,aug_13959,1
13960,aug_13960,1
13961,aug_13961,1
13962,aug_13962,0
13963,aug_13963,1
13964,aug_13964,1
13965,aug_13965,1
13966,aug_13966,0
13967,aug_13967,1
13968,aug_13968,1
13969,aug_13969,1
13970,aug_13970,1
13971,aug_13971,1
13972,aug_13972,1
13973,aug_13973,1
13974,aug_13974,1
13975,aug_13975,0
13976,aug_13976,1
13977,aug_13977,1
13978,aug_13978,1
13979,aug_13979,1
13980,aug_13980,1
13981,aug_13981,1
13982,aug_13982,0
13983,aug_13983,0
13984,aug_13984,0
13985,aug_13985,1
13986,aug_13986,0
13987,aug_13987,1
13988,aug_13988,1
13989,aug_13989,0
13990,aug_13990,0
13991,aug_13991,1
13992,aug_13992,1
13993,aug_13993,1
13994,aug_13994,1
13995,aug_13995,1
13996,aug_13996,1
13997,aug_13997,0
13998,aug_13998,1
13999,aug_13999,0
14000,aug_14000,1
14001,aug_14001,1
14002,aug_14002,0
14003,aug_14003,0
14004,aug_14004,0
14005,aug_14005,0
14006,aug_14006,1
14007,aug_14007,1
14008,aug_14008,0
14009,aug_14009,1
14010,aug_14010,1
14011,aug_14011,1
14012,aug_14012,1
14013,aug_14013,1
14014,aug_14014,0
14015,aug_14015,1
14016,aug_14016,1
14017,aug_14017,1
14018,aug_14018,1
14019,aug_14019,1
14020,aug_14020,1
14021,aug_14021,1
14022,aug_14022,1
14023,aug_14023,0
14024,aug_14024,1
14025,aug_14025,1
14026,aug_14026,1
14027,aug_14027,0
14028,aug_14028,1
14029,aug_14029,1
14030,aug_14030,1
14031,aug_14031,1
14032,aug_14032,1
14033,aug_14033,1
14034,aug_14034,1
14035,aug_14035,1
14036,aug_14036,0
14037,aug_14037,1
14038,aug_14038,0
14039,aug_14039,1
14040,aug_14040,1
14041,aug_14041,1
14042,aug_14042,1
14043,aug_14043,1
14044,aug_14044,1
14045,aug_14045,1
14046,aug_14046,0
14047,aug_14047,0
14048,aug_14048,0
14049,aug_14049,1
14050,aug_14050,1
14051,aug_14051,0
14052,aug_14052,1
14053,aug_14053,0
14054,aug_14054,1
14055,aug_14055,1
14056,aug_14056,0
14057,aug_14057,1
14058,aug_14058,0
14059,aug_14059,1
14060,aug_14060,1
14061,aug_14061,1
14062,aug_14062,1
14063,aug_14063,1
14064,aug_14064,0
14065,aug_14065,1
14066,aug_14066,1
14067,aug_14067,0
14068,aug_14068,1
14069,aug_14069,1
14070,aug_14070,1
14071,aug_14071,0
14072,aug_14072,1
14073,aug_14073,0
14074,aug_14074,1
14075,aug_14075,0
14076,aug_14076,1
14077,aug_14077,1
14078,aug_14078,1
14079,aug_14079,0
14080,aug_14080,0
14081,aug_14081,1
14082,aug_14082,0
14083,aug_14083,0
14084,aug_14084,1
14085,aug_14085,0
14086,aug_14086,1
14087,aug_14087,0
14088,aug_14088,1
14089,aug_14089,0
14090,aug_14090,1
14091,aug_14091,0
14092,aug_14092,1
14093,aug_14093,0
14094,aug_14094,0
14095,aug_14095,1
14096,aug_14096,1
14097,aug_14097,0
14098,aug_14098,0
14099,aug_14099,1
14100,aug_14100,1
14101,aug_14101,1
14102,aug_14102,0
14103,aug_14103,1
14104,aug_14104,1
14105,aug_14105,1
14106,aug_14106,1
14107,aug_14107,1
14108,aug_14108,1
14109,aug_14109,0
14110,aug_14110,0
14111,aug_14111,0
14112,aug_14112,1
14113,aug_14113,1
14114,aug_14114,1
14115,aug_14115,0
14116,aug_14116,1
14117,aug_14117,0
14118,aug_14118,0
14119,aug_14119,0
14120,aug_14120,1
14121,aug_14121,1
14122,aug_14122,1
14123,aug_14123,0
14124,aug_14124,1
14125,aug_14125,1
14126,aug_14126,1
14127,aug_14127,1
14128,aug_14128,0
14129,aug_14129,1
14130,aug_14130,1
14131,aug_14131,0
14132,aug_14132,1
14133,aug_14133,1
14134,aug_14134,0
14135,aug_14135,0
14136,aug_14136,1
14137,aug_14137,1
14138,aug_14138,1
14139,aug_14139,1
14140,aug_14140,1
14141,aug_14141,0
14142,aug_14142,1
14143,aug_14143,1
14144,aug_14144,1
14145,aug_14145,0
14146,aug_14146,1
14147,aug_14147,1
14148,aug_14148,1
14149,aug_14149,1
14150,aug_14150,1
14151,aug_14151,1
14152,aug_14152,1
14153,aug_14153,1
14154,aug_14154,0
14155,aug_14155,1
14156,aug_14156,1
14157,aug_14157,1
14158,aug_14158,1
14159,aug_14159,1
14160,aug_14160,1
14161,aug_14161,0
14162,aug_14162,0
14163,aug_14163,0
14164,aug_14164,1
14165,aug_14165,0
14166,aug_14166,1
14167,aug_14167,1
14168,aug_14168,0
14169,aug_14169,0
14170,aug_14170,1
14171,aug_14171,1
14172,aug_14172,1
14173,aug_14173,1
14174,aug_14174,1
14175,aug_14175,1
14176,aug_14176,0
14177,aug_14177,1
14178,aug_14178,0
14179,aug_14179,1
14180,aug_14180,1
14181,aug_14181,0
14182,aug_14182,0
14183,aug_14183,0
14184,aug_14184,0
14185,aug_14185,1
14186,aug_14186,1
14187,aug_14187,0
14188,aug_14188,1
14189,aug_14189,1
14190,aug_14190,1
14191,aug_14191,1
14192,aug_14192,1
14193,aug_14193,0
14194,aug_14194,1
14195,aug_14195,1
14196,aug_14196,1
14197,aug_14197,1
14198,aug_14198,1
14199,aug_14199,1
14200,aug_14200,1
14201,aug_14201,1
14202,aug_14202,0
14203,aug_14203,1
14204,aug_14204,1
14205,aug_14205,1
14206,aug_14206,0
14207,aug_14207,1
14208,aug_14208,1
14209,aug_14209,1
14210,aug_14210,1
14211,aug_14211,1
14212,aug_14212,1
14213,aug_14213,1
14214,aug_14214,1
14215,aug_14215,0
14216,aug_14216,1
14217,aug_14217,0
14218,aug_14218,1
14219,aug_14219,1
14220,aug_14220,1
14221,aug_14221,1
14222,aug_14222,1
14223,aug_14223,1
14224,aug_14224,1
14225,aug_14225,0
14226,aug_14226,0
14227,aug_14227,0
14228,aug_14228,1
14229,aug_14229,1
14230,aug_14230,0
14231,aug_14231,1
14232,aug_14232,0
14233,aug_14233,1
14234,aug_14234,1
14235,aug_14235,0
14236,aug_14236,1
14237,aug_14237,0
14238,aug_14238,1
14239,aug_14239,1
14240,aug_14240,1
14241,aug_14241,1
14242,aug_14242,1
14243,aug_14243,0
14244,aug_14244,1
14245,aug_14245,1
14246,aug_14246,0
14247,aug_14247,1
14248,aug_14248,1
14249,aug_14249,1
14250,aug_14250,0
14251,aug_14251,1
14252,aug_14252,0
14253,aug_14253,1
14254,aug_14254,0
14255,aug_14255,1
14256,aug_14256,1
14257,aug_14257,1
14258,aug_14258,0
14259,aug_14259,0
14260,aug_14260,1
14261,aug_14261,0
14262,aug_14262,0
14263,aug_14263,1
14264,aug_14264,0
14265,aug_14265,1
14266,aug_14266,0
14267,aug_14267,1
14268,aug_14268,0
14269,aug_14269,1
14270,aug_14270,0
14271,aug_14271,1
14272,aug_14272,0
14273,aug_14273,0
14274,aug_14274,1
14275,aug_14275,1
14276,aug_14276,0
14277,aug_14277,0
14278,aug_14278,1
14279,aug_14279,1
14280,aug_14280,1
14281,aug_14281,0
14282,aug_14282,1
14283,aug_14283,1
14284,aug_14284,1
14285,aug_14285,1
14286,aug_14286,1
14287,aug_14287,1
14288,aug_14288,0
14289,aug_14289,0
14290,aug_14290,0
14291,aug_14291,1
14292,aug_14292,1
14293,aug_14293,1
14294,aug_14294,0
14295,aug_14295,1
14296,aug_14296,0
14297,aug_14297,0
14298,aug_14298,0
14299,aug_14299,1
14300,aug_14300,1
14301,aug_14301,1
14302,aug_14302,0
14303,aug_14303,1
14304,aug_14304,1
14305,aug_14305,1
14306,aug_14306,0
14307,aug_14307,0
14308,aug_14308,1
14309,aug_14309,0
14310,aug_14310,0
14311,aug_14311,1
14312,aug_14312,1
14313,aug_14313,0
14314,aug_14314,0
14315,aug_14315,0
14316,aug_14316,0
14317,aug_14317,0
14318,aug_14318,0
14319,aug_14319,0
14320,aug_14320,1
14321,aug_14321,0
14322,aug_14322,0
14323,aug_14323,0
14324,aug_14324,0
14325,aug_14325,0
14326,aug_14326,1
14327,aug_14327,1
14328,aug_14328,0
14329,aug_14329,0
14330,aug_14330,0
14331,aug_14331,1
14332,aug_14332,0
14333,aug_14333,0
14334,aug_14334,0
14335,aug_14335,0
14336,aug_14336,0
14337,aug_14337,1
14338,aug_14338,0
14339,aug_14339,0
14340,aug_14340,0
14341,aug_14341,0
14342,aug_14342,1
14343,aug_14343,0
14344,aug_14344,0
14345,aug_14345,0
14346,aug_14346,0
14347,aug_14347,0
14348,aug_14348,1
14349,aug_14349,1
14350,aug_14350,0
14351,aug_14351,1
14352,aug_14352,0
14353,aug_14353,1
14354,aug_14354,0
14355,aug_14355,0
14356,aug_14356,0
14357,aug_14357,1
14358,aug_14358,0
14359,aug_14359,0
14360,aug_14360,1
14361,aug_14361,0
14362,aug_14362,0
14363,aug_14363,1
14364,aug_14364,1
14365,aug_14365,0
14366,aug_14366,0
14367,aug_14367,1
14368,aug_14368,0
14369,aug_14369,0
14370,aug_14370,0
14371,aug_14371,0
14372,aug_14372,1
14373,aug_14373,0
14374,aug_14374,0
14375,aug_14375,1
14376,aug_14376,0
14377,aug_14377,1
14378,aug_14378,1
14379,aug_14379,0
14380,aug_14380,1
14381,aug_14381,0
14382,aug_14382,1
14383,aug_14383,1
14384,aug_14384,0
14385,aug_14385,0
14386,aug_14386,0
14387,aug_14387,1
14388,aug_14388,1
14389,aug_14389,0
14390,aug_14390,1
14391,aug_14391,0
14392,aug_14392,0
14393,aug_14393,0
14394,aug_14394,0
14395,aug_14395,1
14396,aug_14396,0
14397,aug_14397,0
14398,aug_14398,0
14399,aug_14399,0
14400,aug_14400,0
14401,aug_14401,1
14402,aug_14402,0
14403,aug_14403,0
14404,aug_14404,0
14405,aug_14405,0
14406,aug_14406,0
14407,aug_14407,1
14408,aug_14408,0
14409,aug_14409,0
14410,aug_14410,1
14411,aug_14411,1
14412,aug_14412,0
14413,aug_14413,0
14414,aug_14414,0
14415,aug_14415,0
14416,aug_14416,0
14417,aug_14417,0
14418,aug_14418,0
14419,aug_14419,1
14420,aug_14420,0
14421,aug_14421,0
14422,aug_14422,0
14423,aug_14423,0
14424,aug_14424,0
14425,aug_14425,1
14426,aug_14426,1
14427,aug_14427,0
14428,aug_14428,0
14429,aug_14429,0
14430,aug_14430,1
14431,aug_14431,0
14432,aug_14432,0
14433,aug_14433,0
14434,aug_14434,0
14435,aug_14435,0
14436,aug_14436,1
14437,aug_14437,0
14438,aug_14438,0
14439,aug_14439,0
14440,aug_14440,0
14441,aug_14441,1
14442,aug_14442,0
14443,aug_14443,0
14444,aug_14444,0
14445,aug_14445,0
14446,aug_14446,0
14447,aug_14447,1
14448,aug_14448,1
14449,aug_14449,0
14450,aug_14450,1
14451,aug_14451,0
14452,aug_14452,1
14453,aug_14453,0
14454,aug_14454,0
14455,aug_14455,0
14456,aug_14456,1
14457,aug_14457,0
14458,aug_14458,0
14459,aug_14459,1
14460,aug_14460,0
14461,aug_14461,0
14462,aug_14462,1
14463,aug_14463,1
14464,aug_14464,0
14465,aug_14465,0
14466,aug_14466,1
14467,aug_14467,0
14468,aug_14468,0
14469,aug_14469,0
14470,aug_14470,0
14471,aug_14471,1
14472,aug_14472,0
14473,aug_14473,0
14474,aug_14474,1
14475,aug_14475,0
14476,aug_14476,1
14477,aug_14477,1
14478,aug_14478,0
14479,aug_14479,1
14480,aug_14480,0
14481,aug_14481,1
14482,aug_14482,1
14483,aug_14483,0
14484,aug_14484,0
14485,aug_14485,0
14486,aug_14486,1
14487,aug_14487,1
14488,aug_14488,0
14489,aug_14489,1
14490,aug_14490,0
14491,aug_14491,0
14492,aug_14492,0
14493,aug_14493,0
14494,aug_14494,1
14495,aug_14495,0
14496,aug_14496,0
14497,aug_14497,0
14498,aug_14498,0
14499,aug_14499,0
14500,aug_14500,1
14501,aug_14501,0
14502,aug_14502,0
14503,aug_14503,0
14504,aug_14504,1
14505,aug_14505,0
14506,aug_14506,1
14507,aug_14507,1
14508,aug_14508,0
14509,aug_14509,0
14510,aug_14510,0
14511,aug_14511,0
14512,aug_14512,1
14513,aug_14513,0
14514,aug_14514,1
14515,aug_14515,1
14516,aug_14516,1
14517,aug_14517,1
14518,aug_14518,0
14519,aug_14519,0
14520,aug_14520,1
14521,aug_14521,1
14522,aug_14522,1
14523,aug_14523,0
14524,aug_14524,0
14525,aug_14525,0
14526,aug_14526,1
14527,aug_14527,1
14528,aug_14528,0
14529,aug_14529,0
14530,aug_14530,0
14531,aug_14531,1
14532,aug_14532,0
14533,aug_14533,0
14534,aug_14534,0
14535,aug_14535,1
14536,aug_14536,1
14537,aug_14537,1
14538,aug_14538,1
14539,aug_14539,1
14540,aug_14540,1
14541,aug_14541,1
14542,aug_14542,1
14543,aug_14543,0
14544,aug_14544,0
14545,aug_14545,1
14546,aug_14546,0
14547,aug_14547,0
14548,aug_14548,0
14549,aug_14549,1
14550,aug_14550,1
14551,aug_14551,1
14552,aug_14552,1
14553,aug_14553,0
14554,aug_14554,1
14555,aug_14555,1
14556,aug_14556,1
14557,aug_14557,0
14558,aug_14558,0
14559,aug_14559,1
14560,aug_14560,0
14561,aug_14561,1
14562,aug_14562,0
14563,aug_14563,1
14564,aug_14564,0
14565,aug_14565,1
14566,aug_14566,0
14567,aug_14567,1
14568,aug_14568,1
14569,aug_14569,1
14570,aug_14570,1
14571,aug_14571,1
14572,aug_14572,1
14573,aug_14573,1
14574,aug_14574,1
14575,aug_14575,0
14576,aug_14576,1
14577,aug_14577,0
14578,aug_14578,0
14579,aug_14579,0
14580,aug_14580,0
14581,aug_14581,1
14582,aug_14582,0
14583,aug_14583,1
14584,aug_14584,0
14585,aug_14585,0
14586,aug_14586,1
14587,aug_14587,1
14588,aug_14588,1
14589,aug_14589,0
14590,aug_14590,1
14591,aug_14591,1
14592,aug_14592,0
14593,aug_14593,1
14594,aug_14594,0
14595,aug_14595,1
14596,aug_14596,1
14597,aug_14597,1
14598,aug_14598,1
14599,aug_14599,1
14600,aug_14600,1
14601,aug_14601,1
14602,aug_14602,0
14603,aug_14603,0
14604,aug_14604,1
14605,aug_14605,0
14606,aug_14606,1
14607,aug_14607,1
14608,aug_14608,0
14609,aug_14609,0
14610,aug_14610,0
14611,aug_14611,0
14612,aug_14612,1
14613,aug_14613,0
14614,aug_14614,1
14615,aug_14615,1
14616,aug_14616,1
14617,aug_14617,1
14618,aug_14618,0
14619,aug_14619,0
14620,aug_14620,1
14621,aug_14621,1
14622,aug_14622,1
14623,aug_14623,0
14624,aug_14624,0
14625,aug_14625,0
14626,aug_14626,1
14627,aug_14627,1
14628,aug_14628,0
14629,aug_14629,0
14630,aug_14630,0
14631,aug_14631,1
14632,aug_14632,0
14633,aug_14633,0
14634,aug_14634,0
14635,aug_14635,1
14636,aug_14636,1
14637,aug_14637,1
14638,aug_14638,1
14639,aug_14639,1
14640,aug_14640,1
14641,aug_14641,1
14642,aug_14642,1
14643,aug_14643,0
14644,aug_14644,0
14645,aug_14645,1
14646,aug_14646,0
14647,aug_14647,0
14648,aug_14648,0
14649,aug_14649,1
14650,aug_14650,1
14651,aug_14651,1
14652,aug_14652,1
14653,aug_14653,0
14654,aug_14654,1
14655,aug_14655,1
14656,aug_14656,1
14657,aug_14657,0
14658,aug_14658,0
14659,aug_14659,1
14660,aug_14660,0
14661,aug_14661,1
14662,aug_14662,0
14663,aug_14663,1
14664,aug_14664,0
14665,aug_14665,1
14666,aug_14666,0
14667,aug_14667,1
14668,aug_14668,1
14669,aug_14669,1
14670,aug_14670,1
14671,aug_14671,1
14672,aug_14672,1
14673,aug_14673,1
14674,aug_14674,1
14675,aug_14675,0
14676,aug_14676,1
14677,aug_14677,0
14678,aug_14678,0
14679,aug_14679,0
14680,aug_14680,0
14681,aug_14681,1
14682,aug_14682,0
14683,aug_14683,1
14684,aug_14684,0
14685,aug_14685,0
14686,aug_14686,1
14687,aug_14687,1
14688,aug_14688,1
14689,aug_14689,0
14690,aug_14690,1
14691,aug_14691,1
14692,aug_14692,0
14693,aug_14693,1
14694,aug_14694,0
14695,aug_14695,1
14696,aug_14696,1
14697,aug_14697,1
14698,aug_14698,1
14699,aug_14699,1
14700,aug_14700,1
14701,aug_14701,1
14702,aug_14702,0
14703,aug_14703,0
14704,aug_14704,0
14705,aug_14705,1
14706,aug_14706,1
14707,aug_14707,1
14708,aug_14708,1
14709,aug_14709,1
14710,aug_14710,1
14711,aug_14711,1
14712,aug_14712,1
14713,aug_14713,0
14714,aug_14714,1
14715,aug_14715,0
14716,aug_14716,1
14717,aug_14717,1
14718,aug_14718,1
14719,aug_14719,1
14720,aug_14720,1
14721,aug_14721,1
14722,aug_14722,1
14723,aug_14723,0
14724,aug_14724,0
14725,aug_14725,1
14726,aug_14726,0
14727,aug_14727,1
14728,aug_14728,1
14729,aug_14729,1
14730,aug_14730,1
14731,aug_14731,1
14732,aug_14732,1
14733,aug_14733,0
14734,aug_14734,1
14735,aug_14735,0
14736,aug_14736,1
14737,aug_14737,1
14738,aug_14738,0
14739,aug_14739,1
14740,aug_14740,1
14741,aug_14741,1
14742,aug_14742,1
14743,aug_14743,1
14744,aug_14744,1
14745,aug_14745,1
14746,aug_14746,1
14747,aug_14747,0
14748,aug_14748,1
14749,aug_14749,0
14750,aug_14750,0
14751,aug_14751,1
14752,aug_14752,0
14753,aug_14753,1
14754,aug_14754,1
14755,aug_14755,1
14756,aug_14756,1
14757,aug_14757,0
14758,aug_14758,1
14759,aug_14759,1
14760,aug_14760,1
14761,aug_14761,1
14762,aug_14762,1
14763,aug_14763,1
14764,aug_14764,1
14765,aug_14765,0
14766,aug_14766,1
14767,aug_14767,1
14768,aug_14768,1
14769,aug_14769,1
14770,aug_14770,1
14771,aug_14771,1
14772,aug_14772,0
14773,aug_14773,1
14774,aug_14774,1
14775,aug_14775,1
14776,aug_14776,0
14777,aug_14777,0
14778,aug_14778,1
14779,aug_14779,0
14780,aug_14780,1
14781,aug_14781,1
14782,aug_14782,0
14783,aug_14783,1
14784,aug_14784,0
14785,aug_14785,0
14786,aug_14786,1
14787,aug_14787,1
14788,aug_14788,1
14789,aug_14789,1
14790,aug_14790,1
14791,aug_14791,1
14792,aug_14792,1
14793,aug_14793,0
14794,aug_14794,0
14795,aug_14795,0
14796,aug_14796,1
14797,aug_14797,0
14798,aug_14798,1
14799,aug_14799,1
14800,aug_14800,0
14801,aug_14801,1
14802,aug_14802,1
14803,aug_14803,1
14804,aug_14804,1
14805,aug_14805,1
14806,aug_14806,1
14807,aug_14807,0
14808,aug_14808,1
14809,aug_14809,1
14810,aug_14810,1
14811,aug_14811,1
14812,aug_14812,1
14813,aug_14813,1
14814,aug_14814,0
14815,aug_14815,0
14816,aug_14816,0
14817,aug_14817,1
14818,aug_14818,0
14819,aug_14819,1
14820,aug_14820,0
14821,aug_14821,0
14822,aug_14822,1
14823,aug_14823,0
14824,aug_14824,0
14825,aug_14825,0
14826,aug_14826,1
14827,aug_14827,1
14828,aug_14828,0
14829,aug_14829,1
14830,aug_14830,1
14831,aug_14831,1
14832,aug_14832,0
14833,aug_14833,0
14834,aug_14834,1
14835,aug_14835,1
14836,aug_14836,1
14837,aug_14837,0
14838,aug_14838,1
14839,aug_14839,1
14840,aug_14840,0
14841,aug_14841,1
14842,aug_14842,1
14843,aug_14843,1
14844,aug_14844,0
14845,aug_14845,1
14846,aug_14846,0
14847,aug_14847,1
14848,aug_14848,1
14849,aug_14849,1
14850,aug_14850,1
14851,aug_14851,0
14852,aug_14852,1
14853,aug_14853,1
14854,aug_14854,1
14855,aug_14855,1
14856,aug_14856,0
14857,aug_14857,0
14858,aug_14858,1
14859,aug_14859,1
14860,aug_14860,1
14861,aug_14861,1
14862,aug_14862,0
14863,aug_14863,1
14864,aug_14864,0
14865,aug_14865,1
14866,aug_14866,0
14867,aug_14867,1
14868,aug_14868,0
14869,aug_14869,1
14870,aug_14870,0
14871,aug_14871,1
14872,aug_14872,1
14873,aug_14873,0
14874,aug_14874,0
14875,aug_14875,1
14876,aug_14876,0
14877,aug_14877,0
14878,aug_14878,1
14879,aug_14879,0
14880,aug_14880,0
14881,aug_14881,1
14882,aug_14882,1
14883,aug_14883,1
14884,aug_14884,1
14885,aug_14885,1
14886,aug_14886,0
14887,aug_14887,1
14888,aug_14888,0
14889,aug_14889,1
14890,aug_14890,1
14891,aug_14891,1
14892,aug_14892,1
14893,aug_14893,1
14894,aug_14894,1
14895,aug_14895,1
14896,aug_14896,1
14897,aug_14897,0
14898,aug_14898,1
14899,aug_14899,0
14900,aug_14900,1
14901,aug_14901,1
14902,aug_14902,1
14903,aug_14903,1
14904,aug_14904,1
14905,aug_14905,1
14906,aug_14906,1
14907,aug_14907,0
14908,aug_14908,0
14909,aug_14909,1
14910,aug_14910,0
14911,aug_14911,1
14912,aug_14912,1
14913,aug_14913,1
14914,aug_14914,1
14915,aug_14915,1
14916,aug_14916,1
14917,aug_14917,0
14918,aug_14918,1
14919,aug_14919,0
14920,aug_14920,1
14921,aug_14921,1
14922,aug_14922,0
14923,aug_14923,1
14924,aug_14924,1
14925,aug_14925,1
14926,aug_14926,1
14927,aug_14927,1
14928,aug_14928,1
14929,aug_14929,1
14930,aug_14930,1
14931,aug_14931,0
14932,aug_14932,1
14933,aug_14933,0
14934,aug_14934,0
14935,aug_14935,1
14936,aug_14936,0
14937,aug_14937,1
14938,aug_14938,1
14939,aug_14939,1
14940,aug_14940,1
14941,aug_14941,0
14942,aug_14942,1
14943,aug_14943,1
14944,aug_14944,1
14945,aug_14945,1
14946,aug_14946,1
14947,aug_14947,1
14948,aug_14948,1
14949,aug_14949,0
14950,aug_14950,1
14951,aug_14951,1
14952,aug_14952,1
14953,aug_14953,1
14954,aug_14954,1
14955,aug_14955,1
14956,aug_14956,0
14957,aug_14957,1
14958,aug_14958,1
14959,aug_14959,1
14960,aug_14960,0
14961,aug_14961,0
14962,aug_14962,1
14963,aug_14963,0
14964,aug_14964,1
14965,aug_14965,1
14966,aug_14966,0
14967,aug_14967,1
14968,aug_14968,0
14969,aug_14969,0
14970,aug_14970,1
14971,aug_14971,1
14972,aug_14972,1
14973,aug_14973,1
14974,aug_14974,1
14975,aug_14975,1
14976,aug_14976,1
14977,aug_14977,0
14978,aug_14978,0
14979,aug_14979,0
14980,aug_14980,1
14981,aug_14981,0
14982,aug_14982,1
14983,aug_14983,1
14984,aug_14984,0
14985,aug_14985,1
14986,aug_14986,1
14987,aug_14987,1
14988,aug_14988,1
14989,aug_14989,1
14990,aug_14990,1
14991,aug_14991,0
14992,aug_14992,1
14993,aug_14993,1
14994,aug_14994,1
14995,aug_14995,1
14996,aug_14996,1
14997,aug_14997,1
14998,aug_14998,0
14999,aug_14999,0
15000,aug_15000,0
15001,aug_15001,1
15002,aug_15002,0
15003,aug_15003,1
15004,aug_15004,0
15005,aug_15005,0
15006,aug_15006,1
15007,aug_15007,0
15008,aug_15008,0
15009,aug_15009,0
15010,aug_15010,1
15011,aug_15011,1
15012,aug_15012,0
15013,aug_15013,1
15014,aug_15014,1
15015,aug_15015,1
15016,aug_15016,0
15017,aug_15017,0
15018,aug_15018,1
15019,aug_15019,1
15020,aug_15020,1
15021,aug_15021,0
15022,aug_15022,1
15023,aug_15023,1
15024,aug_15024,0
15025,aug_15025,1
15026,aug_15026,1
15027,aug_15027,1
15028,aug_15028,0
15029,aug_15029,1
15030,aug_15030,0
15031,aug_15031,1
15032,aug_15032,1
15033,aug_15033,1
15034,aug_15034,1
15035,aug_15035,0
15036,aug_15036,1
15037,aug_15037,1
15038,aug_15038,1
15039,aug_15039,1
15040,aug_15040,0
15041,aug_15041,0
15042,aug_15042,1
15043,aug_15043,1
15044,aug_15044,1
15045,aug_15045,1
15046,aug_15046,0
15047,aug_15047,1
15048,aug_15048,0
15049,aug_15049,1
15050,aug_15050,0
15051,aug_15051,1
15052,aug_15052,0
15053,aug_15053,1
15054,aug_15054,0
15055,aug_15055,1
15056,aug_15056,1
15057,aug_15057,0
15058,aug_15058,0
15059,aug_15059,1
15060,aug_15060,0
15061,aug_15061,0
15062,aug_15062,1
15063,aug_15063,0
15064,aug_15064,0
15065,aug_15065,1
15066,aug_15066,1
15067,aug_15067,1
15068,aug_15068,1
15069,aug_15069,1
15070,aug_15070,0
15071,aug_15071,1
15072,aug_15072,1
15073,aug_15073,1
15074,aug_15074,1
15075,aug_15075,0
15076,aug_15076,0
15077,aug_15077,1
15078,aug_15078,1
15079,aug_15079,0
15080,aug_15080,0
15081,aug_15081,1
15082,aug_15082,0
15083,aug_15083,1
15084,aug_15084,1
15085,aug_15085,0
15086,aug_15086,1
15087,aug_15087,0
15088,aug_15088,1
15089,aug_15089,1
15090,aug_15090,0
15091,aug_15091,1
15092,aug_15092,0
15093,aug_15093,1
15094,aug_15094,1
15095,aug_15095,0
15096,aug_15096,1
15097,aug_15097,0
15098,aug_15098,1
15099,aug_15099,1
15100,aug_15100,1
15101,aug_15101,1
15102,aug_15102,1
15103,aug_15103,1
15104,aug_15104,0
15105,aug_15105,1
15106,aug_15106,0
15107,aug_15107,0
15108,aug_15108,1
15109,aug_15109,1
15110,aug_15110,0
15111,aug_15111,0
15112,aug_15112,0
15113,aug_15113,1
15114,aug_15114,1
15115,aug_15115,0
15116,aug_15116,0
15117,aug_15117,1
15118,aug_15118,1
15119,aug_15119,0
15120,aug_15120,1
15121,aug_15121,1
15122,aug_15122,0
15123,aug_15123,0
15124,aug_15124,1
15125,aug_15125,0
15126,aug_15126,1
15127,aug_15127,1
15128,aug_15128,0
15129,aug_15129,1
15130,aug_15130,0
15131,aug_15131,1
15132,aug_15132,0
15133,aug_15133,0
15134,aug_15134,1
15135,aug_15135,1
15136,aug_15136,0
15137,aug_15137,0
15138,aug_15138,0
15139,aug_15139,1
15140,aug_15140,0
15141,aug_15141,1
15142,aug_15142,1
15143,aug_15143,1
15144,aug_15144,1
15145,aug_15145,1
15146,aug_15146,1
15147,aug_15147,0
15148,aug_15148,0
15149,aug_15149,1
15150,aug_15150,1
15151,aug_15151,1
15152,aug_15152,1
15153,aug_15153,0
15154,aug_15154,0
15155,aug_15155,0
15156,aug_15156,1
15157,aug_15157,1
15158,aug_15158,0
15159,aug_15159,0
15160,aug_15160,1
15161,aug_15161,0
15162,aug_15162,0
15163,aug_15163,0
15164,aug_15164,1
15165,aug_15165,0
15166,aug_15166,0
15167,aug_15167,1
15168,aug_15168,1
15169,aug_15169,1
15170,aug_15170,0
15171,aug_15171,0
15172,aug_15172,0
15173,aug_15173,0
15174,aug_15174,0
15175,aug_15175,0
15176,aug_15176,1
15177,aug_15177,0
15178,aug_15178,1
15179,aug_15179,1
15180,aug_15180,0
15181,aug_15181,0
15182,aug_15182,0
15183,aug_15183,0
15184,aug_15184,1
15185,aug_15185,1
15186,aug_15186,1
15187,aug_15187,0
15188,aug_15188,0
15189,aug_15189,1
15190,aug_15190,1
15191,aug_15191,0
15192,aug_15192,0
15193,aug_15193,1
15194,aug_15194,0
15195,aug_15195,0
15196,aug_15196,0
15197,aug_15197,1
15198,aug_15198,1
15199,aug_15199,0
15200,aug_15200,1
15201,aug_15201,0
15202,aug_15202,0
15203,aug_15203,1
15204,aug_15204,1
15205,aug_15205,1
15206,aug_15206,0
15207,aug_15207,0
15208,aug_15208,1
15209,aug_15209,1
15210,aug_15210,0
15211,aug_15211,0
15212,aug_15212,1
15213,aug_15213,0
15214,aug_15214,1
15215,aug_15215,0
15216,aug_15216,0
15217,aug_15217,0
15218,aug_15218,1
15219,aug_15219,1
15220,aug_15220,1
15221,aug_15221,0
15222,aug_15222,0
15223,aug_15223,0
15224,aug_15224,1
15225,aug_15225,1
15226,aug_15226,0
15227,aug_15227,1
15228,aug_15228,1
15229,aug_15229,0
15230,aug_15230,0
15231,aug_15231,1
15232,aug_15232,1
15233,aug_15233,0
15234,aug_15234,1
15235,aug_15235,0
15236,aug_15236,1
15237,aug_15237,0
15238,aug_15238,0
15239,aug_15239,1
15240,aug_15240,1
15241,aug_15241,1
15242,aug_15242,1
15243,aug_15243,0
15244,aug_15244,0
15245,aug_15245,1
15246,aug_15246,1
15247,aug_15247,0
15248,aug_15248,0
15249,aug_15249,1
15250,aug_15250,0
15251,aug_15251,1
15252,aug_15252,1
15253,aug_15253,0
15254,aug_15254,1
15255,aug_15255,0
15256,aug_15256,1
15257,aug_15257,1
15258,aug_15258,0
15259,aug_15259,1
15260,aug_15260,0
15261,aug_15261,1
15262,aug_15262,1
15263,aug_15263,0
15264,aug_15264,1
15265,aug_15265,0
15266,aug_15266,1
15267,aug_15267,1
15268,aug_15268,1
15269,aug_15269,1
15270,aug_15270,1
15271,aug_15271,1
15272,aug_15272,0
15273,aug_15273,1
15274,aug_15274,0
15275,aug_15275,0
15276,aug_15276,1
15277,aug_15277,1
15278,aug_15278,0
15279,aug_15279,0
15280,aug_15280,0
15281,aug_15281,1
15282,aug_15282,1
15283,aug_15283,0
15284,aug_15284,0
15285,aug_15285,1
15286,aug_15286,1
15287,aug_15287,0
15288,aug_15288,1
15289,aug_15289,1
15290,aug_15290,0
15291,aug_15291,0
15292,aug_15292,1
15293,aug_15293,0
15294,aug_15294,1
15295,aug_15295,1
15296,aug_15296,0
15297,aug_15297,1
15298,aug_15298,0
15299,aug_15299,1
15300,aug_15300,0
15301,aug_15301,0
15302,aug_15302,1
15303,aug_15303,1
15304,aug_15304,0
15305,aug_15305,0
15306,aug_15306,0
15307,aug_15307,1
15308,aug_15308,0
15309,aug_15309,1
15310,aug_15310,1
15311,aug_15311,1
15312,aug_15312,1
15313,aug_15313,1
15314,aug_15314,1
15315,aug_15315,0
15316,aug_15316,0
15317,aug_15317,1
15318,aug_15318,1
15319,aug_15319,1
15320,aug_15320,1
15321,aug_15321,0
15322,aug_15322,0
15323,aug_15323,0
15324,aug_15324,1
15325,aug_15325,1
15326,aug_15326,0
15327,aug_15327,0
15328,aug_15328,1
15329,aug_15329,0
15330,aug_15330,0
15331,aug_15331,0
15332,aug_15332,1
15333,aug_15333,0
15334,aug_15334,0
15335,aug_15335,1
15336,aug_15336,1
15337,aug_15337,1
15338,aug_15338,0
15339,aug_15339,0
15340,aug_15340,0
15341,aug_15341,0
15342,aug_15342,0
15343,aug_15343,0
15344,aug_15344,1
15345,aug_15345,0
15346,aug_15346,1
15347,aug_15347,1
15348,aug_15348,0
15349,aug_15349,0
15350,aug_15350,0
15351,aug_15351,0
15352,aug_15352,1
15353,aug_15353,1
15354,aug_15354,1
15355,aug_15355,0
15356,aug_15356,0
15357,aug_15357,1
15358,aug_15358,1
15359,aug_15359,0
15360,aug_15360,0
15361,aug_15361,1
15362,aug_15362,0
15363,aug_15363,0
15364,aug_15364,0
15365,aug_15365,1
15366,aug_15366,1
15367,aug_15367,0
15368,aug_15368,1
15369,aug_15369,0
15370,aug_15370,0
15371,aug_15371,1
15372,aug_15372,1
15373,aug_15373,1
15374,aug_15374,0
15375,aug_15375,0
15376,aug_15376,1
15377,aug_15377,1
15378,aug_15378,0
15379,aug_15379,0
15380,aug_15380,1
15381,aug_15381,0
15382,aug_15382,1
15383,aug_15383,0
15384,aug_15384,0
15385,aug_15385,0
15386,aug_15386,1
15387,aug_15387,1
15388,aug_15388,1
15389,aug_15389,0
15390,aug_15390,0
15391,aug_15391,0
15392,aug_15392,1
15393,aug_15393,1
15394,aug_15394,0
15395,aug_15395,1
15396,aug_15396,1
15397,aug_15397,0
15398,aug_15398,0
15399,aug_15399,1
15400,aug_15400,1
15401,aug_15401,0
15402,aug_15402,1
15403,aug_15403,0
15404,aug_15404,1
15405,aug_15405,0
15406,aug_15406,0
15407,aug_15407,1
15408,aug_15408,0
15409,aug_15409,1
15410,aug_15410,0
15411,aug_15411,1
15412,aug_15412,1
15413,aug_15413,0
15414,aug_15414,1
15415,aug_15415,0
15416,aug_15416,0
15417,aug_15417,1
15418,aug_15418,1
15419,aug_15419,1
15420,aug_15420,1
15421,aug_15421,0
15422,aug_15422,0
15423,aug_15423,0
15424,aug_15424,1
15425,aug_15425,0
15426,aug_15426,1
15427,aug_15427,0
15428,aug_15428,1
15429,aug_15429,1
15430,aug_15430,0
15431,aug_15431,0
15432,aug_15432,0
15433,aug_15433,1
15434,aug_15434,0
15435,aug_15435,0
15436,aug_15436,0
15437,aug_15437,1
15438,aug_15438,0
15439,aug_15439,1
15440,aug_15440,0
15441,aug_15441,0
15442,aug_15442,1
15443,aug_15443,0
15444,aug_15444,0
15445,aug_15445,1
15446,aug_15446,1
15447,aug_15447,0
15448,aug_15448,0
15449,aug_15449,1
15450,aug_15450,0
15451,aug_15451,0
15452,aug_15452,0
15453,aug_15453,1
15454,aug_15454,0
15455,aug_15455,0
15456,aug_15456,0
15457,aug_15457,0
15458,aug_15458,1
15459,aug_15459,0
15460,aug_15460,0
15461,aug_15461,1
15462,aug_15462,1
15463,aug_15463,1
15464,aug_15464,0
15465,aug_15465,0
15466,aug_15466,0
15467,aug_15467,0
15468,aug_15468,0
15469,aug_15469,0
15470,aug_15470,1
15471,aug_15471,1
15472,aug_15472,0
15473,aug_15473,1
15474,aug_15474,0
15475,aug_15475,1
15476,aug_15476,0
15477,aug_15477,0
15478,aug_15478,1
15479,aug_15479,1
15480,aug_15480,0
15481,aug_15481,0
15482,aug_15482,0
15483,aug_15483,0
15484,aug_15484,0
15485,aug_15485,0
15486,aug_15486,0
15487,aug_15487,0
15488,aug_15488,0
15489,aug_15489,0
15490,aug_15490,0
15491,aug_15491,0
15492,aug_15492,0
15493,aug_15493,1
15494,aug_15494,1
15495,aug_15495,0
15496,aug_15496,0
15497,aug_15497,0
15498,aug_15498,0
15499,aug_15499,1
15500,aug_15500,1
15501,aug_15501,1
15502,aug_15502,1
15503,aug_15503,0
15504,aug_15504,0
15505,aug_15505,0
15506,aug_15506,1
15507,aug_15507,0
15508,aug_15508,1
15509,aug_15509,0
15510,aug_15510,0
15511,aug_15511,1
15512,aug_15512,1
15513,aug_15513,0
15514,aug_15514,0
15515,aug_15515,0
15516,aug_15516,0
15517,aug_15517,1
15518,aug_15518,0
15519,aug_15519,0
15520,aug_15520,1
15521,aug_15521,0
15522,aug_15522,0
15523,aug_15523,1
15524,aug_15524,1
15525,aug_15525,0
15526,aug_15526,0
15527,aug_15527,0
15528,aug_15528,1
15529,aug_15529,0
15530,aug_15530,0
15531,aug_15531,0
15532,aug_15532,0
15533,aug_15533,0
15534,aug_15534,0
15535,aug_15535,1
15536,aug_15536,0
15537,aug_15537,0
15538,aug_15538,1
15539,aug_15539,1
15540,aug_15540,1
15541,aug_15541,1
15542,aug_15542,0
15543,aug_15543,1
15544,aug_15544,0
15545,aug_15545,0
15546,aug_15546,0
15547,aug_15547,0
15548,aug_15548,0
15549,aug_15549,0
15550,aug_15550,0
15551,aug_15551,0
15552,aug_15552,0
15553,aug_15553,0
15554,aug_15554,0
15555,aug_15555,0
15556,aug_15556,1
15557,aug_15557,0
15558,aug_15558,1
15559,aug_15559,0
15560,aug_15560,0
15561,aug_15561,0
15562,aug_15562,0
15563,aug_15563,0
15564,aug_15564,0
15565,aug_15565,0
15566,aug_15566,0
15567,aug_15567,0
15568,aug_15568,1
15569,aug_15569,0
15570,aug_15570,1
15571,aug_15571,0
15572,aug_15572,0
15573,aug_15573,0
15574,aug_15574,1
15575,aug_15575,0
15576,aug_15576,1
15577,aug_15577,0
15578,aug_15578,0
15579,aug_15579,1
15580,aug_15580,0
15581,aug_15581,1
15582,aug_15582,0
15583,aug_15583,0
15584,aug_15584,0
15585,aug_15585,0
15586,aug_15586,0
15587,aug_15587,0
15588,aug_15588,0
15589,aug_15589,0
15590,aug_15590,1
15591,aug_15591,0
15592,aug_15592,0
15593,aug_15593,0
15594,aug_15594,0
15595,aug_15595,0
15596,aug_15596,0
15597,aug_15597,0
15598,aug_15598,1
15599,aug_15599,0
15600,aug_15600,1
15601,aug_15601,1
15602,aug_15602,0
15603,aug_15603,1
15604,aug_15604,0
15605,aug_15605,0
15606,aug_15606,1
15607,aug_15607,1
15608,aug_15608,1
15609,aug_15609,1
15610,aug_15610,0
15611,aug_15611,0
15612,aug_15612,0
15613,aug_15613,1
15614,aug_15614,0
15615,aug_15615,1
15616,aug_15616,0
15617,aug_15617,1
15618,aug_15618,1
15619,aug_15619,0
15620,aug_15620,0
15621,aug_15621,0
15622,aug_15622,1
15623,aug_15623,0
15624,aug_15624,0
15625,aug_15625,0
15626,aug_15626,1
15627,aug_15627,0
15628,aug_15628,1
15629,aug_15629,0
15630,aug_15630,0
15631,aug_15631,1
15632,aug_15632,0
15633,aug_15633,0
15634,aug_15634,1
15635,aug_15635,1
15636,aug_15636,0
15637,aug_15637,0
15638,aug_15638,1
15639,aug_15639,0
15640,aug_15640,0
15641,aug_15641,0
15642,aug_15642,1
15643,aug_15643,0
15644,aug_15644,0
15645,aug_15645,0
15646,aug_15646,0
15647,aug_15647,1
15648,aug_15648,0
15649,aug_15649,0
15650,aug_15650,1
15651,aug_15651,1
15652,aug_15652,1
15653,aug_15653,0
15654,aug_15654,0
15655,aug_15655,0
15656,aug_15656,0
15657,aug_15657,0
15658,aug_15658,0
15659,aug_15659,1
15660,aug_15660,1
15661,aug_15661,0
15662,aug_15662,1
15663,aug_15663,0
15664,aug_15664,1
15665,aug_15665,0
15666,aug_15666,0
15667,aug_15667,1
15668,aug_15668,1
15669,aug_15669,0
15670,aug_15670,0
15671,aug_15671,0
15672,aug_15672,0
15673,aug_15673,0
15674,aug_15674,0
15675,aug_15675,0
15676,aug_15676,0
15677,aug_15677,0
15678,aug_15678,0
15679,aug_15679,0
15680,aug_15680,0
15681,aug_15681,0
15682,aug_15682,1
15683,aug_15683,1
15684,aug_15684,0
15685,aug_15685,0
15686,aug_15686,0
15687,aug_15687,0
15688,aug_15688,1
15689,aug_15689,1
15690,aug_15690,1
15691,aug_15691,1
15692,aug_15692,0
15693,aug_15693,0
15694,aug_15694,0
15695,aug_15695,1
15696,aug_15696,0
15697,aug_15697,1
15698,aug_15698,0
15699,aug_15699,0
15700,aug_15700,1
15701,aug_15701,1
15702,aug_15702,0
15703,aug_15703,0
15704,aug_15704,0
15705,aug_15705,0
15706,aug_15706,1
15707,aug_15707,0
15708,aug_15708,0
15709,aug_15709,1
15710,aug_15710,0
15711,aug_15711,0
15712,aug_15712,1
15713,aug_15713,1
15714,aug_15714,0
15715,aug_15715,0
15716,aug_15716,0
15717,aug_15717,1
15718,aug_15718,0
15719,aug_15719,0
15720,aug_15720,0
15721,aug_15721,0
15722,aug_15722,0
15723,aug_15723,0
15724,aug_15724,1
15725,aug_15725,0
15726,aug_15726,0
15727,aug_15727,1
15728,aug_15728,1
15729,aug_15729,1
15730,aug_15730,1
15731,aug_15731,0
15732,aug_15732,1
15733,aug_15733,0
15734,aug_15734,0
15735,aug_15735,0
15736,aug_15736,0
15737,aug_15737,0
15738,aug_15738,0
15739,aug_15739,0
15740,aug_15740,0
15741,aug_15741,0
15742,aug_15742,0
15743,aug_15743,0
15744,aug_15744,0
15745,aug_15745,1
15746,aug_15746,0
15747,aug_15747,1
15748,aug_15748,0
15749,aug_15749,0
15750,aug_15750,0
15751,aug_15751,0
15752,aug_15752,0
15753,aug_15753,0
15754,aug_15754,0
15755,aug_15755,0
15756,aug_15756,0
15757,aug_15757,1
15758,aug_15758,0
15759,aug_15759,1
15760,aug_15760,0
15761,aug_15761,0
15762,aug_15762,0
15763,aug_15763,1
15764,aug_15764,0
15765,aug_15765,1
15766,aug_15766,0
15767,aug_15767,0
15768,aug_15768,1
15769,aug_15769,0
15770,aug_15770,1
15771,aug_15771,0
15772,aug_15772,0
15773,aug_15773,0
15774,aug_15774,0
15775,aug_15775,0
15776,aug_15776,0
15777,aug_15777,0
15778,aug_15778,0
15779,aug_15779,1
15780,aug_15780,0
15781,aug_15781,0
15782,aug_15782,0
15783,aug_15783,0
15784,aug_15784,0
15785,aug_15785,0
15786,aug_15786,1
15787,aug_15787,0
15788,aug_15788,1
15789,aug_15789,1
15790,aug_15790,0
15791,aug_15791,1
15792,aug_15792,1
15793,aug_15793,0
15794,aug_15794,0
15795,aug_15795,1
15796,aug_15796,1
15797,aug_15797,1
15798,aug_15798,1
15799,aug_15799,1
15800,aug_15800,0
15801,aug_15801,1
15802,aug_15802,1
15803,aug_15803,1
15804,aug_15804,0
15805,aug_15805,1
15806,aug_15806,1
15807,aug_15807,1
15808,aug_15808,1
15809,aug_15809,1
15810,aug_15810,1
15811,aug_15811,1
15812,aug_15812,1
15813,aug_15813,0
15814,aug_15814,1
15815,aug_15815,1
15816,aug_15816,1
15817,aug_15817,1
15818,aug_15818,1
15819,aug_15819,1
15820,aug_15820,0
15821,aug_15821,0
15822,aug_15822,0
15823,aug_15823,1
15824,aug_15824,0
15825,aug_15825,1
15826,aug_15826,1
15827,aug_15827,0
15828,aug_15828,0
15829,aug_15829,1
15830,aug_15830,1
15831,aug_15831,1
15832,aug_15832,1
15833,aug_15833,1
15834,aug_15834,1
15835,aug_15835,0
15836,aug_15836,1
15837,aug_15837,0
15838,aug_15838,1
15839,aug_15839,1
15840,aug_15840,0
15841,aug_15841,0
15842,aug_15842,0
15843,aug_15843,0
15844,aug_15844,1
15845,aug_15845,1
15846,aug_15846,0
15847,aug_15847,1
15848,aug_15848,1
15849,aug_15849,1
15850,aug_15850,1
15851,aug_15851,1
15852,aug_15852,0
15853,aug_15853,1
15854,aug_15854,1
15855,aug_15855,1
15856,aug_15856,1
15857,aug_15857,1
15858,aug_15858,1
15859,aug_15859,1
15860,aug_15860,1
15861,aug_15861,0
15862,aug_15862,1
15863,aug_15863,1
15864,aug_15864,1
15865,aug_15865,0
15866,aug_15866,1
15867,aug_15867,1
15868,aug_15868,1
15869,aug_15869,1
15870,aug_15870,1
15871,aug_15871,1
15872,aug_15872,1
15873,aug_15873,1
15874,aug_15874,0
15875,aug_15875,1
15876,aug_15876,0
15877,aug_15877,1
15878,aug_15878,1
15879,aug_15879,1
15880,aug_15880,1
15881,aug_15881,1
15882,aug_15882,1
15883,aug_15883,1
15884,aug_15884,0
15885,aug_15885,0
15886,aug_15886,0
15887,aug_15887,1
15888,aug_15888,1
15889,aug_15889,0
15890,aug_15890,1
15891,aug_15891,0
15892,aug_15892,1
15893,aug_15893,1
15894,aug_15894,0
15895,aug_15895,1
15896,aug_15896,0
15897,aug_15897,1
15898,aug_15898,1
15899,aug_15899,1
15900,aug_15900,1
15901,aug_15901,1
15902,aug_15902,0
15903,aug_15903,1
15904,aug_15904,1
15905,aug_15905,0
15906,aug_15906,1
15907,aug_15907,1
15908,aug_15908,1
15909,aug_15909,0
15910,aug_15910,1
15911,aug_15911,0
15912,aug_15912,1
15913,aug_15913,0
15914,aug_15914,1
15915,aug_15915,1
15916,aug_15916,1
15917,aug_15917,0
15918,aug_15918,0
15919,aug_15919,1
15920,aug_15920,0
15921,aug_15921,0
15922,aug_15922,1
15923,aug_15923,0
15924,aug_15924,1
15925,aug_15925,0
15926,aug_15926,1
15927,aug_15927,0
15928,aug_15928,1
15929,aug_15929,0
15930,aug_15930,1
15931,aug_15931,0
15932,aug_15932,0
15933,aug_15933,1
15934,aug_15934,1
15935,aug_15935,0
15936,aug_15936,0
15937,aug_15937,1
15938,aug_15938,1
15939,aug_15939,1
15940,aug_15940,0
15941,aug_15941,1
15942,aug_15942,1
15943,aug_15943,1
15944,aug_15944,1
15945,aug_15945,1
15946,aug_15946,1
15947,aug_15947,0
15948,aug_15948,0
15949,aug_15949,0
15950,aug_15950,1
15951,aug_15951,1
15952,aug_15952,1
15953,aug_15953,0
15954,aug_15954,1
15955,aug_15955,0
15956,aug_15956,0
15957,aug_15957,0
15958,aug_15958,1
15959,aug_15959,1
15960,aug_15960,1
15961,aug_15961,0
15962,aug_15962,1
15963,aug_15963,1
15964,aug_15964,1
15965,aug_15965,1
15966,aug_15966,0
15967,aug_15967,1
15968,aug_15968,1
15969,aug_15969,0
15970,aug_15970,1
15971,aug_15971,1
15972,aug_15972,0
15973,aug_15973,0
15974,aug_15974,1
15975,aug_15975,1
15976,aug_15976,1
15977,aug_15977,1
15978,aug_15978,1
15979,aug_15979,0
15980,aug_15980,1
15981,aug_15981,1
15982,aug_15982,1
15983,aug_15983,0
15984,aug_15984,1
15985,aug_15985,1
15986,aug_15986,1
15987,aug_15987,1
15988,aug_15988,1
15989,aug_15989,1
15990,aug_15990,1
15991,aug_15991,1
15992,aug_15992,0
15993,aug_15993,1
15994,aug_15994,1
15995,aug_15995,1
15996,aug_15996,1
15997,aug_15997,1
15998,aug_15998,1
15999,aug_15999,0
16000,aug_16000,0
16001,aug_16001,0
16002,aug_16002,1
16003,aug_16003,0
16004,aug_16004,1
16005,aug_16005,1
16006,aug_16006,0
16007,aug_16007,0
16008,aug_16008,1
16009,aug_16009,1
16010,aug_16010,1
16011,aug_16011,1
16012,aug_16012,1
16013,aug_16013,1
16014,aug_16014,0
16015,aug_16015,1
16016,aug_16016,0
16017,aug_16017,1
16018,aug_16018,1
16019,aug_16019,0
16020,aug_16020,0
16021,aug_16021,0
16022,aug_16022,0
16023,aug_16023,1
16024,aug_16024,1
16025,aug_16025,0
16026,aug_16026,1
16027,aug_16027,1
16028,aug_16028,1
16029,aug_16029,1
16030,aug_16030,1
16031,aug_16031,0
16032,aug_16032,1
16033,aug_16033,1
16034,aug_16034,1
16035,aug_16035,1
16036,aug_16036,1
16037,aug_16037,1
16038,aug_16038,1
16039,aug_16039,1
16040,aug_16040,0
16041,aug_16041,1
16042,aug_16042,1
16043,aug_16043,1
16044,aug_16044,0
16045,aug_16045,1
16046,aug_16046,1
16047,aug_16047,1
16048,aug_16048,1
16049,aug_16049,1
16050,aug_16050,1
16051,aug_16051,1
16052,aug_16052,1
16053,aug_16053,0
16054,aug_16054,1
16055,aug_16055,0
16056,aug_16056,1
16057,aug_16057,1
16058,aug_16058,1
16059,aug_16059,1
16060,aug_16060,1
16061,aug_16061,1
16062,aug_16062,1
16063,aug_16063,0
16064,aug_16064,0
16065,aug_16065,0
16066,aug_16066,1
16067,aug_16067,1
16068,aug_16068,0
16069,aug_16069,1
16070,aug_16070,0
16071,aug_16071,1
16072,aug_16072,1
16073,aug_16073,0
16074,aug_16074,1
16075,aug_16075,0
16076,aug_16076,1
16077,aug_16077,1
16078,aug_16078,1
16079,aug_16079,1
16080,aug_16080,1
16081,aug_16081,0
16082,aug_16082,1
16083,aug_16083,1
16084,aug_16084,0
16085,aug_16085,1
16086,aug_16086,1
16087,aug_16087,1
16088,aug_16088,0
16089,aug_16089,1
16090,aug_16090,0
16091,aug_16091,1
16092,aug_16092,0
16093,aug_16093,1
16094,aug_16094,1
16095,aug_16095,1
16096,aug_16096,0
16097,aug_16097,0
16098,aug_16098,1
16099,aug_16099,0
16100,aug_16100,0
16101,aug_16101,1
16102,aug_16102,0
16103,aug_16103,1
16104,aug_16104,0
16105,aug_16105,1
16106,aug_16106,0
16107,aug_16107,1
16108,aug_16108,0
16109,aug_16109,1
16110,aug_16110,0
16111,aug_16111,0
16112,aug_16112,1
16113,aug_16113,1
16114,aug_16114,0
16115,aug_16115,0
16116,aug_16116,1
16117,aug_16117,1
16118,aug_16118,1
16119,aug_16119,0
16120,aug_16120,1
16121,aug_16121,1
16122,aug_16122,1
16123,aug_16123,1
16124,aug_16124,1
16125,aug_16125,1
16126,aug_16126,0
16127,aug_16127,0
16128,aug_16128,0
16129,aug_16129,1
16130,aug_16130,1
16131,aug_16131,1
16132,aug_16132,0
16133,aug_16133,1
16134,aug_16134,0
16135,aug_16135,0
16136,aug_16136,0
16137,aug_16137,1
16138,aug_16138,1
16139,aug_16139,1
16140,aug_16140,0
16141,aug_16141,1
16142,aug_16142,1
16143,aug_16143,1
16144,aug_16144,0
16145,aug_16145,0
16146,aug_16146,1
16147,aug_16147,0
16148,aug_16148,0
16149,aug_16149,1
16150,aug_16150,1
16151,aug_16151,0
16152,aug_16152,0
16153,aug_16153,0
16154,aug_16154,0
16155,aug_16155,0
16156,aug_16156,0
16157,aug_16157,0
16158,aug_16158,1
16159,aug_16159,0
16160,aug_16160,0
16161,aug_16161,0
16162,aug_16162,0
16163,aug_16163,0
16164,aug_16164,1
16165,aug_16165,1
16166,aug_16166,0
16167,aug_16167,0
16168,aug_16168,0
16169,aug_16169,1
16170,aug_16170,0
16171,aug_16171,0
16172,aug_16172,0
16173,aug_16173,0
16174,aug_16174,0
16175,aug_16175,1
16176,aug_16176,0
16177,aug_16177,0
16178,aug_16178,0
16179,aug_16179,0
16180,aug_16180,1
16181,aug_16181,0
16182,aug_16182,0
16183,aug_16183,0
16184,aug_16184,0
16185,aug_16185,0
16186,aug_16186,1
16187,aug_16187,1
16188,aug_16188,0
16189,aug_16189,1
16190,aug_16190,0
16191,aug_16191,1
16192,aug_16192,0
16193,aug_16193,0
16194,aug_16194,0
16195,aug_16195,1
16196,aug_16196,0
16197,aug_16197,0
16198,aug_16198,1
16199,aug_16199,0
16200,aug_16200,0
16201,aug_16201,1
16202,aug_16202,1
16203,aug_16203,0
16204,aug_16204,0
16205,aug_16205,1
16206,aug_16206,0
16207,aug_16207,0
16208,aug_16208,0
16209,aug_16209,0
16210,aug_16210,1
16211,aug_16211,0
16212,aug_16212,0
16213,aug_16213,1
16214,aug_16214,0
16215,aug_16215,1
16216,aug_16216,1
16217,aug_16217,0
16218,aug_16218,1
16219,aug_16219,0
16220,aug_16220,1
16221,aug_16221,1
16222,aug_16222,0
16223,aug_16223,0
16224,aug_16224,0
16225,aug_16225,1
16226,aug_16226,1
16227,aug_16227,0
16228,aug_16228,1
16229,aug_16229,0
16230,aug_16230,0
16231,aug_16231,0
16232,aug_16232,0
16233,aug_16233,1
16234,aug_16234,0
16235,aug_16235,0
16236,aug_16236,0
16237,aug_16237,0
16238,aug_16238,0
16239,aug_16239,1
16240,aug_16240,0
16241,aug_16241,0
16242,aug_16242,0
16243,aug_16243,0
16244,aug_16244,0
16245,aug_16245,1
16246,aug_16246,0
16247,aug_16247,0
16248,aug_16248,1
16249,aug_16249,1
16250,aug_16250,0
16251,aug_16251,0
16252,aug_16252,0
16253,aug_16253,0
16254,aug_16254,0
16255,aug_16255,0
16256,aug_16256,0
16257,aug_16257,1
16258,aug_16258,0
16259,aug_16259,0
16260,aug_16260,0
16261,aug_16261,0
16262,aug_16262,0
16263,aug_16263,1
16264,aug_16264,1
16265,aug_16265,0
16266,aug_16266,0
16267,aug_16267,0
16268,aug_16268,1
16269,aug_16269,0
16270,aug_16270,0
16271,aug_16271,0
16272,aug_16272,0
16273,aug_16273,0
16274,aug_16274,1
16275,aug_16275,0
16276,aug_16276,0
16277,aug_16277,0
16278,aug_16278,0
16279,aug_16279,1
16280,aug_16280,0
16281,aug_16281,0
16282,aug_16282,0
16283,aug_16283,0
16284,aug_16284,0
16285,aug_16285,1
16286,aug_16286,1
16287,aug_16287,0
16288,aug_16288,1
16289,aug_16289,0
16290,aug_16290,1
16291,aug_16291,0
16292,aug_16292,0
16293,aug_16293,0
16294,aug_16294,1
16295,aug_16295,0
16296,aug_16296,0
16297,aug_16297,1
16298,aug_16298,0
16299,aug_16299,0
16300,aug_16300,1
16301,aug_16301,1
16302,aug_16302,0
16303,aug_16303,0
16304,aug_16304,1
16305,aug_16305,0
16306,aug_16306,0
16307,aug_16307,0
16308,aug_16308,0
16309,aug_16309,1
16310,aug_16310,0
16311,aug_16311,0
16312,aug_16312,1
16313,aug_16313,0
16314,aug_16314,1
16315,aug_16315,1
16316,aug_16316,0
16317,aug_16317,1
16318,aug_16318,0
16319,aug_16319,1
16320,aug_16320,1
16321,aug_16321,0
16322,aug_16322,0
16323,aug_16323,0
16324,aug_16324,1
16325,aug_16325,1
16326,aug_16326,0
16327,aug_16327,1
16328,aug_16328,0
16329,aug_16329,0
16330,aug_16330,0
16331,aug_16331,0
16332,aug_16332,1
16333,aug_16333,0
16334,aug_16334,0
16335,aug_16335,0
16336,aug_16336,0
16337,aug_16337,0
16338,aug_16338,1
16339,aug_16339,0
16340,aug_16340,0
16341,aug_16341,0
16342,aug_16342,1
16343,aug_16343,0
16344,aug_16344,1
16345,aug_16345,1
16346,aug_16346,0
16347,aug_16347,0
16348,aug_16348,0
16349,aug_16349,0
16350,aug_16350,1
16351,aug_16351,0
16352,aug_16352,1
16353,aug_16353,1
16354,aug_16354,1
16355,aug_16355,1
16356,aug_16356,0
16357,aug_16357,0
16358,aug_16358,1
16359,aug_16359,1
16360,aug_16360,1
16361,aug_16361,0
16362,aug_16362,0
16363,aug_16363,0
16364,aug_16364,1
16365,aug_16365,1
16366,aug_16366,0
16367,aug_16367,0
16368,aug_16368,0
16369,aug_16369,1
16370,aug_16370,0
16371,aug_16371,0
16372,aug_16372,0
16373,aug_16373,1
16374,aug_16374,1
16375,aug_16375,1
16376,aug_16376,1
16377,aug_16377,1
16378,aug_16378,1
16379,aug_16379,1
16380,aug_16380,1
16381,aug_16381,0
16382,aug_16382,0
16383,aug_16383,1
16384,aug_16384,0
16385,aug_16385,0
16386,aug_16386,0
16387,aug_16387,1
16388,aug_16388,1
16389,aug_16389,1
16390,aug_16390,1
16391,aug_16391,0
16392,aug_16392,1
16393,aug_16393,1
16394,aug_16394,1
16395,aug_16395,0
16396,aug_16396,0
16397,aug_16397,1
16398,aug_16398,0
16399,aug_16399,1
16400,aug_16400,0
16401,aug_16401,1
16402,aug_16402,0
16403,aug_16403,1
16404,aug_16404,0
16405,aug_16405,1
16406,aug_16406,1
16407,aug_16407,1
16408,aug_16408,1
16409,aug_16409,1
16410,aug_16410,1
16411,aug_16411,1
16412,aug_16412,1
16413,aug_16413,0
16414,aug_16414,1
16415,aug_16415,0
16416,aug_16416,0
16417,aug_16417,0
16418,aug_16418,0
16419,aug_16419,1
16420,aug_16420,0
16421,aug_16421,1
16422,aug_16422,0
16423,aug_16423,0
16424,aug_16424,1
16425,aug_16425,1
16426,aug_16426,1
16427,aug_16427,0
16428,aug_16428,1
16429,aug_16429,1
16430,aug_16430,0
16431,aug_16431,1
16432,aug_16432,0
16433,aug_16433,1
16434,aug_16434,1
16435,aug_16435,1
16436,aug_16436,1
16437,aug_16437,1
16438,aug_16438,1
16439,aug_16439,1
16440,aug_16440,0
16441,aug_16441,0
16442,aug_16442,1
16443,aug_16443,0
16444,aug_16444,1
16445,aug_16445,1
16446,aug_16446,0
16447,aug_16447,0
16448,aug_16448,0
16449,aug_16449,0
16450,aug_16450,1
16451,aug_16451,0
16452,aug_16452,1
16453,aug_16453,1
16454,aug_16454,1
16455,aug_16455,1
16456,aug_16456,0
16457,aug_16457,0
16458,aug_16458,1
16459,aug_16459,1
16460,aug_16460,1
16461,aug_16461,0
16462,aug_16462,0
16463,aug_16463,0
16464,aug_16464,1
16465,aug_16465,1
16466,aug_16466,0
16467,aug_16467,0
16468,aug_16468,0
16469,aug_16469,1
16470,aug_16470,0
16471,aug_16471,0
16472,aug_16472,0
16473,aug_16473,1
16474,aug_16474,1
16475,aug_16475,1
16476,aug_16476,1
16477,aug_16477,1
16478,aug_16478,1
16479,aug_16479,1
16480,aug_16480,1
16481,aug_16481,0
16482,aug_16482,0
16483,aug_16483,1
16484,aug_16484,0
16485,aug_16485,0
16486,aug_16486,0
16487,aug_16487,1
16488,aug_16488,1
16489,aug_16489,1
16490,aug_16490,1
16491,aug_16491,0
16492,aug_16492,1
16493,aug_16493,1
16494,aug_16494,1
16495,aug_16495,0
16496,aug_16496,0
16497,aug_16497,1
16498,aug_16498,0
16499,aug_16499,1
16500,aug_16500,0
16501,aug_16501,1
16502,aug_16502,0
16503,aug_16503,1
16504,aug_16504,0
16505,aug_16505,1
16506,aug_16506,1
16507,aug_16507,1
16508,aug_16508,1
16509,aug_16509,1
16510,aug_16510,1
16511,aug_16511,1
16512,aug_16512,1
16513,aug_16513,0
16514,aug_16514,1
16515,aug_16515,0
16516,aug_16516,0
16517,aug_16517,0
16518,aug_16518,0
16519,aug_16519,1
16520,aug_16520,0
16521,aug_16521,1
16522,aug_16522,0
16523,aug_16523,0
16524,aug_16524,1
16525,aug_16525,1
16526,aug_16526,1
16527,aug_16527,0
16528,aug_16528,1
16529,aug_16529,1
16530,aug_16530,0
16531,aug_16531,1
16532,aug_16532,0
16533,aug_16533,1
16534,aug_16534,1
16535,aug_16535,1
16536,aug_16536,1
16537,aug_16537,1
16538,aug_16538,1
16539,aug_16539,1
16540,aug_16540,0
16541,aug_16541,0
16542,aug_16542,0
16543,aug_16543,1
16544,aug_16544,1
16545,aug_16545,1
16546,aug_16546,1
16547,aug_16547,1
16548,aug_16548,1
16549,aug_16549,1
16550,aug_16550,1
16551,aug_16551,0
16552,aug_16552,1
16553,aug_16553,0
16554,aug_16554,1
16555,aug_16555,1
16556,aug_16556,1
16557,aug_16557,1
16558,aug_16558,1
16559,aug_16559,1
16560,aug_16560,1
16561,aug_16561,0
16562,aug_16562,0
16563,aug_16563,1
16564,aug_16564,0
16565,aug_16565,1
16566,aug_16566,1
16567,aug_16567,1
16568,aug_16568,1
16569,aug_16569,1
16570,aug_16570,1
16571,aug_16571,0
16572,aug_16572,1
16573,aug_16573,0
16574,aug_16574,1
16575,aug_16575,1
16576,aug_16576,0
16577,aug_16577,1
16578,aug_16578,1
16579,aug_16579,1
16580,aug_16580,1
16581,aug_16581,1
16582,aug_16582,1
16583,aug_16583,1
16584,aug_16584,1
16585,aug_16585,0
16586,aug_16586,1
16587,aug_16587,0
16588,aug_16588,0
16589,aug_16589,1
16590,aug_16590,0
16591,aug_16591,1
16592,aug_16592,1
16593,aug_16593,1
16594,aug_16594,1
16595,aug_16595,0
16596,aug_16596,1
16597,aug_16597,1
16598,aug_16598,1
16599,aug_16599,1
16600,aug_16600,1
16601,aug_16601,1
16602,aug_16602,1
16603,aug_16603,0
16604,aug_16604,1
16605,aug_16605,1
16606,aug_16606,1
16607,aug_16607,1
16608,aug_16608,1
16609,aug_16609,1
16610,aug_16610,0
16611,aug_16611,1
16612,aug_16612,1
16613,aug_16613,1
16614,aug_16614,0
16615,aug_16615,0
16616,aug_16616,1
16617,aug_16617,0
16618,aug_16618,1
16619,aug_16619,1
16620,aug_16620,0
16621,aug_16621,1
16622,aug_16622,0
16623,aug_16623,0
16624,aug_16624,1
16625,aug_16625,1
16626,aug_16626,1
16627,aug_16627,1
16628,aug_16628,1
16629,aug_16629,1
16630,aug_16630,1
16631,aug_16631,0
16632,aug_16632,0
16633,aug_16633,0
16634,aug_16634,1
16635,aug_16635,0
16636,aug_16636,1
16637,aug_16637,1
16638,aug_16638,0
16639,aug_16639,1
16640,aug_16640,1
16641,aug_16641,1
16642,aug_16642,1
16643,aug_16643,1
16644,aug_16644,1
16645,aug_16645,0
16646,aug_16646,1
16647,aug_16647,1
16648,aug_16648,1
16649,aug_16649,1
16650,aug_16650,1
16651,aug_16651,1
16652,aug_16652,0
16653,aug_16653,0
16654,aug_16654,0
16655,aug_16655,1
16656,aug_16656,0
16657,aug_16657,1
16658,aug_16658,0
16659,aug_16659,0
16660,aug_16660,1
16661,aug_16661,0
16662,aug_16662,0
16663,aug_16663,0
16664,aug_16664,1
16665,aug_16665,1
16666,aug_16666,0
16667,aug_16667,1
16668,aug_16668,1
16669,aug_16669,1
16670,aug_16670,0
16671,aug_16671,0
16672,aug_16672,1
16673,aug_16673,1
16674,aug_16674,1
16675,aug_16675,0
16676,aug_16676,1
16677,aug_16677,1
16678,aug_16678,0
16679,aug_16679,1
16680,aug_16680,1
16681,aug_16681,1
16682,aug_16682,0
16683,aug_16683,1
16684,aug_16684,0
16685,aug_16685,1
16686,aug_16686,1
16687,aug_16687,1
16688,aug_16688,1
16689,aug_16689,0
16690,aug_16690,1
16691,aug_16691,1
16692,aug_16692,1
16693,aug_16693,1
16694,aug_16694,0
16695,aug_16695,0
16696,aug_16696,1
16697,aug_16697,1
16698,aug_16698,1
16699,aug_16699,1
16700,aug_16700,0
16701,aug_16701,1
16702,aug_16702,0
16703,aug_16703,1
16704,aug_16704,0
16705,aug_16705,1
16706,aug_16706,0
16707,aug_16707,1
16708,aug_16708,0
16709,aug_16709,1
16710,aug_16710,1
16711,aug_16711,0
16712,aug_16712,0
16713,aug_16713,1
16714,aug_16714,0
16715,aug_16715,0
16716,aug_16716,1
16717,aug_16717,0
16718,aug_16718,0
16719,aug_16719,1
16720,aug_16720,1
16721,aug_16721,1
16722,aug_16722,1
16723,aug_16723,1
16724,aug_16724,0
16725,aug_16725,1
16726,aug_16726,0
16727,aug_16727,1
16728,aug_16728,1
16729,aug_16729,1
16730,aug_16730,1
16731,aug_16731,1
16732,aug_16732,1
16733,aug_16733,1
16734,aug_16734,1
16735,aug_16735,0
16736,aug_16736,1
16737,aug_16737,0
16738,aug_16738,1
16739,aug_16739,1
16740,aug_16740,1
16741,aug_16741,1
16742,aug_16742,1
16743,aug_16743,1
16744,aug_16744,1
16745,aug_16745,0
16746,aug_16746,0
16747,aug_16747,1
16748,aug_16748,0
16749,aug_16749,1
16750,aug_16750,1
16751,aug_16751,1
16752,aug_16752,1
16753,aug_16753,1
16754,aug_16754,1
16755,aug_16755,0
16756,aug_16756,1
16757,aug_16757,0
16758,aug_16758,1
16759,aug_16759,1
16760,aug_16760,0
16761,aug_16761,1
16762,aug_16762,1
16763,aug_16763,1
16764,aug_16764,1
16765,aug_16765,1
16766,aug_16766,1
16767,aug_16767,1
16768,aug_16768,1
16769,aug_16769,0
16770,aug_16770,1
16771,aug_16771,0
16772,aug_16772,0
16773,aug_16773,1
16774,aug_16774,0
16775,aug_16775,1
16776,aug_16776,1
16777,aug_16777,1
16778,aug_16778,1
16779,aug_16779,0
16780,aug_16780,1
16781,aug_16781,1
16782,aug_16782,1
16783,aug_16783,1
16784,aug_16784,1
16785,aug_16785,1
16786,aug_16786,1
16787,aug_16787,0
16788,aug_16788,1
16789,aug_16789,1
16790,aug_16790,1
16791,aug_16791,1
16792,aug_16792,1
16793,aug_16793,1
16794,aug_16794,0
16795,aug_16795,1
16796,aug_16796,1
16797,aug_16797,1
16798,aug_16798,0
16799,aug_16799,0
16800,aug_16800,1
16801,aug_16801,0
16802,aug_16802,1
16803,aug_16803,1
16804,aug_16804,0
16805,aug_16805,1
16806,aug_16806,0
16807,aug_16807,0
16808,aug_16808,1
16809,aug_16809,1
16810,aug_16810,1
16811,aug_16811,1
16812,aug_16812,1
16813,aug_16813,1
16814,aug_16814,1
16815,aug_16815,0
16816,aug_16816,0
16817,aug_16817,0
16818,aug_16818,1
16819,aug_16819,0
16820,aug_16820,1
16821,aug_16821,1
16822,aug_16822,0
16823,aug_16823,1
16824,aug_16824,1
16825,aug_16825,1
16826,aug_16826,1
16827,aug_16827,1
16828,aug_16828,1
16829,aug_16829,0
16830,aug_16830,1
16831,aug_16831,1
16832,aug_16832,1
16833,aug_16833,1
16834,aug_16834,1
16835,aug_16835,1
16836,aug_16836,0
16837,aug_16837,0
16838,aug_16838,0
16839,aug_16839,1
16840,aug_16840,0
16841,aug_16841,1
16842,aug_16842,0
16843,aug_16843,0
16844,aug_16844,1
16845,aug_16845,0
16846,aug_16846,0
16847,aug_16847,0
16848,aug_16848,1
16849,aug_16849,1
16850,aug_16850,0
16851,aug_16851,1
16852,aug_16852,1
16853,aug_16853,1
16854,aug_16854,0
16855,aug_16855,0
16856,aug_16856,1
16857,aug_16857,1
16858,aug_16858,1
16859,aug_16859,0
16860,aug_16860,1
16861,aug_16861,1
16862,aug_16862,0
16863,aug_16863,1
16864,aug_16864,1
16865,aug_16865,1
16866,aug_16866,0
16867,aug_16867,1
16868,aug_16868,0
16869,aug_16869,1
16870,aug_16870,1
16871,aug_16871,1
16872,aug_16872,1
16873,aug_16873,0
16874,aug_16874,1
16875,aug_16875,1
16876,aug_16876,1
16877,aug_16877,1
16878,aug_16878,0
16879,aug_16879,0
16880,aug_16880,1
16881,aug_16881,1
16882,aug_16882,1
16883,aug_16883,1
16884,aug_16884,0
16885,aug_16885,1
16886,aug_16886,0
16887,aug_16887,1
16888,aug_16888,0
16889,aug_16889,1
16890,aug_16890,0
16891,aug_16891,1
16892,aug_16892,0
16893,aug_16893,1
16894,aug_16894,1
16895,aug_16895,0
16896,aug_16896,0
16897,aug_16897,1
16898,aug_16898,0
16899,aug_16899,0
16900,aug_16900,1
16901,aug_16901,0
16902,aug_16902,0
16903,aug_16903,1
16904,aug_16904,1
16905,aug_16905,1
16906,aug_16906,1
16907,aug_16907,1
16908,aug_16908,0
16909,aug_16909,1
16910,aug_16910,1
16911,aug_16911,1
16912,aug_16912,1
16913,aug_16913,0
16914,aug_16914,0
16915,aug_16915,1
16916,aug_16916,1
16917,aug_16917,0
16918,aug_16918,0
16919,aug_16919,1
16920,aug_16920,0
16921,aug_16921,1
16922,aug_16922,1
16923,aug_16923,0
16924,aug_16924,1
16925,aug_16925,0
16926,aug_16926,1
16927,aug_16927,1
16928,aug_16928,0
16929,aug_16929,1
16930,aug_16930,0
16931,aug_16931,1
16932,aug_16932,1
16933,aug_16933,0
16934,aug_16934,1
16935,aug_16935,0
16936,aug_16936,1
16937,aug_16937,1
16938,aug_16938,1
16939,aug_16939,1
16940,aug_16940,1
16941,aug_16941,1
16942,aug_16942,0
16943,aug_16943,1
16944,aug_16944,0
16945,aug_16945,0
16946,aug_16946,1
16947,aug_16947,1
16948,aug_16948,0
16949,aug_16949,0
16950,aug_16950,0
16951,aug_16951,1
16952,aug_16952,1
16953,aug_16953,0
16954,aug_16954,0
16955,aug_16955,1
16956,aug_16956,1
16957,aug_16957,0
16958,aug_16958,1
16959,aug_16959,1
16960,aug_16960,0
16961,aug_16961,0
16962,aug_16962,1
16963,aug_16963,0
16964,aug_16964,1
16965,aug_16965,1
16966,aug_16966,0
16967,aug_16967,1
16968,aug_16968,0
16969,aug_16969,1
16970,aug_16970,0
16971,aug_16971,0
16972,aug_16972,1
16973,aug_16973,1
16974,aug_16974,0
16975,aug_16975,0
16976,aug_16976,0
16977,aug_16977,1
16978,aug_16978,0
16979,aug_16979,1
16980,aug_16980,1
16981,aug_16981,1
16982,aug_16982,1
16983,aug_16983,1
16984,aug_16984,1
16985,aug_16985,0
16986,aug_16986,0
16987,aug_16987,1
16988,aug_16988,1
16989,aug_16989,1
16990,aug_16990,1
16991,aug_16991,0
16992,aug_16992,0
16993,aug_16993,0
16994,aug_16994,1
16995,aug_16995,1
16996,aug_16996,0
16997,aug_16997,0
16998,aug_16998,1
16999,aug_16999,0
17000,aug_17000,0
17001,aug_17001,0
17002,aug_17002,1
17003,aug_17003,0
17004,aug_17004,0
17005,aug_17005,1
17006,aug_17006,1
17007,aug_17007,1
17008,aug_17008,0
17009,aug_17009,0
17010,aug_17010,0
17011,aug_17011,0
17012,aug_17012,0
17013,aug_17013,0
17014,aug_17014,1
17015,aug_17015,0
17016,aug_17016,1
17017,aug_17017,1
17018,aug_17018,0
17019,aug_17019,0
17020,aug_17020,0
17021,aug_17021,0
17022,aug_17022,1
17023,aug_17023,1
17024,aug_17024,1
17025,aug_17025,0
17026,aug_17026,0
17027,aug_17027,1
17028,aug_17028,1
17029,aug_17029,0
17030,aug_17030,0
17031,aug_17031,1
17032,aug_17032,0
17033,aug_17033,0
17034,aug_17034,0
17035,aug_17035,1
17036,aug_17036,1
17037,aug_17037,0
17038,aug_17038,1
17039,aug_17039,0
17040,aug_17040,0
17041,aug_17041,1
17042,aug_17042,1
17043,aug_17043,1
17044,aug_17044,0
17045,aug_17045,0
17046,aug_17046,1
17047,aug_17047,1
17048,aug_17048,0
17049,aug_17049,0
17050,aug_17050,1
17051,aug_17051,0
17052,aug_17052,1
17053,aug_17053,0
17054,aug_17054,0
17055,aug_17055,0
17056,aug_17056,1
17057,aug_17057,1
17058,aug_17058,1
17059,aug_17059,0
17060,aug_17060,0
17061,aug_17061,0
17062,aug_17062,1
17063,aug_17063,1
17064,aug_17064,0
17065,aug_17065,1
17066,aug_17066,1
17067,aug_17067,0
17068,aug_17068,0
17069,aug_17069,1
17070,aug_17070,1
17071,aug_17071,0
17072,aug_17072,1
17073,aug_17073,0
17074,aug_17074,1
17075,aug_17075,0
17076,aug_17076,0
17077,aug_17077,1
17078,aug_17078,1
17079,aug_17079,1
17080,aug_17080,1
17081,aug_17081,0
17082,aug_17082,0
17083,aug_17083,1
17084,aug_17084,1
17085,aug_17085,0
17086,aug_17086,0
17087,aug_17087,1
17088,aug_17088,0
17089,aug_17089,1
17090,aug_17090,1
17091,aug_17091,0
17092,aug_17092,1
17093,aug_17093,0
17094,aug_17094,1
17095,aug_17095,1
17096,aug_17096,0
17097,aug_17097,1
17098,aug_17098,0
17099,aug_17099,1
17100,aug_17100,1
17101,aug_17101,0
17102,aug_17102,1
17103,aug_17103,0
17104,aug_17104,1
17105,aug_17105,1
17106,aug_17106,1
17107,aug_17107,1
17108,aug_17108,1
17109,aug_17109,1
17110,aug_17110,0
17111,aug_17111,1
17112,aug_17112,0
17113,aug_17113,0
17114,aug_17114,1
17115,aug_17115,1
17116,aug_17116,0
17117,aug_17117,0
17118,aug_17118,0
17119,aug_17119,1
17120,aug_17120,1
17121,aug_17121,0
17122,aug_17122,0
17123,aug_17123,1
17124,aug_17124,1
17125,aug_17125,0
17126,aug_17126,1
17127,aug_17127,1
17128,aug_17128,0
17129,aug_17129,0
17130,aug_17130,1
17131,aug_17131,0
17132,aug_17132,1
17133,aug_17133,1
17134,aug_17134,0
17135,aug_17135,1
17136,aug_17136,0
17137,aug_17137,1
17138,aug_17138,0
17139,aug_17139,0
17140,aug_17140,1
17141,aug_17141,1
17142,aug_17142,0
17143,aug_17143,0
17144,aug_17144,0
17145,aug_17145,1
17146,aug_17146,0
17147,aug_17147,1
17148,aug_17148,1
17149,aug_17149,1
17150,aug_17150,1
17151,aug_17151,1
17152,aug_17152,1
17153,aug_17153,0
17154,aug_17154,0
17155,aug_17155,1
17156,aug_17156,1
17157,aug_17157,1
17158,aug_17158,1
17159,aug_17159,0
17160,aug_17160,0
17161,aug_17161,0
17162,aug_17162,1
17163,aug_17163,1
17164,aug_17164,0
17165,aug_17165,0
17166,aug_17166,1
17167,aug_17167,0
17168,aug_17168,0
17169,aug_17169,0
17170,aug_17170,1
17171,aug_17171,0
17172,aug_17172,0
17173,aug_17173,1
17174,aug_17174,1
17175,aug_17175,1
17176,aug_17176,0
17177,aug_17177,0
17178,aug_17178,0
17179,aug_17179,0
17180,aug_17180,0
17181,aug_17181,0
17182,aug_17182,1
17183,aug_17183,0
17184,aug_17184,1
17185,aug_17185,1
17186,aug_17186,0
17187,aug_17187,0
17188,aug_17188,0
17189,aug_17189,0
17190,aug_17190,1
17191,aug_17191,1
17192,aug_17192,1
17193,aug_17193,0
17194,aug_17194,0
17195,aug_17195,1
17196,aug_17196,1
17197,aug_17197,0
17198,aug_17198,0
17199,aug_17199,1
17200,aug_17200,0
17201,aug_17201,0
17202,aug_17202,0
17203,aug_17203,1
17204,aug_17204,1
17205,aug_17205,0
17206,aug_17206,1
17207,aug_17207,0
17208,aug_17208,0
17209,aug_17209,1
17210,aug_17210,1
17211,aug_17211,1
17212,aug_17212,0
17213,aug_17213,0
17214,aug_17214,1
17215,aug_17215,1
17216,aug_17216,0
17217,aug_17217,0
17218,aug_17218,1
17219,aug_17219,0
17220,aug_17220,1
17221,aug_17221,0
17222,aug_17222,0
17223,aug_17223,0
17224,aug_17224,1
17225,aug_17225,1
17226,aug_17226,1
17227,aug_17227,0
17228,aug_17228,0
17229,aug_17229,0
17230,aug_17230,1
17231,aug_17231,1
17232,aug_17232,0
17233,aug_17233,1
17234,aug_17234,1
17235,aug_17235,0
17236,aug_17236,0
17237,aug_17237,1
17238,aug_17238,1
17239,aug_17239,0
17240,aug_17240,1
17241,aug_17241,0
17242,aug_17242,1
17243,aug_17243,0
17244,aug_17244,0
17245,aug_17245,1
17246,aug_17246,0
17247,aug_17247,1
17248,aug_17248,0
17249,aug_17249,1
17250,aug_17250,1
17251,aug_17251,0
17252,aug_17252,1
17253,aug_17253,0
17254,aug_17254,0
17255,aug_17255,1
17256,aug_17256,1
17257,aug_17257,1
17258,aug_17258,1
17259,aug_17259,0
17260,aug_17260,0
17261,aug_17261,0
17262,aug_17262,1
17263,aug_17263,0
17264,aug_17264,1
17265,aug_17265,0
17266,aug_17266,1
17267,aug_17267,1
17268,aug_17268,0
17269,aug_17269,0
17270,aug_17270,0
17271,aug_17271,1
17272,aug_17272,0
17273,aug_17273,0
17274,aug_17274,0
17275,aug_17275,1
17276,aug_17276,0
17277,aug_17277,1
17278,aug_17278,0
17279,aug_17279,0
17280,aug_17280,1
17281,aug_17281,0
17282,aug_17282,0
17283,aug_17283,1
17284,aug_17284,1
17285,aug_17285,0
17286,aug_17286,0
17287,aug_17287,1
17288,aug_17288,0
17289,aug_17289,0
17290,aug_17290,0
17291,aug_17291,1
17292,aug_17292,0
17293,aug_17293,0
17294,aug_17294,0
17295,aug_17295,0
17296,aug_17296,1
17297,aug_17297,0
17298,aug_17298,0
17299,aug_17299,1
17300,aug_17300,1
17301,aug_17301,1
17302,aug_17302,0
17303,aug_17303,0
17304,aug_17304,0
17305,aug_17305,0
17306,aug_17306,0
17307,aug_17307,0
17308,aug_17308,1
17309,aug_17309,1
17310,aug_17310,0
17311,aug_17311,1
17312,aug_17312,0
17313,aug_17313,1
17314,aug_17314,0
17315,aug_17315,0
17316,aug_17316,1
17317,aug_17317,1
17318,aug_17318,0
17319,aug_17319,0
17320,aug_17320,0
17321,aug_17321,0
17322,aug_17322,0
17323,aug_17323,0
17324,aug_17324,0
17325,aug_17325,0
17326,aug_17326,0
17327,aug_17327,0
17328,aug_17328,0
17329,aug_17329,0
17330,aug_17330,0
17331,aug_17331,1
17332,aug_17332,1
17333,aug_17333,0
17334,aug_17334,0
17335,aug_17335,0
17336,aug_17336,0
17337,aug_17337,1
17338,aug_17338,1
17339,aug_17339,1
17340,aug_17340,1
17341,aug_17341,0
17342,aug_17342,0
17343,aug_17343,0
17344,aug_17344,1
17345,aug_17345,0
17346,aug_17346,1
17347,aug_17347,0
17348,aug_17348,0
17349,aug_17349,1
17350,aug_17350,1
17351,aug_17351,0
17352,aug_17352,0
17353,aug_17353,0
17354,aug_17354,0
17355,aug_17355,1
17356,aug_17356,0
17357,aug_17357,0
17358,aug_17358,1
17359,aug_17359,0
17360,aug_17360,0
17361,aug_17361,1
17362,aug_17362,1
17363,aug_17363,0
17364,aug_17364,0
17365,aug_17365,0
17366,aug_17366,1
17367,aug_17367,0
17368,aug_17368,0
17369,aug_17369,0
17370,aug_17370,0
17371,aug_17371,0
17372,aug_17372,0
17373,aug_17373,1
17374,aug_17374,0
17375,aug_17375,0
17376,aug_17376,1
17377,aug_17377,1
17378,aug_17378,1
17379,aug_17379,1
17380,aug_17380,0
17381,aug_17381,1
17382,aug_17382,0
17383,aug_17383,0
17384,aug_17384,0
17385,aug_17385,0
17386,aug_17386,0
17387,aug_17387,0
17388,aug_17388,0
17389,aug_17389,0
17390,aug_17390,0
17391,aug_17391,0
17392,aug_17392,0
17393,aug_17393,0
17394,aug_17394,1
17395,aug_17395,0
17396,aug_17396,1
17397,aug_17397,0
17398,aug_17398,0
17399,aug_17399,0
17400,aug_17400,0
17401,aug_17401,0
17402,aug_17402,0
17403,aug_17403,0
17404,aug_17404,0
17405,aug_17405,0
17406,aug_17406,1
17407,aug_17407,0
17408,aug_17408,1
17409,aug_17409,0
17410,aug_17410,0
17411,aug_17411,0
17412,aug_17412,1
17413,aug_17413,0
17414,aug_17414,1
17415,aug_17415,0
17416,aug_17416,0
17417,aug_17417,1
17418,aug_17418,0
17419,aug_17419,1
17420,aug_17420,0
17421,aug_17421,0
17422,aug_17422,0
17423,aug_17423,0
17424,aug_17424,0
17425,aug_17425,0
17426,aug_17426,0
17427,aug_17427,0
17428,aug_17428,1
17429,aug_17429,0
17430,aug_17430,0
17431,aug_17431,0
17432,aug_17432,0
17433,aug_17433,0
17434,aug_17434,0
17435,aug_17435,0
17436,aug_17436,1
17437,aug_17437,0
17438,aug_17438,1
17439,aug_17439,1
17440,aug_17440,0
17441,aug_17441,1
17442,aug_17442,0
17443,aug_17443,0
17444,aug_17444,1
17445,aug_17445,1
17446,aug_17446,1
17447,aug_17447,1
17448,aug_17448,0
17449,aug_17449,0
17450,aug_17450,0
17451,aug_17451,1
17452,aug_17452,0
17453,aug_17453,1
17454,aug_17454,0
17455,aug_17455,1
17456,aug_17456,1
17457,aug_17457,0
17458,aug_17458,0
17459,aug_17459,0
17460,aug_17460,1
17461,aug_17461,0
17462,aug_17462,0
17463,aug_17463,0
17464,aug_17464,1
17465,aug_17465,0
17466,aug_17466,1
17467,aug_17467,0
17468,aug_17468,0
17469,aug_17469,1
17470,aug_17470,0
17471,aug_17471,0
17472,aug_17472,1
17473,aug_17473,1
17474,aug_17474,0
17475,aug_17475,0
17476,aug_17476,1
17477,aug_17477,0
17478,aug_17478,0
17479,aug_17479,0
17480,aug_17480,1
17481,aug_17481,0
17482,aug_17482,0
17483,aug_17483,0
17484,aug_17484,0
17485,aug_17485,1
17486,aug_17486,0
17487,aug_17487,0
17488,aug_17488,1
17489,aug_17489,1
17490,aug_17490,1
17491,aug_17491,0
17492,aug_17492,0
17493,aug_17493,0
17494,aug_17494,0
17495,aug_17495,0
17496,aug_17496,0
17497,aug_17497,1
17498,aug_17498,1
17499,aug_17499,0
17500,aug_17500,1
17501,aug_17501,0
17502,aug_17502,1
17503,aug_17503,0
17504,aug_17504,0
17505,aug_17505,1
17506,aug_17506,1
17507,aug_17507,0
17508,aug_17508,0
17509,aug_17509,0
17510,aug_17510,0
17511,aug_17511,0
17512,aug_17512,0
17513,aug_17513,0
17514,aug_17514,0
17515,aug_17515,0
17516,aug_17516,0
17517,aug_17517,0
17518,aug_17518,0
17519,aug_17519,0
17520,aug_17520,1
17521,aug_17521,1
17522,aug_17522,0
17523,aug_17523,0
17524,aug_17524,0
17525,aug_17525,0
17526,aug_17526,1
17527,aug_17527,1
17528,aug_17528,1
17529,aug_17529,1
17530,aug_17530,0
17531,aug_17531,0
17532,aug_17532,0
17533,aug_17533,1
17534,aug_17534,0
17535,aug_17535,1
17536,aug_17536,0
17537,aug_17537,0
17538,aug_17538,1
17539,aug_17539,1
17540,aug_17540,0
17541,aug_17541,0
17542,aug_17542,0
17543,aug_17543,0
17544,aug_17544,1
17545,aug_17545,0
17546,aug_17546,0
17547,aug_17547,1
17548,aug_17548,0
17549,aug_17549,0
17550,aug_17550,1
17551,aug_17551,1
17552,aug_17552,0
17553,aug_17553,0
17554,aug_17554,0
17555,aug_17555,1
17556,aug_17556,0
17557,aug_17557,0
17558,aug_17558,0
17559,aug_17559,0
17560,aug_17560,0
17561,aug_17561,0
17562,aug_17562,1
17563,aug_17563,0
17564,aug_17564,0
17565,aug_17565,1
17566,aug_17566,1
17567,aug_17567,1
17568,aug_17568,1
17569,aug_17569,0
17570,aug_17570,1
17571,aug_17571,0
17572,aug_17572,0
17573,aug_17573,0
17574,aug_17574,0
17575,aug_17575,0
17576,aug_17576,0
17577,aug_17577,0
17578,aug_17578,0
17579,aug_17579,0
17580,aug_17580,0
17581,aug_17581,0
17582,aug_17582,0
17583,aug_17583,1
17584,aug_17584,0
17585,aug_17585,1
17586,aug_17586,0
17587,aug_17587,0
17588,aug_17588,0
17589,aug_17589,0
17590,aug_17590,0
17591,aug_17591,0
17592,aug_17592,0
17593,aug_17593,0
17594,aug_17594,0
17595,aug_17595,1
17596,aug_17596,0
17597,aug_17597,1
17598,aug_17598,0
17599,aug_17599,0
17600,aug_17600,0
17601,aug_17601,1
17602,aug_17602,0
17603,aug_17603,1
17604,aug_17604,0
17605,aug_17605,0
17606,aug_17606,1
17607,aug_17607,0
17608,aug_17608,1
17609,aug_17609,0
17610,aug_17610,0
17611,aug_17611,0
17612,aug_17612,0
17613,aug_17613,0
17614,aug_17614,0
17615,aug_17615,0
17616,aug_17616,0
17617,aug_17617,1
17618,aug_17618,0
17619,aug_17619,0
17620,aug_17620,0
17621,aug_17621,0
17622,aug_17622,0
17623,aug_17623,0
17624,aug_17624,1
17625,aug_17625,0
17626,aug_17626,1
17627,aug_17627,1
17628,aug_17628,0
17629,aug_17629,1
17630,aug_17630,1
17631,aug_17631,0
17632,aug_17632,0
17633,aug_17633,1
17634,aug_17634,1
17635,aug_17635,1
17636,aug_17636,1
17637,aug_17637,1
17638,aug_17638,0
17639,aug_17639,1
17640,aug_17640,1
17641,aug_17641,1
17642,aug_17642,0
17643,aug_17643,1
17644,aug_17644,1
17645,aug_17645,1
17646,aug_17646,1
17647,aug_17647,1
17648,aug_17648,1
17649,aug_17649,1
17650,aug_17650,1
17651,aug_17651,0
17652,aug_17652,1
17653,aug_17653,1
17654,aug_17654,1
17655,aug_17655,1
17656,aug_17656,1
17657,aug_17657,1
17658,aug_17658,0
17659,aug_17659,0
17660,aug_17660,0
17661,aug_17661,1
17662,aug_17662,0
17663,aug_17663,1
17664,aug_17664,1
17665,aug_17665,0
17666,aug_17666,0
17667,aug_17667,1
17668,aug_17668,1
17669,aug_17669,1
17670,aug_17670,1
17671,aug_17671,1
17672,aug_17672,1
17673,aug_17673,0
17674,aug_17674,1
17675,aug_17675,0
17676,aug_17676,1
17677,aug_17677,1
17678,aug_17678,0
17679,aug_17679,0
17680,aug_17680,0
17681,aug_17681,0
17682,aug_17682,1
17683,aug_17683,1
17684,aug_17684,0
17685,aug_17685,1
17686,aug_17686,1
17687,aug_17687,1
17688,aug_17688,1
17689,aug_17689,1
17690,aug_17690,0
17691,aug_17691,1
17692,aug_17692,1
17693,aug_17693,1
17694,aug_17694,1
17695,aug_17695,1
17696,aug_17696,1
17697,aug_17697,1
17698,aug_17698,1
17699,aug_17699,0
17700,aug_17700,1
17701,aug_17701,1
17702,aug_17702,1
17703,aug_17703,0
17704,aug_17704,1
17705,aug_17705,1
17706,aug_17706,1
17707,aug_17707,1
17708,aug_17708,1
17709,aug_17709,1
17710,aug_17710,1
17711,aug_17711,1
17712,aug_17712,0
17713,aug_17713,1
17714,aug_17714,0
17715,aug_17715,1
17716,aug_17716,1
17717,aug_17717,1
17718,aug_17718,1
17719,aug_17719,1
17720,aug_17720,1
17721,aug_17721,1
17722,aug_17722,0
17723,aug_17723,0
17724,aug_17724,0
17725,aug_17725,1
17726,aug_17726,1
17727,aug_17727,0
17728,aug_17728,1
17729,aug_17729,0
17730,aug_17730,1
17731,aug_17731,1
17732,aug_17732,0
17733,aug_17733,1
17734,aug_17734,0
17735,aug_17735,1
17736,aug_17736,1
17737,aug_17737,1
17738,aug_17738,1
17739,aug_17739,1
17740,aug_17740,0
17741,aug_17741,1
17742,aug_17742,1
17743,aug_17743,0
17744,aug_17744,1
17745,aug_17745,1
17746,aug_17746,1
17747,aug_17747,0
17748,aug_17748,1
17749,aug_17749,0
17750,aug_17750,1
17751,aug_17751,0
17752,aug_17752,1
17753,aug_17753,1
17754,aug_17754,1
17755,aug_17755,0
17756,aug_17756,0
17757,aug_17757,1
17758,aug_17758,0
17759,aug_17759,0
17760,aug_17760,1
17761,aug_17761,0
17762,aug_17762,1
17763,aug_17763,0
17764,aug_17764,1
17765,aug_17765,0
17766,aug_17766,1
17767,aug_17767,0
17768,aug_17768,1
17769,aug_17769,0
17770,aug_17770,0
17771,aug_17771,1
17772,aug_17772,1
17773,aug_17773,0
17774,aug_17774,0
17775,aug_17775,1
17776,aug_17776,1
17777,aug_17777,1
17778,aug_17778,0
17779,aug_17779,1
17780,aug_17780,1
17781,aug_17781,1
17782,aug_17782,1
17783,aug_17783,1
17784,aug_17784,1
17785,aug_17785,0
17786,aug_17786,0
17787,aug_17787,0
17788,aug_17788,1
17789,aug_17789,1
17790,aug_17790,1
17791,aug_17791,0
17792,aug_17792,1
17793,aug_17793,0
17794,aug_17794,0
17795,aug_17795,0
17796,aug_17796,1
17797,aug_17797,1
17798,aug_17798,1
17799,aug_17799,0
17800,aug_17800,1
17801,aug_17801,1
17802,aug_17802,1
17803,aug_17803,1
17804,aug_17804,0
17805,aug_17805,1
17806,aug_17806,1
17807,aug_17807,0
17808,aug_17808,1
17809,aug_17809,1
17810,aug_17810,0
17811,aug_17811,0
17812,aug_17812,1
17813,aug_17813,1
17814,aug_17814,1
17815,aug_17815,1
17816,aug_17816,1
17817,aug_17817,0
17818,aug_17818,1
17819,aug_17819,1
17820,aug_17820,1
17821,aug_17821,0
17822,aug_17822,1
17823,aug_17823,1
17824,aug_17824,1
17825,aug_17825,1
17826,aug_17826,1
17827,aug_17827,1
17828,aug_17828,1
17829,aug_17829,1
17830,aug_17830,0
17831,aug_17831,1
17832,aug_17832,1
17833,aug_17833,1
17834,aug_17834,1
17835,aug_17835,1
17836,aug_17836,1
17837,aug_17837,0
17838,aug_17838,0
17839,aug_17839,0
17840,aug_17840,1
17841,aug_17841,0
17842,aug_17842,1
17843,aug_17843,1
17844,aug_17844,0
17845,aug_17845,0
17846,aug_17846,1
17847,aug_17847,1
17848,aug_17848,1
17849,aug_17849,1
17850,aug_17850,1
17851,aug_17851,1
17852,aug_17852,0
17853,aug_17853,1
17854,aug_17854,0
17855,aug_17855,1
17856,aug_17856,1
17857,aug_17857,0
17858,aug_17858,0
17859,aug_17859,0
17860,aug_17860,0
17861,aug_17861,1
17862,aug_17862,1
17863,aug_17863,0
17864,aug_17864,1
17865,aug_17865,1
17866,aug_17866,1
17867,aug_17867,1
17868,aug_17868,1
17869,aug_17869,0
17870,aug_17870,1
17871,aug_17871,1
17872,aug_17872,1
17873,aug_17873,1
17874,aug_17874,1
17875,aug_17875,1
17876,aug_17876,1
17877,aug_17877,1
17878,aug_17878,0
17879,aug_17879,1
17880,aug_17880,1
17881,aug_17881,1
17882,aug_17882,0
17883,aug_17883,1
17884,aug_17884,1
17885,aug_17885,1
17886,aug_17886,1
17887,aug_17887,1
17888,aug_17888,1
17889,aug_17889,1
17890,aug_17890,1
17891,aug_17891,0
17892,aug_17892,1
17893,aug_17893,0
17894,aug_17894,1
17895,aug_17895,1
17896,aug_17896,1
17897,aug_17897,1
17898,aug_17898,1
17899,aug_17899,1
17900,aug_17900,1
17901,aug_17901,0
17902,aug_17902,0
17903,aug_17903,0
17904,aug_17904,1
17905,aug_17905,1
17906,aug_17906,0
17907,aug_17907,1
17908,aug_17908,0
17909,aug_17909,1
17910,aug_17910,1
17911,aug_17911,0
17912,aug_17912,1
17913,aug_17913,0
17914,aug_17914,1
17915,aug_17915,1
17916,aug_17916,1
17917,aug_17917,1
17918,aug_17918,1
17919,aug_17919,0
17920,aug_17920,1
17921,aug_17921,1
17922,aug_17922,0
17923,aug_17923,1
17924,aug_17924,1
17925,aug_17925,1
17926,aug_17926,0
17927,aug_17927,1
17928,aug_17928,0
17929,aug_17929,1
17930,aug_17930,0
17931,aug_17931,1
17932,aug_17932,1
17933,aug_17933,1
17934,aug_17934,0
17935,aug_17935,0
17936,aug_17936,1
17937,aug_17937,0
17938,aug_17938,0
17939,aug_17939,1
17940,aug_17940,0
17941,aug_17941,1
17942,aug_17942,0
17943,aug_17943,1
17944,aug_17944,0
17945,aug_17945,1
17946,aug_17946,0
17947,aug_17947,1
17948,aug_17948,0
17949,aug_17949,0
17950,aug_17950,1
17951,aug_17951,1
17952,aug_17952,0
17953,aug_17953,0
17954,aug_17954,1
17955,aug_17955,1
17956,aug_17956,1
17957,aug_17957,0
17958,aug_17958,1
17959,aug_17959,1
17960,aug_17960,1
17961,aug_17961,1
17962,aug_17962,1
17963,aug_17963,1
17964,aug_17964,0
17965,aug_17965,0
17966,aug_17966,0
17967,aug_17967,1
17968,aug_17968,1
17969,aug_17969,1
17970,aug_17970,0
17971,aug_17971,1
17972,aug_17972,0
17973,aug_17973,0
17974,aug_17974,0
17975,aug_17975,1
17976,aug_17976,1
17977,aug_17977,1
17978,aug_17978,0
17979,aug_17979,1
17980,aug_17980,1
17981,aug_17981,1
17982,aug_17982,0
17983,aug_17983,0
17984,aug_17984,1
17985,aug_17985,0
17986,aug_17986,0
17987,aug_17987,1
17988,aug_17988,1
17989,aug_17989,0
17990,aug_17990,0
17991,aug_17991,0
17992,aug_17992,0
17993,aug_17993,0
17994,aug_17994,0
17995,aug_17995,0
17996,aug_17996,1
17997,aug_17997,0
17998,aug_17998,0
17999,aug_17999,0
18000,aug_18000,0
18001,aug_18001,0
18002,aug_18002,1
18003,aug_18003,1
18004,aug_18004,0
18005,aug_18005,0
18006,aug_18006,0
18007,aug_18007,1
18008,aug_18008,0
18009,aug_18009,0
18010,aug_18010,0
18011,aug_18011,0
18012,aug_18012,0
18013,aug_18013,1
18014,aug_18014,0
18015,aug_18015,0
18016,aug_18016,0
18017,aug_18017,0
18018,aug_18018,1
18019,aug_18019,0
18020,aug_18020,0
18021,aug_18021,0
18022,aug_18022,0
18023,aug_18023,0
18024,aug_18024,1
18025,aug_18025,1
18026,aug_18026,0
18027,aug_18027,1
18028,aug_18028,0
18029,aug_18029,1
18030,aug_18030,0
18031,aug_18031,0
18032,aug_18032,0
18033,aug_18033,1
18034,aug_18034,0
18035,aug_18035,0
18036,aug_18036,1
18037,aug_18037,0
18038,aug_18038,0
18039,aug_18039,1
18040,aug_18040,1
18041,aug_18041,0
18042,aug_18042,0
18043,aug_18043,1
18044,aug_18044,0
18045,aug_18045,0
18046,aug_18046,0
18047,aug_18047,0
18048,aug_18048,1
18049,aug_18049,0
18050,aug_18050,0
18051,aug_18051,1
18052,aug_18052,0
18053,aug_18053,1
18054,aug_18054,1
18055,aug_18055,0
18056,aug_18056,1
18057,aug_18057,0
18058,aug_18058,1
18059,aug_18059,1
18060,aug_18060,0
18061,aug_18061,0
18062,aug_18062,0
18063,aug_18063,1
18064,aug_18064,1
18065,aug_18065,0
18066,aug_18066,1
18067,aug_18067,0
18068,aug_18068,0
18069,aug_18069,0
18070,aug_18070,0
18071,aug_18071,1
18072,aug_18072,0
18073,aug_18073,0
18074,aug_18074,0
18075,aug_18075,0
18076,aug_18076,0
18077,aug_18077,1
18078,aug_18078,0
18079,aug_18079,0
18080,aug_18080,0
18081,aug_18081,0
18082,aug_18082,0
18083,aug_18083,1
18084,aug_18084,0
18085,aug_18085,0
18086,aug_18086,1
18087,aug_18087,1
18088,aug_18088,0
18089,aug_18089,0
18090,aug_18090,0
18091,aug_18091,0
18092,aug_18092,0
18093,aug_18093,0
18094,aug_18094,0
18095,aug_18095,1
18096,aug_18096,0
18097,aug_18097,0
18098,aug_18098,0
18099,aug_18099,0
18100,aug_18100,0
18101,aug_18101,1
18102,aug_18102,1
18103,aug_18103,0
18104,aug_18104,0
18105,aug_18105,0
18106,aug_18106,1
18107,aug_18107,0
18108,aug_18108,0
18109,aug_18109,0
18110,aug_18110,0
18111,aug_18111,0
18112,aug_18112,1
18113,aug_18113,0
18114,aug_18114,0
18115,aug_18115,0
18116,aug_18116,0
18117,aug_18117,1
18118,aug_18118,0
18119,aug_18119,0
18120,aug_18120,0
18121,aug_18121,0
18122,aug_18122,0
18123,aug_18123,1
18124,aug_18124,1
18125,aug_18125,0
18126,aug_18126,1
18127,aug_18127,0
18128,aug_18128,1
18129,aug_18129,0
18130,aug_18130,0
18131,aug_18131,0
18132,aug_18132,1
18133,aug_18133,0
18134,aug_18134,0
18135,aug_18135,1
18136,aug_18136,0
18137,aug_18137,0
18138,aug_18138,1
18139,aug_18139,1
18140,aug_18140,0
18141,aug_18141,0
18142,aug_18142,1
18143,aug_18143,0
18144,aug_18144,0
18145,aug_18145,0
18146,aug_18146,0
18147,aug_18147,1
18148,aug_18148,0
18149,aug_18149,0
18150,aug_18150,1
18151,aug_18151,0
18152,aug_18152,1
18153,aug_18153,1
18154,aug_18154,0
18155,aug_18155,1
18156,aug_18156,0
18157,aug_18157,1
18158,aug_18158,1
18159,aug_18159,0
18160,aug_18160,0
18161,aug_18161,0
18162,aug_18162,1
18163,aug_18163,1
18164,aug_18164,0
18165,aug_18165,1
18166,aug_18166,0
18167,aug_18167,0
18168,aug_18168,0
18169,aug_18169,0
18170,aug_18170,1
18171,aug_18171,0
18172,aug_18172,0
18173,aug_18173,0
18174,aug_18174,0
18175,aug_18175,0
18176,aug_18176,1
18177,aug_18177,0
18178,aug_18178,0
18179,aug_18179,0
18180,aug_18180,1
18181,aug_18181,0
18182,aug_18182,1
18183,aug_18183,1
18184,aug_18184,0
18185,aug_18185,0
18186,aug_18186,0
18187,aug_18187,0
18188,aug_18188,1
18189,aug_18189,0
18190,aug_18190,1
18191,aug_18191,1
18192,aug_18192,1
18193,aug_18193,1
18194,aug_18194,0
18195,aug_18195,0
18196,aug_18196,1
18197,aug_18197,1
18198,aug_18198,1
18199,aug_18199,0
18200,aug_18200,0
18201,aug_18201,0
18202,aug_18202,1
18203,aug_18203,1
18204,aug_18204,0
18205,aug_18205,0
18206,aug_18206,0
18207,aug_18207,1
18208,aug_18208,0
18209,aug_18209,0
18210,aug_18210,0
18211,aug_18211,1
18212,aug_18212,1
18213,aug_18213,1
18214,aug_18214,1
18215,aug_18215,1
18216,aug_18216,1
18217,aug_18217,1
18218,aug_18218,1
18219,aug_18219,0
18220,aug_18220,0
18221,aug_18221,1
18222,aug_18222,0
18223,aug_18223,0
18224,aug_18224,0
18225,aug_18225,1
18226,aug_18226,1
18227,aug_18227,1
18228,aug_18228,1
18229,aug_18229,0
18230,aug_18230,1
18231,aug_18231,1
18232,aug_18232,1
18233,aug_18233,0
18234,aug_18234,0
18235,aug_18235,1
18236,aug_18236,0
18237,aug_18237,1
18238,aug_18238,0
18239,aug_18239,1
18240,aug_18240,0
18241,aug_18241,1
18242,aug_18242,0
18243,aug_18243,1
18244,aug_18244,1
18245,aug_18245,1
18246,aug_18246,1
18247,aug_18247,1
18248,aug_18248,1
18249,aug_18249,1
18250,aug_18250,1
18251,aug_18251,0
18252,aug_18252,1
18253,aug_18253,0
18254,aug_18254,0
18255,aug_18255,0
18256,aug_18256,0
18257,aug_18257,1
18258,aug_18258,0
18259,aug_18259,1
18260,aug_18260,0
18261,aug_18261,0
18262,aug_18262,1
18263,aug_18263,1
18264,aug_18264,1
18265,aug_18265,0
18266,aug_18266,1
18267,aug_18267,1
18268,aug_18268,0
18269,aug_18269,1
18270,aug_18270,0
18271,aug_18271,1
18272,aug_18272,1
18273,aug_18273,1
18274,aug_18274,1
18275,aug_18275,1
18276,aug_18276,1
18277,aug_18277,1
18278,aug_18278,0
18279,aug_18279,0
18280,aug_18280,1
18281,aug_18281,0
18282,aug_18282,1
18283,aug_18283,1
18284,aug_18284,0
18285,aug_18285,0
18286,aug_18286,0
18287,aug_18287,0
18288,aug_18288,1
18289,aug_18289,0
18290,aug_18290,1
18291,aug_18291,1
18292,aug_18292,1
18293,aug_18293,1
18294,aug_18294,0
18295,aug_18295,0
18296,aug_18296,1
18297,aug_18297,1
18298,aug_18298,1
18299,aug_18299,0
18300,aug_18300,0
18301,aug_18301,0
18302,aug_18302,1
18303,aug_18303,1
18304,aug_18304,0
18305,aug_18305,0
18306,aug_18306,0
18307,aug_18307,1
18308,aug_18308,0
18309,aug_18309,0
18310,aug_18310,0
18311,aug_18311,1
18312,aug_18312,1
18313,aug_18313,1
18314,aug_18314,1
18315,aug_18315,1
18316,aug_18316,1
18317,aug_18317,1
18318,aug_18318,1
18319,aug_18319,0
18320,aug_18320,0
18321,aug_18321,1
18322,aug_18322,0
18323,aug_18323,0
18324,aug_18324,0
18325,aug_18325,1
18326,aug_18326,1
18327,aug_18327,1
18328,aug_18328,1
18329,aug_18329,0
18330,aug_18330,1
18331,aug_18331,1
18332,aug_18332,1
18333,aug_18333,0
18334,aug_18334,0
18335,aug_18335,1
18336,aug_18336,0
18337,aug_18337,1
18338,aug_18338,0
18339,aug_18339,1
18340,aug_18340,0
18341,aug_18341,1
18342,aug_18342,0
18343,aug_18343,1
18344,aug_18344,1
18345,aug_18345,1
18346,aug_18346,1
18347,aug_18347,1
18348,aug_18348,1
18349,aug_18349,1
18350,aug_18350,1
18351,aug_18351,0
18352,aug_18352,1
18353,aug_18353,0
18354,aug_18354,0
18355,aug_18355,0
18356,aug_18356,0
18357,aug_18357,1
18358,aug_18358,0
18359,aug_18359,1
18360,aug_18360,0
18361,aug_18361,0
